time,vehicle_id,scenario,position_x,position_z,speed,lane_id,behavior_state,lateral_error,heading_error,target_speed,collision_risk,ttc,event_type
0.0,pure_pursuit_40,lka_test,0.0,0.0,11.1111,curve_0,LaneKeeping,0.0,0.8185,11.1111,0.0,,
0.02,pure_pursuit_40,lka_test,0.0005,0.2222,11.1111,curve_0,LaneKeeping,-0.0027,0.6893,11.1111,0.0,,
0.04,pure_pursuit_40,lka_test,0.0015,0.4444,11.1111,curve_0,LaneKeeping,-0.0049,0.5646,11.1111,0.0,,
0.06,pure_pursuit_40,lka_test,0.0029,0.6667,11.1111,curve_0,LaneKeeping,-0.0066,0.4442,11.1111,0.0,,
0.08,pure_pursuit_40,lka_test,0.0048,0.8889,11.1111,curve_0,LaneKeeping,-0.0079,0.3278,11.1111,0.0,,
0.1,pure_pursuit_40,lka_test,0.0072,1.1111,11.1111,curve_0,LaneKeeping,-0.0087,0.2154,11.1111,0.0,,
0.12,pure_pursuit_40,lka_test,0.0099,1.3333,11.1111,curve_0,LaneKeeping,-0.0091,0.1068,11.1111,0.0,,
0.14,pure_pursuit_40,lka_test,0.0131,1.5555,11.1111,curve_0,LaneKeeping,-0.0091,0.0017,11.1111,0.0,,
0.16,pure_pursuit_40,lka_test,0.0167,1.7777,11.1111,curve_0,LaneKeeping,-0.0087,-0.1,11.1111,0.0,,
0.18,pure_pursuit_40,lka_test,0.0206,1.9999,11.1111,curve_0,LaneKeeping,0.0492,1.4386,11.1111,0.0,,
0.2,pure_pursuit_40,lka_test,0.0249,2.222,11.1111,curve_0,LaneKeeping,0.044,1.3432,11.1111,0.0,,
0.22,pure_pursuit_40,lka_test,0.0296,2.4442,11.1111,curve_0,LaneKeeping,0.0391,1.2509,11.1111,0.0,,
0.24,pure_pursuit_40,lka_test,0.0346,2.6664,11.1111,curve_0,LaneKeeping,0.0346,1.1613,11.1111,0.0,,
0.26,pure_pursuit_40,lka_test,0.04,2.8885,11.1111,curve_0,LaneKeeping,0.0304,1.0745,11.1111,0.0,,
0.28,pure_pursuit_40,lka_test,0.0457,3.1107,11.1111,curve_0,LaneKeeping,0.0266,0.9902,11.1111,0.0,,
0.3,pure_pursuit_40,lka_test,0.0517,3.3328,11.1111,curve_0,LaneKeeping,0.0231,0.9083,11.1111,0.0,,
0.32,pure_pursuit_40,lka_test,0.058,3.555,11.1111,curve_0,LaneKeeping,0.0199,0.8288,11.1111,0.0,,
0.34,pure_pursuit_40,lka_test,0.0647,3.7771,11.1111,curve_0,LaneKeeping,0.0171,0.7069,11.1111,0.0,,
0.36,pure_pursuit_40,lka_test,0.072,3.9992,11.1111,curve_0,LaneKeeping,0.0148,0.5894,11.1111,0.0,,
0.38,pure_pursuit_40,lka_test,0.0797,4.2213,11.1111,curve_0,LaneKeeping,0.013,0.476,11.1111,0.0,,
0.4,pure_pursuit_40,lka_test,0.0878,4.4434,11.1111,curve_0,LaneKeeping,0.0116,0.3665,11.1111,0.0,,
0.42,pure_pursuit_40,lka_test,0.0963,4.6654,11.1111,curve_0,LaneKeeping,0.0106,0.2608,11.1111,0.0,,
0.44,pure_pursuit_40,lka_test,0.1052,4.8875,11.1111,curve_0,LaneKeeping,0.0099,0.1586,11.1111,0.0,,
0.46,pure_pursuit_40,lka_test,0.1145,5.1095,11.1111,curve_0,LaneKeeping,0.0097,0.0599,11.1111,0.0,,
0.48,pure_pursuit_40,lka_test,0.1241,5.3315,11.1111,curve_0,LaneKeeping,0.0099,-0.0355,11.1111,0.0,,
0.5,pure_pursuit_40,lka_test,0.1341,5.5535,11.1111,curve_0,LaneKeeping,0.0103,-0.1277,11.1111,0.0,,
0.52,pure_pursuit_40,lka_test,0.1445,5.7755,11.1111,curve_0,LaneKeeping,0.0112,-0.217,11.1111,0.0,,
0.54,pure_pursuit_40,lka_test,0.1552,5.9974,11.1111,curve_0,LaneKeeping,0.0695,1.3336,11.1111,0.0,,
0.56,pure_pursuit_40,lka_test,0.1662,6.2194,11.1111,curve_0,LaneKeeping,0.0646,1.2499,11.1111,0.0,,
0.58,pure_pursuit_40,lka_test,0.1776,6.4413,11.1111,curve_0,LaneKeeping,0.0601,1.1688,11.1111,0.0,,
0.6,pure_pursuit_40,lka_test,0.1892,6.6632,11.1111,curve_0,LaneKeeping,0.0559,1.0902,11.1111,0.0,,
0.62,pure_pursuit_40,lka_test,0.2011,6.8851,11.1111,curve_0,LaneKeeping,0.0519,1.014,11.1111,0.0,,
0.64,pure_pursuit_40,lka_test,0.2133,7.107,11.1111,curve_0,LaneKeeping,0.0483,0.94,11.1111,0.0,,
0.66,pure_pursuit_40,lka_test,0.2258,7.3289,11.1111,curve_0,LaneKeeping,0.0449,0.8681,11.1111,0.0,,
0.68,pure_pursuit_40,lka_test,0.2386,7.5508,11.1111,curve_0,LaneKeeping,0.0418,0.7983,11.1111,0.0,,
0.7,pure_pursuit_40,lka_test,0.2518,7.7726,11.1111,curve_0,LaneKeeping,0.0392,0.6834,11.1111,0.0,,
0.72,pure_pursuit_40,lka_test,0.2655,7.9944,11.1111,curve_0,LaneKeeping,0.037,0.5725,11.1111,0.0,,
0.74,pure_pursuit_40,lka_test,0.2795,8.2162,11.1111,curve_0,LaneKeeping,0.0352,0.4655,11.1111,0.0,,
0.76,pure_pursuit_40,lka_test,0.294,8.4379,11.1111,curve_0,LaneKeeping,0.0338,0.3622,11.1111,0.0,,
0.78,pure_pursuit_40,lka_test,0.3088,8.6596,11.1111,curve_0,LaneKeeping,0.0327,0.2625,11.1111,0.0,,
0.8,pure_pursuit_40,lka_test,0.3241,8.8813,11.1111,curve_0,LaneKeeping,0.0321,0.1662,11.1111,0.0,,
0.82,pure_pursuit_40,lka_test,0.3396,9.103,11.1111,curve_0,LaneKeeping,0.0318,0.0731,11.1111,0.0,,
0.84,pure_pursuit_40,lka_test,0.3556,9.3247,11.1111,curve_0,LaneKeeping,0.0319,-0.0169,11.1111,0.0,,
0.86,pure_pursuit_40,lka_test,0.3718,9.5463,11.1111,curve_0,LaneKeeping,0.0323,-0.1039,11.1111,0.0,,
0.88,pure_pursuit_40,lka_test,0.3884,9.7679,11.1111,curve_0,LaneKeeping,0.033,-0.1881,11.1111,0.0,,
0.9,pure_pursuit_40,lka_test,0.4053,9.9895,11.1111,curve_0,LaneKeeping,0.0911,1.3674,11.1111,0.0,,
0.92,pure_pursuit_40,lka_test,0.4225,10.211,11.1111,curve_0,LaneKeeping,0.0861,1.2884,11.1111,0.0,,
0.94,pure_pursuit_40,lka_test,0.44,10.4326,11.1111,curve_0,LaneKeeping,0.0814,1.212,11.1111,0.0,,
0.96,pure_pursuit_40,lka_test,0.4578,10.6541,11.1111,curve_0,LaneKeeping,0.077,1.1378,11.1111,0.0,,
0.98,pure_pursuit_40,lka_test,0.4759,10.8756,11.1111,curve_0,LaneKeeping,0.0729,1.0659,11.1111,0.0,,
1.0,pure_pursuit_40,lka_test,0.4942,11.097,11.1111,curve_0,LaneKeeping,0.069,0.9961,11.1111,0.0,,
1.02,pure_pursuit_40,lka_test,0.5128,11.3185,11.1111,curve_0,LaneKeeping,0.0654,0.9283,11.1111,0.0,,
1.04,pure_pursuit_40,lka_test,0.5317,11.5399,11.1111,curve_0,LaneKeeping,0.0621,0.8625,11.1111,0.0,,
1.06,pure_pursuit_40,lka_test,0.551,11.7613,11.1111,curve_0,LaneKeeping,0.0592,0.749,11.1111,0.0,,
1.08,pure_pursuit_40,lka_test,0.5707,11.9826,11.1111,curve_0,LaneKeeping,0.0567,0.6396,11.1111,0.0,,
1.1,pure_pursuit_40,lka_test,0.5908,12.2039,11.1111,curve_0,LaneKeeping,0.0546,0.5341,11.1111,0.0,,
1.12,pure_pursuit_40,lka_test,0.6113,12.4252,11.1111,curve_0,LaneKeeping,0.0529,0.4322,11.1111,0.0,,
1.14,pure_pursuit_40,lka_test,0.6322,12.6464,11.1111,curve_0,LaneKeeping,0.0517,0.3337,11.1111,0.0,,
1.16,pure_pursuit_40,lka_test,0.6535,12.8676,11.1111,curve_0,LaneKeeping,0.0507,0.2387,11.1111,0.0,,
1.18,pure_pursuit_40,lka_test,0.6751,13.0888,11.1111,curve_0,LaneKeeping,0.0502,0.1468,11.1111,0.0,,
1.2,pure_pursuit_40,lka_test,0.6971,13.3099,11.1111,curve_0,LaneKeeping,0.0499,0.058,11.1111,0.0,,
1.22,pure_pursuit_40,lka_test,0.7193,13.531,11.1111,curve_0,LaneKeeping,0.05,-0.0278,11.1111,0.0,,
1.24,pure_pursuit_40,lka_test,0.742,13.7521,11.1111,curve_0,LaneKeeping,0.0505,-0.1109,11.1111,0.0,,
1.26,pure_pursuit_40,lka_test,0.7649,13.9731,11.1111,curve_0,LaneKeeping,0.1082,1.4456,11.1111,0.0,,
1.28,pure_pursuit_40,lka_test,0.7881,14.1941,11.1111,curve_0,LaneKeeping,0.1029,1.3677,11.1111,0.0,,
1.3,pure_pursuit_40,lka_test,0.8116,14.4151,11.1111,curve_0,LaneKeeping,0.0979,1.2923,11.1111,0.0,,
1.32,pure_pursuit_40,lka_test,0.8354,14.6361,11.1111,curve_0,LaneKeeping,0.0932,1.2191,11.1111,0.0,,
1.34,pure_pursuit_40,lka_test,0.8595,14.857,11.1111,curve_0,LaneKeeping,0.0887,1.1481,11.1111,0.0,,
1.36,pure_pursuit_40,lka_test,0.8838,15.0779,11.1111,curve_0,LaneKeeping,0.0846,1.0793,11.1111,0.0,,
1.38,pure_pursuit_40,lka_test,0.9084,15.2987,11.1111,curve_0,LaneKeeping,0.0806,1.0124,11.1111,0.0,,
1.4,pure_pursuit_40,lka_test,0.9333,15.5196,11.1111,curve_0,LaneKeeping,0.077,0.9474,11.1111,0.0,,
1.42,pure_pursuit_40,lka_test,0.9586,15.7403,11.1111,curve_0,LaneKeeping,0.0737,0.8331,11.1111,0.0,,
1.44,pure_pursuit_40,lka_test,0.9843,15.9611,11.1111,curve_0,LaneKeeping,0.0709,0.7228,11.1111,0.0,,
1.46,pure_pursuit_40,lka_test,1.0104,16.1817,11.1111,curve_0,LaneKeeping,0.0685,0.6164,11.1111,0.0,,
1.48,pure_pursuit_40,lka_test,1.0369,16.4024,11.1111,curve_0,LaneKeeping,0.0665,0.5138,11.1111,0.0,,
1.5,pure_pursuit_40,lka_test,1.0638,16.623,11.1111,curve_0,LaneKeeping,0.0649,0.4146,11.1111,0.0,,
1.52,pure_pursuit_40,lka_test,1.0911,16.8435,11.1111,curve_0,LaneKeeping,0.0637,0.3188,11.1111,0.0,,
1.54,pure_pursuit_40,lka_test,1.1187,17.064,11.1111,curve_0,LaneKeeping,0.0628,0.2262,11.1111,0.0,,
1.56,pure_pursuit_40,lka_test,1.1467,17.2845,11.1111,curve_0,LaneKeeping,0.0623,0.1367,11.1111,0.0,,
1.58,pure_pursuit_40,lka_test,1.175,17.5049,11.1111,curve_0,LaneKeeping,0.0621,0.0502,11.1111,0.0,,
1.6,pure_pursuit_40,lka_test,1.2036,17.7252,11.1111,curve_0,LaneKeeping,0.0622,-0.0335,11.1111,0.0,,
1.62,pure_pursuit_40,lka_test,1.2325,17.9456,11.1111,curve_0,LaneKeeping,0.1196,1.5224,11.1111,0.0,,
1.64,pure_pursuit_40,lka_test,1.2617,18.1659,11.1111,curve_0,LaneKeeping,0.114,1.4439,11.1111,0.0,,
1.66,pure_pursuit_40,lka_test,1.2913,18.3861,11.1111,curve_0,LaneKeeping,0.1087,1.3679,11.1111,0.0,,
1.68,pure_pursuit_40,lka_test,1.3211,18.6063,11.1111,curve_0,LaneKeeping,0.1037,1.2941,11.1111,0.0,,
1.7,pure_pursuit_40,lka_test,1.3512,18.8265,11.1111,curve_0,LaneKeeping,0.099,1.2226,11.1111,0.0,,
1.72,pure_pursuit_40,lka_test,1.3815,19.0467,11.1111,curve_0,LaneKeeping,0.0945,1.1532,11.1111,0.0,,
1.74,pure_pursuit_40,lka_test,1.4121,19.2668,11.1111,curve_0,LaneKeeping,0.0903,1.0858,11.1111,0.0,,
1.76,pure_pursuit_40,lka_test,1.443,19.4868,11.1111,curve_0,LaneKeeping,0.0863,1.0203,11.1111,0.0,,
1.78,pure_pursuit_40,lka_test,1.4743,19.7068,11.1111,curve_0,LaneKeeping,0.0828,0.9044,11.1111,0.0,,
1.8,pure_pursuit_40,lka_test,1.506,19.9268,11.1111,curve_0,LaneKeeping,0.0797,0.7927,11.1111,0.0,,
1.82,pure_pursuit_40,lka_test,1.5382,20.1467,11.1111,curve_0,LaneKeeping,0.0771,0.6848,11.1111,0.0,,
1.84,pure_pursuit_40,lka_test,1.5707,20.3665,11.1111,curve_0,LaneKeeping,0.0748,0.5807,11.1111,0.0,,
1.86,pure_pursuit_40,lka_test,1.6037,20.5863,11.1111,curve_0,LaneKeeping,0.073,0.4802,11.1111,0.0,,
1.88,pure_pursuit_40,lka_test,1.637,20.806,11.1111,curve_0,LaneKeeping,0.0715,0.383,11.1111,0.0,,
1.9,pure_pursuit_40,lka_test,1.6707,21.0256,11.1111,curve_0,LaneKeeping,0.0704,0.2892,11.1111,0.0,,
1.92,pure_pursuit_40,lka_test,1.7047,21.2452,11.1111,curve_0,LaneKeeping,0.0696,0.1985,11.1111,0.0,,
1.94,pure_pursuit_40,lka_test,1.739,21.4648,11.1111,curve_0,LaneKeeping,0.0692,0.1107,11.1111,0.0,,
1.96,pure_pursuit_40,lka_test,1.7737,21.6843,11.1111,curve_0,LaneKeeping,0.0691,0.0258,11.1111,0.0,,
1.98,pure_pursuit_40,lka_test,1.8087,21.9037,11.1111,curve_0,LaneKeeping,0.1262,1.5807,11.1111,0.0,,
2.0,pure_pursuit_40,lka_test,1.844,22.1231,11.1111,curve_0,LaneKeeping,0.1204,1.5011,11.1111,0.0,,
2.02,pure_pursuit_40,lka_test,1.8796,22.3425,11.1111,curve_0,LaneKeeping,0.1148,1.424,11.1111,0.0,,
2.04,pure_pursuit_40,lka_test,1.9155,22.5618,11.1111,curve_0,LaneKeeping,0.1096,1.3492,11.1111,0.0,,
2.06,pure_pursuit_40,lka_test,1.9516,22.781,11.1111,curve_0,LaneKeeping,0.1046,1.2767,11.1111,0.0,,
2.08,pure_pursuit_40,lka_test,1.9881,23.0003,11.1111,curve_0,LaneKeeping,0.1,1.2063,11.1111,0.0,,
2.1,pure_pursuit_40,lka_test,2.0247,23.2194,11.1111,curve_0,LaneKeeping,0.0956,1.138,11.1111,0.0,,
2.12,pure_pursuit_40,lka_test,2.0617,23.4386,11.1111,curve_0,LaneKeeping,0.0914,1.0716,11.1111,0.0,,
2.14,pure_pursuit_40,lka_test,2.0991,23.6576,11.1111,curve_0,LaneKeeping,0.0877,0.9542,11.1111,0.0,,
2.16,pure_pursuit_40,lka_test,2.1369,23.8766,11.1111,curve_0,LaneKeeping,0.0844,0.841,11.1111,0.0,,
2.18,pure_pursuit_40,lka_test,2.1751,24.0955,11.1111,curve_0,LaneKeeping,0.0816,0.7318,11.1111,0.0,,
2.2,pure_pursuit_40,lka_test,2.2138,24.3143,11.1111,curve_0,LaneKeeping,0.0792,0.6264,11.1111,0.0,,
2.22,pure_pursuit_40,lka_test,2.2528,24.5331,11.1111,curve_0,LaneKeeping,0.0771,0.5245,11.1111,0.0,,
2.24,pure_pursuit_40,lka_test,2.2922,24.7518,11.1111,curve_0,LaneKeeping,0.0755,0.4262,11.1111,0.0,,
2.26,pure_pursuit_40,lka_test,2.332,24.9704,11.1111,curve_0,LaneKeeping,0.0742,0.3311,11.1111,0.0,,
2.28,pure_pursuit_40,lka_test,2.3721,25.189,11.1111,curve_0,LaneKeeping,0.0733,0.2393,11.1111,0.0,,
2.3,pure_pursuit_40,lka_test,2.4126,25.4075,11.1111,curve_0,LaneKeeping,0.0727,0.1504,11.1111,0.0,,
2.32,pure_pursuit_40,lka_test,2.4534,25.626,11.1111,curve_0,LaneKeeping,0.0724,0.0644,11.1111,0.0,,
2.34,pure_pursuit_40,lka_test,2.4945,25.8444,11.1111,curve_0,LaneKeeping,0.1293,1.6182,11.1111,0.0,,
2.36,pure_pursuit_40,lka_test,2.5359,26.0627,11.1111,curve_0,LaneKeeping,0.1234,1.5376,11.1111,0.0,,
2.38,pure_pursuit_40,lka_test,2.5776,26.281,11.1111,curve_0,LaneKeeping,0.1177,1.4595,11.1111,0.0,,
2.4,pure_pursuit_40,lka_test,2.6196,26.4992,11.1111,curve_0,LaneKeeping,0.1123,1.3838,11.1111,0.0,,
2.42,pure_pursuit_40,lka_test,2.6619,26.7173,11.1111,curve_0,LaneKeeping,0.1073,1.3103,11.1111,0.0,,
2.44,pure_pursuit_40,lka_test,2.7044,26.9355,11.1111,curve_0,LaneKeeping,0.1025,1.239,11.1111,0.0,,
2.46,pure_pursuit_40,lka_test,2.7472,27.1535,11.1111,curve_0,LaneKeeping,0.0979,1.1698,11.1111,0.0,,
2.48,pure_pursuit_40,lka_test,2.7903,27.3715,11.1111,curve_0,LaneKeeping,0.0936,1.1026,11.1111,0.0,,
2.5,pure_pursuit_40,lka_test,2.8338,27.5894,11.1111,curve_0,LaneKeeping,0.0898,0.9841,11.1111,0.0,,
2.52,pure_pursuit_40,lka_test,2.8778,27.8073,11.1111,curve_0,LaneKeeping,0.0865,0.8699,11.1111,0.0,,
2.54,pure_pursuit_40,lka_test,2.9221,28.025,11.1111,curve_0,LaneKeeping,0.0835,0.7596,11.1111,0.0,,
2.56,pure_pursuit_40,lka_test,2.9669,28.2427,11.1111,curve_0,LaneKeeping,0.081,0.6532,11.1111,0.0,,
2.58,pure_pursuit_40,lka_test,3.0121,28.4603,11.1111,curve_0,LaneKeeping,0.0788,0.5504,11.1111,0.0,,
2.6,pure_pursuit_40,lka_test,3.0576,28.6778,11.1111,curve_0,LaneKeeping,0.0771,0.4511,11.1111,0.0,,
2.62,pure_pursuit_40,lka_test,3.1035,28.8952,11.1111,curve_0,LaneKeeping,0.0757,0.3552,11.1111,0.0,,
2.64,pure_pursuit_40,lka_test,3.1498,29.1126,11.1111,curve_0,LaneKeeping,0.0747,0.2625,11.1111,0.0,,
2.66,pure_pursuit_40,lka_test,3.1964,29.3298,11.1111,curve_0,LaneKeeping,0.074,0.1728,11.1111,0.0,,
2.68,pure_pursuit_40,lka_test,3.2433,29.547,11.1111,curve_0,LaneKeeping,0.0737,0.086,11.1111,0.0,,
2.7,pure_pursuit_40,lka_test,3.2906,29.7642,11.1111,curve_0,LaneKeeping,0.1304,1.639,11.1111,0.0,,
2.72,pure_pursuit_40,lka_test,3.3381,29.9813,11.1111,curve_0,LaneKeeping,0.1244,1.5576,11.1111,0.0,,
2.74,pure_pursuit_40,lka_test,3.386,30.1983,11.1111,curve_0,LaneKeeping,0.1187,1.4788,11.1111,0.0,,
2.76,pure_pursuit_40,lka_test,3.4341,30.4152,11.1111,curve_0,LaneKeeping,0.1132,1.4023,11.1111,0.0,,
2.78,pure_pursuit_40,lka_test,3.4825,30.6321,11.1111,curve_0,LaneKeeping,0.1081,1.3282,11.1111,0.0,,
2.8,pure_pursuit_40,lka_test,3.5312,30.8489,11.1111,curve_0,LaneKeeping,0.1032,1.2562,11.1111,0.0,,
2.82,pure_pursuit_40,lka_test,3.5802,31.0657,11.1111,curve_0,LaneKeeping,0.0986,1.1864,11.1111,0.0,,
2.84,pure_pursuit_40,lka_test,3.6294,31.2824,11.1111,curve_0,LaneKeeping,0.0943,1.1185,11.1111,0.0,,
2.86,pure_pursuit_40,lka_test,3.6791,31.499,11.1111,curve_0,LaneKeeping,0.0904,0.9993,11.1111,0.0,,
2.88,pure_pursuit_40,lka_test,3.7292,31.7155,11.1111,curve_0,LaneKeeping,0.087,0.8844,11.1111,0.0,,
2.9,pure_pursuit_40,lka_test,3.7797,31.9319,11.1111,curve_0,LaneKeeping,0.084,0.7735,11.1111,0.0,,
2.92,pure_pursuit_40,lka_test,3.8306,32.1482,11.1111,curve_0,LaneKeeping,0.0814,0.6664,11.1111,0.0,,
2.94,pure_pursuit_40,lka_test,3.882,32.3644,11.1111,curve_0,LaneKeeping,0.0792,0.5631,11.1111,0.0,,
2.96,pure_pursuit_40,lka_test,3.9337,32.5805,11.1111,curve_0,LaneKeeping,0.0774,0.4632,11.1111,0.0,,
2.98,pure_pursuit_40,lka_test,3.9857,32.7966,11.1111,curve_0,LaneKeeping,0.076,0.3667,11.1111,0.0,,
3.0,pure_pursuit_40,lka_test,4.0381,33.0125,11.1111,curve_0,LaneKeeping,0.0749,0.2734,11.1111,0.0,,
3.02,pure_pursuit_40,lka_test,4.0909,33.2284,11.1111,curve_0,LaneKeeping,0.0742,0.1832,11.1111,0.0,,
3.04,pure_pursuit_40,lka_test,4.144,33.4442,11.1111,curve_0,LaneKeeping,0.0738,0.0959,11.1111,0.0,,
3.06,pure_pursuit_40,lka_test,4.1974,33.6599,11.1111,curve_0,LaneKeeping,0.1305,1.6484,11.1111,0.0,,
3.08,pure_pursuit_40,lka_test,4.2511,33.8755,11.1111,curve_0,LaneKeeping,0.1244,1.5665,11.1111,0.0,,
3.1,pure_pursuit_40,lka_test,4.3051,34.0911,11.1111,curve_0,LaneKeeping,0.1186,1.4872,11.1111,0.0,,
3.12,pure_pursuit_40,lka_test,4.3594,34.3066,11.1111,curve_0,LaneKeeping,0.1132,1.4103,11.1111,0.0,,
3.14,pure_pursuit_40,lka_test,4.4139,34.522,11.1111,curve_0,LaneKeeping,0.108,1.3357,11.1111,0.0,,
3.16,pure_pursuit_40,lka_test,4.4688,34.7373,11.1111,curve_0,LaneKeeping,0.1031,1.2634,11.1111,0.0,,
3.18,pure_pursuit_40,lka_test,4.5239,34.9526,11.1111,curve_0,LaneKeeping,0.0984,1.1931,11.1111,0.0,,
3.2,pure_pursuit_40,lka_test,4.5792,35.1678,11.1111,curve_0,LaneKeeping,0.0941,1.1248,11.1111,0.0,,
3.22,pure_pursuit_40,lka_test,4.6351,35.3829,11.1111,curve_0,LaneKeeping,0.0902,1.0052,11.1111,0.0,,
3.24,pure_pursuit_40,lka_test,4.6913,35.5979,11.1111,curve_0,LaneKeeping,0.0867,0.8899,11.1111,0.0,,
3.26,pure_pursuit_40,lka_test,4.748,35.8128,11.1111,curve_0,LaneKeeping,0.0837,0.7787,11.1111,0.0,,
3.28,pure_pursuit_40,lka_test,4.805,36.0276,11.1111,curve_0,LaneKeeping,0.0811,0.6713,11.1111,0.0,,
3.3,pure_pursuit_40,lka_test,4.8625,36.2422,11.1111,curve_0,LaneKeeping,0.0789,0.5675,11.1111,0.0,,
3.32,pure_pursuit_40,lka_test,4.9203,36.4568,11.1111,curve_0,LaneKeeping,0.0771,0.4673,11.1111,0.0,,
3.34,pure_pursuit_40,lka_test,4.9785,36.6713,11.1111,curve_0,LaneKeeping,0.0757,0.3705,11.1111,0.0,,
3.36,pure_pursuit_40,lka_test,5.0371,36.8856,11.1111,curve_0,LaneKeeping,0.0746,0.2769,11.1111,0.0,,
3.38,pure_pursuit_40,lka_test,5.0959,37.0999,11.1111,curve_0,LaneKeeping,0.0739,0.1864,11.1111,0.0,,
3.4,pure_pursuit_40,lka_test,5.1552,37.3141,11.1111,curve_0,LaneKeeping,0.0735,0.0988,11.1111,0.0,,
3.42,pure_pursuit_40,lka_test,5.2147,37.5282,11.1111,curve_0,LaneKeeping,0.13,1.651,11.1111,0.0,,
3.44,pure_pursuit_40,lka_test,5.2745,37.7422,11.1111,curve_0,LaneKeeping,0.124,1.5689,11.1111,0.0,,
3.46,pure_pursuit_40,lka_test,5.3346,37.9562,11.1111,curve_0,LaneKeeping,0.1182,1.4893,11.1111,0.0,,
3.48,pure_pursuit_40,lka_test,5.3951,38.17,11.1111,curve_0,LaneKeeping,0.1127,1.4122,11.1111,0.0,,
3.5,pure_pursuit_40,lka_test,5.4558,38.3838,11.1111,curve_0,LaneKeeping,0.1075,1.3374,11.1111,0.0,,
3.52,pure_pursuit_40,lka_test,5.5167,38.5975,11.1111,curve_0,LaneKeeping,0.1026,1.2648,11.1111,0.0,,
3.54,pure_pursuit_40,lka_test,5.578,38.8111,11.1111,curve_0,LaneKeeping,0.098,1.1942,11.1111,0.0,,
3.56,pure_pursuit_40,lka_test,5.6395,39.0246,11.1111,curve_0,LaneKeeping,0.0936,1.1257,11.1111,0.0,,
3.58,pure_pursuit_40,lka_test,5.7014,39.2381,11.1111,curve_0,LaneKeeping,0.0897,1.006,11.1111,0.0,,
3.6,pure_pursuit_40,lka_test,5.7638,39.4514,11.1111,curve_0,LaneKeeping,0.0863,0.8905,11.1111,0.0,,
3.62,pure_pursuit_40,lka_test,5.8265,39.6645,11.1111,curve_0,LaneKeeping,0.0832,0.7791,11.1111,0.0,,
3.64,pure_pursuit_40,lka_test,5.8897,39.8776,11.1111,curve_0,LaneKeeping,0.0806,0.6715,11.1111,0.0,,
3.66,pure_pursuit_40,lka_test,5.9533,40.0905,11.1111,curve_0,LaneKeeping,0.0784,0.5677,11.1111,0.0,,
3.68,pure_pursuit_40,lka_test,6.0172,40.3033,11.1111,curve_0,LaneKeeping,0.0766,0.4673,11.1111,0.0,,
3.7,pure_pursuit_40,lka_test,6.0815,40.5161,11.1111,curve_0,LaneKeeping,0.0752,0.3703,11.1111,0.0,,
3.72,pure_pursuit_40,lka_test,6.1462,40.7287,11.1111,curve_0,LaneKeeping,0.0741,0.2766,11.1111,0.0,,
3.74,pure_pursuit_40,lka_test,6.2111,40.9412,11.1111,curve_0,LaneKeeping,0.0734,0.1859,11.1111,0.0,,
3.76,pure_pursuit_40,lka_test,6.2764,41.1536,11.1111,curve_0,LaneKeeping,0.073,0.0982,11.1111,0.0,,
3.78,pure_pursuit_40,lka_test,6.3421,41.3659,11.1111,curve_0,LaneKeeping,0.1295,1.6503,11.1111,0.0,,
3.8,pure_pursuit_40,lka_test,6.408,41.5781,11.1111,curve_0,LaneKeeping,0.1234,1.5681,11.1111,0.0,,
3.82,pure_pursuit_40,lka_test,6.4742,41.7902,11.1111,curve_0,LaneKeeping,0.1176,1.4884,11.1111,0.0,,
3.84,pure_pursuit_40,lka_test,6.5407,42.0023,11.1111,curve_0,LaneKeeping,0.1122,1.4111,11.1111,0.0,,
3.86,pure_pursuit_40,lka_test,6.6075,42.2142,11.1111,curve_0,LaneKeeping,0.107,1.3362,11.1111,0.0,,
3.88,pure_pursuit_40,lka_test,6.6746,42.4261,11.1111,curve_0,LaneKeeping,0.1021,1.2634,11.1111,0.0,,
3.9,pure_pursuit_40,lka_test,6.7419,42.6379,11.1111,curve_0,LaneKeeping,0.0975,1.1928,11.1111,0.0,,
3.92,pure_pursuit_40,lka_test,6.8094,42.8496,11.1111,curve_0,LaneKeeping,0.0931,1.1242,11.1111,0.0,,
3.94,pure_pursuit_40,lka_test,6.8775,43.0611,11.1111,curve_0,LaneKeeping,0.0892,1.0044,11.1111,0.0,,
3.96,pure_pursuit_40,lka_test,6.9459,43.2726,11.1111,curve_0,LaneKeeping,0.0858,0.8889,11.1111,0.0,,
3.98,pure_pursuit_40,lka_test,7.0147,43.4838,11.1111,curve_0,LaneKeeping,0.0827,0.7774,11.1111,0.0,,
4.0,pure_pursuit_40,lka_test,7.084,43.695,11.1111,curve_0,LaneKeeping,0.0801,0.6698,11.1111,0.0,,
4.02,pure_pursuit_40,lka_test,7.1536,43.906,11.1111,curve_0,LaneKeeping,0.078,0.5659,11.1111,0.0,,
4.04,pure_pursuit_40,lka_test,7.2236,44.1169,11.1111,curve_0,LaneKeeping,0.0761,0.4655,11.1111,0.0,,
4.06,pure_pursuit_40,lka_test,7.294,44.3277,11.1111,curve_0,LaneKeeping,0.0747,0.3685,11.1111,0.0,,
4.08,pure_pursuit_40,lka_test,7.3647,44.5384,11.1111,curve_0,LaneKeeping,0.0737,0.2747,11.1111,0.0,,
4.1,pure_pursuit_40,lka_test,7.4357,44.749,11.1111,curve_0,LaneKeeping,0.0729,0.184,11.1111,0.0,,
4.12,pure_pursuit_40,lka_test,7.5071,44.9594,11.1111,curve_0,LaneKeeping,0.0726,0.0962,11.1111,0.0,,
4.14,pure_pursuit_40,lka_test,7.5787,45.1698,11.1111,curve_0,LaneKeeping,0.129,1.6482,11.1111,0.0,,
4.16,pure_pursuit_40,lka_test,7.6507,45.38,11.1111,curve_0,LaneKeeping,0.1229,1.566,11.1111,0.0,,
4.18,pure_pursuit_40,lka_test,7.723,45.5902,11.1111,curve_0,LaneKeeping,0.1172,1.4862,11.1111,0.0,,
4.2,pure_pursuit_40,lka_test,7.7955,45.8002,11.1111,curve_0,LaneKeeping,0.1117,1.4089,11.1111,0.0,,
4.22,pure_pursuit_40,lka_test,7.8683,46.0102,11.1111,curve_0,LaneKeeping,0.1065,1.3339,11.1111,0.0,,
4.24,pure_pursuit_40,lka_test,7.9414,46.22,11.1111,curve_0,LaneKeeping,0.1016,1.2612,11.1111,0.0,,
4.26,pure_pursuit_40,lka_test,8.0148,46.4298,11.1111,curve_0,LaneKeeping,0.097,1.1905,11.1111,0.0,,
4.28,pure_pursuit_40,lka_test,8.0884,46.6395,11.1111,curve_0,LaneKeeping,0.0927,1.1218,11.1111,0.0,,
4.3,pure_pursuit_40,lka_test,8.1624,46.849,11.1111,curve_0,LaneKeeping,0.0888,1.0021,11.1111,0.0,,
4.32,pure_pursuit_40,lka_test,8.2369,47.0584,11.1111,curve_0,LaneKeeping,0.0853,0.8865,11.1111,0.0,,
4.34,pure_pursuit_40,lka_test,8.3117,47.2676,11.1111,curve_0,LaneKeeping,0.0823,0.7751,11.1111,0.0,,
4.36,pure_pursuit_40,lka_test,8.387,47.4767,11.1111,curve_0,LaneKeeping,0.0797,0.6674,11.1111,0.0,,
4.38,pure_pursuit_40,lka_test,8.4626,47.6857,11.1111,curve_0,LaneKeeping,0.0776,0.5635,11.1111,0.0,,
4.4,pure_pursuit_40,lka_test,8.5386,47.8945,11.1111,curve_0,LaneKeeping,0.0758,0.4631,11.1111,0.0,,
4.42,pure_pursuit_40,lka_test,8.615,48.1032,11.1111,curve_0,LaneKeeping,0.0743,0.3661,11.1111,0.0,,
4.44,pure_pursuit_40,lka_test,8.6917,48.3117,11.1111,curve_0,LaneKeeping,0.0733,0.2723,11.1111,0.0,,
4.46,pure_pursuit_40,lka_test,8.7687,48.5202,11.1111,curve_0,LaneKeeping,0.0726,0.1816,11.1111,0.0,,
4.48,pure_pursuit_40,lka_test,8.846,48.7285,11.1111,curve_0,LaneKeeping,0.0722,0.0939,11.1111,0.0,,
4.5,pure_pursuit_40,lka_test,8.9237,48.9367,11.1111,curve_0,LaneKeeping,0.1286,1.6459,11.1111,0.0,,
4.52,pure_pursuit_40,lka_test,9.0017,49.1448,11.1111,curve_0,LaneKeeping,0.1225,1.5636,11.1111,0.0,,
4.54,pure_pursuit_40,lka_test,9.0799,49.3528,11.1111,curve_0,LaneKeeping,0.1168,1.4839,11.1111,0.0,,
4.56,pure_pursuit_40,lka_test,9.1584,49.5607,11.1111,curve_0,LaneKeeping,0.1113,1.4066,11.1111,0.0,,
4.58,pure_pursuit_40,lka_test,9.2372,49.7685,11.1111,curve_0,LaneKeeping,0.1061,1.3316,11.1111,0.0,,
4.6,pure_pursuit_40,lka_test,9.3163,49.9762,11.1111,curve_0,LaneKeeping,0.1013,1.2588,11.1111,0.0,,
4.62,pure_pursuit_40,lka_test,9.3956,50.1837,11.1111,curve_0,LaneKeeping,0.0966,1.1882,11.1111,0.0,,
4.64,pure_pursuit_40,lka_test,9.4752,50.3912,11.1111,curve_0,LaneKeeping,0.0923,1.1195,11.1111,0.0,,
4.66,pure_pursuit_40,lka_test,9.5552,50.5986,11.1111,curve_0,LaneKeeping,0.0884,0.9997,11.1111,0.0,,
4.68,pure_pursuit_40,lka_test,9.6356,50.8057,11.1111,curve_0,LaneKeeping,0.085,0.8842,11.1111,0.0,,
4.7,pure_pursuit_40,lka_test,9.7164,51.0127,11.1111,curve_0,LaneKeeping,0.082,0.7728,11.1111,0.0,,
4.72,pure_pursuit_40,lka_test,9.7976,51.2196,11.1111,curve_0,LaneKeeping,0.0794,0.6652,11.1111,0.0,,
4.74,pure_pursuit_40,lka_test,9.8792,51.4263,11.1111,curve_0,LaneKeeping,0.0772,0.5613,11.1111,0.0,,
4.76,pure_pursuit_40,lka_test,9.9611,51.6328,11.1111,curve_0,LaneKeeping,0.0755,0.4609,11.1111,0.0,,
4.78,pure_pursuit_40,lka_test,10.0434,51.8393,11.1111,curve_0,LaneKeeping,0.074,0.3639,11.1111,0.0,,
4.8,pure_pursuit_40,lka_test,10.1261,52.0456,11.1111,curve_0,LaneKeeping,0.073,0.2702,11.1111,0.0,,
4.82,pure_pursuit_40,lka_test,10.209,52.2517,11.1111,curve_0,LaneKeeping,0.0723,0.1795,11.1111,0.0,,
4.84,pure_pursuit_40,lka_test,10.2923,52.4577,11.1111,curve_0,LaneKeeping,0.0719,0.0917,11.1111,0.0,,
4.86,pure_pursuit_40,lka_test,10.3759,52.6636,11.1111,curve_0,LaneKeeping,0.1283,1.6438,11.1111,0.0,,
4.88,pure_pursuit_40,lka_test,10.4598,52.8694,11.1111,curve_0,LaneKeeping,0.1222,1.5615,11.1111,0.0,,
4.9,pure_pursuit_40,lka_test,10.5439,53.0751,11.1111,curve_0,LaneKeeping,0.1164,1.4818,11.1111,0.0,,
4.92,pure_pursuit_40,lka_test,10.6284,53.2806,11.1111,curve_0,LaneKeeping,0.111,1.4045,11.1111,0.0,,
4.94,pure_pursuit_40,lka_test,10.7131,53.4861,11.1111,curve_0,LaneKeeping,0.1058,1.3295,11.1111,0.0,,
4.96,pure_pursuit_40,lka_test,10.798,53.6914,11.1111,curve_0,LaneKeeping,0.101,1.2568,11.1111,0.0,,
4.98,pure_pursuit_40,lka_test,10.8833,53.8967,11.1111,curve_0,LaneKeeping,0.0964,1.1861,11.1111,0.0,,
5.0,pure_pursuit_40,lka_test,10.9687,54.1018,11.1111,curve_0,LaneKeeping,0.092,1.1174,11.1111,0.0,,
5.02,pure_pursuit_40,lka_test,11.0546,54.3067,11.1111,curve_0,LaneKeeping,0.0882,0.9977,11.1111,0.0,,
5.04,pure_pursuit_40,lka_test,11.1409,54.5115,11.1111,curve_0,LaneKeeping,0.0847,0.8823,11.1111,0.0,,
5.06,pure_pursuit_40,lka_test,11.2276,54.7161,11.1111,curve_0,LaneKeeping,0.0818,0.7708,11.1111,0.0,,
5.08,pure_pursuit_40,lka_test,11.3147,54.9206,11.1111,curve_0,LaneKeeping,0.0792,0.6633,11.1111,0.0,,
5.1,pure_pursuit_40,lka_test,11.4022,55.1249,11.1111,curve_0,LaneKeeping,0.077,0.5594,11.1111,0.0,,
5.12,pure_pursuit_40,lka_test,11.49,55.329,11.1111,curve_0,LaneKeeping,0.0752,0.459,11.1111,0.0,,
5.14,pure_pursuit_40,lka_test,11.5782,55.533,11.1111,curve_0,LaneKeeping,0.0738,0.3621,11.1111,0.0,,
5.16,pure_pursuit_40,lka_test,11.6667,55.7368,11.1111,curve_0,LaneKeeping,0.0728,0.2683,11.1111,0.0,,
5.18,pure_pursuit_40,lka_test,11.7555,55.9405,11.1111,curve_0,LaneKeeping,0.0721,0.1777,11.1111,0.0,,
5.2,pure_pursuit_40,lka_test,11.8446,56.1441,11.1111,curve_0,LaneKeeping,0.0718,0.0899,11.1111,0.0,,
5.22,pure_pursuit_40,lka_test,11.9341,56.3475,11.1111,curve_0,LaneKeeping,0.128,1.642,11.1111,0.0,,
5.24,pure_pursuit_40,lka_test,12.0238,56.5508,11.1111,curve_0,LaneKeeping,0.1219,1.5597,11.1111,0.0,,
5.26,pure_pursuit_40,lka_test,12.1138,56.754,11.1111,curve_0,LaneKeeping,0.1162,1.48,11.1111,0.0,,
5.28,pure_pursuit_40,lka_test,12.2041,56.957,11.1111,curve_0,LaneKeeping,0.1108,1.4028,11.1111,0.0,,
5.3,pure_pursuit_40,lka_test,12.2946,57.16,11.1111,curve_0,LaneKeeping,0.1056,1.3278,11.1111,0.0,,
5.32,pure_pursuit_40,lka_test,12.3854,57.3628,11.1111,curve_0,LaneKeeping,0.1007,1.2551,11.1111,0.0,,
5.34,pure_pursuit_40,lka_test,12.4765,57.5655,11.1111,curve_0,LaneKeeping,0.0962,1.1844,11.1111,0.0,,
5.36,pure_pursuit_40,lka_test,12.5678,57.7681,11.1111,curve_0,LaneKeeping,0.0918,1.1157,11.1111,0.0,,
5.38,pure_pursuit_40,lka_test,12.6595,57.9705,11.1111,curve_0,LaneKeeping,0.088,0.9961,11.1111,0.0,,
5.4,pure_pursuit_40,lka_test,12.7517,58.1727,11.1111,curve_0,LaneKeeping,0.0845,0.8806,11.1111,0.0,,
5.42,pure_pursuit_40,lka_test,12.8442,58.3748,11.1111,curve_0,LaneKeeping,0.0816,0.7692,11.1111,0.0,,
5.44,pure_pursuit_40,lka_test,12.9371,58.5767,11.1111,curve_0,LaneKeeping,0.079,0.6617,11.1111,0.0,,
5.46,pure_pursuit_40,lka_test,13.0304,58.7784,11.1111,curve_0,LaneKeeping,0.0768,0.5578,11.1111,0.0,,
5.48,pure_pursuit_40,lka_test,13.124,58.9799,11.1111,curve_0,LaneKeeping,0.0751,0.4575,11.1111,0.0,,
5.5,pure_pursuit_40,lka_test,13.2179,59.1813,11.1111,curve_0,LaneKeeping,0.0737,0.3605,11.1111,0.0,,
5.52,pure_pursuit_40,lka_test,13.3122,59.3825,11.1111,curve_0,LaneKeeping,0.0726,0.2668,11.1111,0.0,,
5.54,pure_pursuit_40,lka_test,13.4068,59.5836,11.1111,curve_0,LaneKeeping,0.0719,0.1761,11.1111,0.0,,
5.56,pure_pursuit_40,lka_test,13.5018,59.7845,11.1111,curve_0,LaneKeeping,0.0716,0.0884,11.1111,0.0,,
5.58,pure_pursuit_40,lka_test,13.597,59.9853,11.1111,curve_0,LaneKeeping,0.1278,1.6405,11.1111,0.0,,
5.6,pure_pursuit_40,lka_test,13.6925,60.186,11.1111,curve_0,LaneKeeping,0.1217,1.5583,11.1111,0.0,,
5.62,pure_pursuit_40,lka_test,13.7883,60.3865,11.1111,curve_0,LaneKeeping,0.116,1.4786,11.1111,0.0,,
5.64,pure_pursuit_40,lka_test,13.8843,60.5869,11.1111,curve_0,LaneKeeping,0.1106,1.4013,11.1111,0.0,,
5.66,pure_pursuit_40,lka_test,13.9806,60.7871,11.1111,curve_0,LaneKeeping,0.1054,1.3264,11.1111,0.0,,
5.68,pure_pursuit_40,lka_test,14.0772,60.9873,11.1111,curve_0,LaneKeeping,0.1006,1.2536,11.1111,0.0,,
5.7,pure_pursuit_40,lka_test,14.174,61.1873,11.1111,curve_0,LaneKeeping,0.096,1.183,11.1111,0.0,,
5.72,pure_pursuit_40,lka_test,14.2711,61.3872,11.1111,curve_0,LaneKeeping,0.0916,1.1143,11.1111,0.0,,
5.74,pure_pursuit_40,lka_test,14.3685,61.5869,11.1111,curve_0,LaneKeeping,0.0878,0.9947,11.1111,0.0,,
5.76,pure_pursuit_40,lka_test,14.4664,61.7864,11.1111,curve_0,LaneKeeping,0.0844,0.8793,11.1111,0.0,,
5.78,pure_pursuit_40,lka_test,14.5647,61.9857,11.1111,curve_0,LaneKeeping,0.0814,0.7679,11.1111,0.0,,
5.8,pure_pursuit_40,lka_test,14.6633,62.1849,11.1111,curve_0,LaneKeeping,0.0788,0.6603,11.1111,0.0,,
5.82,pure_pursuit_40,lka_test,14.7623,62.3838,11.1111,curve_0,LaneKeeping,0.0767,0.5565,11.1111,0.0,,
5.84,pure_pursuit_40,lka_test,14.8616,62.5826,11.1111,curve_0,LaneKeeping,0.0749,0.4562,11.1111,0.0,,
5.86,pure_pursuit_40,lka_test,14.9613,62.7812,11.1111,curve_0,LaneKeeping,0.0735,0.3593,11.1111,0.0,,
5.88,pure_pursuit_40,lka_test,15.0613,62.9797,11.1111,curve_0,LaneKeeping,0.0725,0.2655,11.1111,0.0,,
5.9,pure_pursuit_40,lka_test,15.1616,63.178,11.1111,curve_0,LaneKeeping,0.0718,0.1749,11.1111,0.0,,
5.92,pure_pursuit_40,lka_test,15.2623,63.3761,11.1111,curve_0,LaneKeeping,0.0715,0.0872,11.1111,0.0,,
5.94,pure_pursuit_40,lka_test,15.3632,63.5741,11.1111,curve_0,LaneKeeping,0.1276,1.6393,11.1111,0.0,,
5.96,pure_pursuit_40,lka_test,15.4644,63.7719,11.1111,curve_0,LaneKeeping,0.1215,1.5571,11.1111,0.0,,
5.98,pure_pursuit_40,lka_test,15.5659,63.9696,11.1111,curve_0,LaneKeeping,0.1158,1.4774,11.1111,0.0,,
6.0,pure_pursuit_40,lka_test,15.6676,64.1672,11.1111,curve_0,LaneKeeping,0.1104,1.4001,11.1111,0.0,,
6.02,pure_pursuit_40,lka_test,15.7696,64.3646,11.1111,curve_0,LaneKeeping,0.1052,1.3252,11.1111,0.0,,
6.04,pure_pursuit_40,lka_test,15.8719,64.5619,11.1111,curve_0,LaneKeeping,0.1004,1.2524,11.1111,0.0,,
6.06,pure_pursuit_40,lka_test,15.9744,64.7591,11.1111,curve_0,LaneKeeping,0.0958,1.1818,11.1111,0.0,,
6.08,pure_pursuit_40,lka_test,16.0771,64.9561,11.1111,curve_0,LaneKeeping,0.0915,1.1132,11.1111,0.0,,
6.1,pure_pursuit_40,lka_test,16.1802,65.153,11.1111,curve_0,LaneKeeping,0.0876,0.9935,11.1111,0.0,,
6.12,pure_pursuit_40,lka_test,16.2838,65.3496,11.1111,curve_0,LaneKeeping,0.0842,0.8781,11.1111,0.0,,
6.14,pure_pursuit_40,lka_test,16.3877,65.546,11.1111,curve_0,LaneKeeping,0.0813,0.7667,11.1111,0.0,,
6.16,pure_pursuit_40,lka_test,16.492,65.7423,11.1111,curve_0,LaneKeeping,0.0787,0.6592,11.1111,0.0,,
6.18,pure_pursuit_40,lka_test,16.5966,65.9383,11.1111,curve_0,LaneKeeping,0.0765,0.5554,11.1111,0.0,,
6.2,pure_pursuit_40,lka_test,16.7016,66.1342,11.1111,curve_0,LaneKeeping,0.0748,0.4551,11.1111,0.0,,
6.22,pure_pursuit_40,lka_test,16.8069,66.3298,11.1111,curve_0,LaneKeeping,0.0734,0.3581,11.1111,0.0,,
6.24,pure_pursuit_40,lka_test,16.9126,66.5254,11.1111,curve_0,LaneKeeping,0.0724,0.2644,11.1111,0.0,,
6.26,pure_pursuit_40,lka_test,17.0185,66.7207,11.1111,curve_0,LaneKeeping,0.0717,0.1738,11.1111,0.0,,
6.28,pure_pursuit_40,lka_test,17.1248,66.9159,11.1111,curve_0,LaneKeeping,0.0714,0.0861,11.1111,0.0,,
6.3,pure_pursuit_40,lka_test,17.2313,67.1109,11.1111,curve_0,LaneKeeping,0.1274,1.6382,11.1111,0.0,,
6.32,pure_pursuit_40,lka_test,17.3381,67.3058,11.1111,curve_0,LaneKeeping,0.1214,1.556,11.1111,0.0,,
6.34,pure_pursuit_40,lka_test,17.4452,67.5005,11.1111,curve_0,LaneKeeping,0.1156,1.4763,11.1111,0.0,,
6.36,pure_pursuit_40,lka_test,17.5525,67.695,11.1111,curve_0,LaneKeeping,0.1102,1.399,11.1111,0.0,,
6.38,pure_pursuit_40,lka_test,17.6601,67.8895,11.1111,curve_0,LaneKeeping,0.1051,1.3241,11.1111,0.0,,
6.4,pure_pursuit_40,lka_test,17.768,68.0838,11.1111,curve_0,LaneKeeping,0.1002,1.2514,11.1111,0.0,,
6.42,pure_pursuit_40,lka_test,17.8761,68.2779,11.1111,curve_0,LaneKeeping,0.0957,1.1807,11.1111,0.0,,
6.44,pure_pursuit_40,lka_test,17.9844,68.472,11.1111,curve_0,LaneKeeping,0.0913,1.1121,11.1111,0.0,,
6.46,pure_pursuit_40,lka_test,18.0931,68.6658,11.1111,curve_0,LaneKeeping,0.0875,0.9924,11.1111,0.0,,
6.48,pure_pursuit_40,lka_test,18.2022,68.8594,11.1111,curve_0,LaneKeeping,0.0841,0.877,11.1111,0.0,,
6.5,pure_pursuit_40,lka_test,18.3117,69.0527,11.1111,curve_0,LaneKeeping,0.0811,0.7657,11.1111,0.0,,
6.52,pure_pursuit_40,lka_test,18.4216,69.2459,11.1111,curve_0,LaneKeeping,0.0786,0.6581,11.1111,0.0,,
6.54,pure_pursuit_40,lka_test,18.5318,69.4389,11.1111,curve_0,LaneKeeping,0.0764,0.5543,11.1111,0.0,,
6.56,pure_pursuit_40,lka_test,18.6423,69.6317,11.1111,curve_0,LaneKeeping,0.0747,0.454,11.1111,0.0,,
6.58,pure_pursuit_40,lka_test,18.7532,69.8243,11.1111,curve_0,LaneKeeping,0.0733,0.3571,11.1111,0.0,,
6.6,pure_pursuit_40,lka_test,18.8644,70.0167,11.1111,curve_0,LaneKeeping,0.0723,0.2634,11.1111,0.0,,
6.62,pure_pursuit_40,lka_test,18.9759,70.2089,11.1111,curve_0,LaneKeeping,0.0716,0.1727,11.1111,0.0,,
6.64,pure_pursuit_40,lka_test,19.0877,70.401,11.1111,curve_0,LaneKeeping,0.0713,0.085,11.1111,0.0,,
6.66,pure_pursuit_40,lka_test,19.1997,70.5929,11.1111,curve_0,LaneKeeping,0.1272,1.6372,11.1111,0.0,,
6.68,pure_pursuit_40,lka_test,19.3121,70.7846,11.1111,curve_0,LaneKeeping,0.1212,1.5549,11.1111,0.0,,
6.7,pure_pursuit_40,lka_test,19.4247,70.9762,11.1111,curve_0,LaneKeeping,0.1155,1.4753,11.1111,0.0,,
6.72,pure_pursuit_40,lka_test,19.5375,71.1676,11.1111,curve_0,LaneKeeping,0.1101,1.398,11.1111,0.0,,
6.74,pure_pursuit_40,lka_test,19.6507,71.3589,11.1111,curve_0,LaneKeeping,0.1049,1.3231,11.1111,0.0,,
6.76,pure_pursuit_40,lka_test,19.764,71.55,11.1111,curve_0,LaneKeeping,0.1001,1.2503,11.1111,0.0,,
6.78,pure_pursuit_40,lka_test,19.8776,71.741,11.1111,curve_0,LaneKeeping,0.0955,1.1797,11.1111,0.0,,
6.8,pure_pursuit_40,lka_test,19.9914,71.9319,11.1111,curve_0,LaneKeeping,0.0912,1.1111,11.1111,0.0,,
6.82,pure_pursuit_40,lka_test,20.1057,72.1225,11.1111,curve_0,LaneKeeping,0.0874,0.9914,11.1111,0.0,,
6.84,pure_pursuit_40,lka_test,20.2203,72.3129,11.1111,curve_0,LaneKeeping,0.084,0.876,11.1111,0.0,,
6.86,pure_pursuit_40,lka_test,20.3352,72.503,11.1111,curve_0,LaneKeeping,0.081,0.7646,11.1111,0.0,,
6.88,pure_pursuit_40,lka_test,20.4506,72.693,11.1111,curve_0,LaneKeeping,0.0784,0.6571,11.1111,0.0,,
6.9,pure_pursuit_40,lka_test,20.5662,72.8827,11.1111,curve_0,LaneKeeping,0.0763,0.5533,11.1111,0.0,,
6.92,pure_pursuit_40,lka_test,20.6823,73.0723,11.1111,curve_0,LaneKeeping,0.0745,0.453,11.1111,0.0,,
6.94,pure_pursuit_40,lka_test,20.7986,73.2616,11.1111,curve_0,LaneKeeping,0.0732,0.3561,11.1111,0.0,,
6.96,pure_pursuit_40,lka_test,20.9152,73.4508,11.1111,curve_0,LaneKeeping,0.0721,0.2624,11.1111,0.0,,
6.98,pure_pursuit_40,lka_test,21.0322,73.6397,11.1111,curve_0,LaneKeeping,0.0715,0.1718,11.1111,0.0,,
7.0,pure_pursuit_40,lka_test,21.1494,73.8285,11.1111,curve_0,LaneKeeping,0.0711,0.0841,11.1111,0.0,,
7.02,pure_pursuit_40,lka_test,21.2669,74.0171,11.1111,curve_0,LaneKeeping,0.1271,1.6362,11.1111,0.0,,
7.04,pure_pursuit_40,lka_test,21.3847,74.2056,11.1111,curve_0,LaneKeeping,0.121,1.554,11.1111,0.0,,
7.06,pure_pursuit_40,lka_test,21.5027,74.3939,11.1111,curve_0,LaneKeeping,0.1153,1.4743,11.1111,0.0,,
7.08,pure_pursuit_40,lka_test,21.621,74.582,11.1111,curve_0,LaneKeeping,0.1099,1.397,11.1111,0.0,,
7.1,pure_pursuit_40,lka_test,21.7395,74.7699,11.1111,curve_0,LaneKeeping,0.1048,1.3221,11.1111,0.0,,
7.12,pure_pursuit_40,lka_test,21.8583,74.9578,11.1111,curve_0,LaneKeeping,0.0999,1.2493,11.1111,0.0,,
7.14,pure_pursuit_40,lka_test,21.9773,75.1454,11.1111,curve_0,LaneKeeping,0.0954,1.1787,11.1111,0.0,,
7.16,pure_pursuit_40,lka_test,22.0965,75.333,11.1111,curve_0,LaneKeeping,0.091,1.1101,11.1111,0.0,,
7.18,pure_pursuit_40,lka_test,22.2162,75.5202,11.1111,curve_0,LaneKeeping,0.0872,0.9904,11.1111,0.0,,
7.2,pure_pursuit_40,lka_test,22.3362,75.7073,11.1111,curve_0,LaneKeeping,0.0838,0.875,11.1111,0.0,,
7.22,pure_pursuit_40,lka_test,22.4565,75.8941,11.1111,curve_0,LaneKeeping,0.0809,0.7637,11.1111,0.0,,
7.24,pure_pursuit_40,lka_test,22.5773,76.0806,11.1111,curve_0,LaneKeeping,0.0783,0.6562,11.1111,0.0,,
7.26,pure_pursuit_40,lka_test,22.6983,76.267,11.1111,curve_0,LaneKeeping,0.0762,0.5523,11.1111,0.0,,
7.28,pure_pursuit_40,lka_test,22.8197,76.4531,11.1111,curve_0,LaneKeeping,0.0744,0.4521,11.1111,0.0,,
7.3,pure_pursuit_40,lka_test,22.9414,76.6391,11.1111,curve_0,LaneKeeping,0.073,0.3551,11.1111,0.0,,
7.32,pure_pursuit_40,lka_test,23.0634,76.8248,11.1111,curve_0,LaneKeeping,0.072,0.2614,11.1111,0.0,,
7.34,pure_pursuit_40,lka_test,23.1857,77.0104,11.1111,curve_0,LaneKeeping,0.0714,0.1708,11.1111,0.0,,
7.36,pure_pursuit_40,lka_test,23.3082,77.1957,11.1111,curve_0,LaneKeeping,0.071,0.0831,11.1111,0.0,,
7.38,pure_pursuit_40,lka_test,23.4311,77.3809,11.1111,curve_0,LaneKeeping,0.1269,1.6352,11.1111,0.0,,
7.4,pure_pursuit_40,lka_test,23.5542,77.5659,11.1111,curve_0,LaneKeeping,0.1209,1.553,11.1111,0.0,,
7.42,pure_pursuit_40,lka_test,23.6776,77.7507,11.1111,curve_0,LaneKeeping,0.1151,1.4733,11.1111,0.0,,
7.44,pure_pursuit_40,lka_test,23.8012,77.9354,11.1111,curve_0,LaneKeeping,0.1097,1.396,11.1111,0.0,,
7.46,pure_pursuit_40,lka_test,23.9251,78.1199,11.1111,curve_0,LaneKeeping,0.1046,1.3211,11.1111,0.0,,
7.48,pure_pursuit_40,lka_test,24.0492,78.3043,11.1111,curve_0,LaneKeeping,0.0998,1.2484,11.1111,0.0,,
7.5,pure_pursuit_40,lka_test,24.1735,78.4884,11.1111,curve_0,LaneKeeping,0.0952,1.1777,11.1111,0.0,,
7.52,pure_pursuit_40,lka_test,24.298,78.6725,11.1111,curve_0,LaneKeeping,0.0909,1.1091,11.1111,0.0,,
7.54,pure_pursuit_40,lka_test,24.4229,78.8563,11.1111,curve_0,LaneKeeping,0.0871,0.9895,11.1111,0.0,,
7.56,pure_pursuit_40,lka_test,24.5482,79.0398,11.1111,curve_0,LaneKeeping,0.0837,0.8741,11.1111,0.0,,
7.58,pure_pursuit_40,lka_test,24.6739,79.2231,11.1111,curve_0,LaneKeeping,0.0807,0.7627,11.1111,0.0,,
7.6,pure_pursuit_40,lka_test,24.7999,79.4061,11.1111,curve_0,LaneKeeping,0.0782,0.6552,11.1111,0.0,,
7.62,pure_pursuit_40,lka_test,24.9262,79.589,11.1111,curve_0,LaneKeeping,0.076,0.5514,11.1111,0.0,,
7.64,pure_pursuit_40,lka_test,25.0529,79.7716,11.1111,curve_0,LaneKeeping,0.0743,0.4511,11.1111,0.0,,
7.66,pure_pursuit_40,lka_test,25.1798,79.9539,11.1111,curve_0,LaneKeeping,0.0729,0.3542,11.1111,0.0,,
7.68,pure_pursuit_40,lka_test,25.3071,80.1361,11.1111,curve_0,LaneKeeping,0.0719,0.2605,11.1111,0.0,,
7.7,pure_pursuit_40,lka_test,25.4346,80.3181,11.1111,curve_0,LaneKeeping,0.0712,0.1698,11.1111,0.0,,
7.72,pure_pursuit_40,lka_test,25.5625,80.4999,11.1111,curve_0,LaneKeeping,0.0709,0.0821,11.1111,0.0,,
7.74,pure_pursuit_40,lka_test,25.6906,80.6815,11.1111,curve_0,LaneKeeping,0.1267,1.6342,11.1111,0.0,,
7.76,pure_pursuit_40,lka_test,25.8189,80.8629,11.1111,curve_0,LaneKeeping,0.1207,1.552,11.1111,0.0,,
7.78,pure_pursuit_40,lka_test,25.9475,81.0441,11.1111,curve_0,LaneKeeping,0.115,1.4723,11.1111,0.0,,
7.8,pure_pursuit_40,lka_test,26.0764,81.2251,11.1111,curve_0,LaneKeeping,0.1096,1.3951,11.1111,0.0,,
7.82,pure_pursuit_40,lka_test,26.2054,81.406,11.1111,curve_0,LaneKeeping,0.1045,1.3201,11.1111,0.0,,
7.84,pure_pursuit_40,lka_test,26.3348,81.5868,11.1111,curve_0,LaneKeeping,0.0996,1.2474,11.1111,0.0,,
7.86,pure_pursuit_40,lka_test,26.4643,81.7673,11.1111,curve_0,LaneKeeping,0.095,1.1767,11.1111,0.0,,
7.88,pure_pursuit_40,lka_test,26.5941,81.9477,11.1111,curve_0,LaneKeeping,0.0908,1.1081,11.1111,0.0,,
7.9,pure_pursuit_40,lka_test,26.7242,82.1279,11.1111,curve_0,LaneKeeping,0.0869,0.9885,11.1111,0.0,,
7.92,pure_pursuit_40,lka_test,26.8547,82.3077,11.1111,curve_0,LaneKeeping,0.0835,0.8731,11.1111,0.0,,
7.94,pure_pursuit_40,lka_test,26.9855,82.4874,11.1111,curve_0,LaneKeeping,0.0806,0.7617,11.1111,0.0,,
7.96,pure_pursuit_40,lka_test,27.1167,82.6667,11.1111,curve_0,LaneKeeping,0.078,0.6542,11.1111,0.0,,
7.98,pure_pursuit_40,lka_test,27.2482,82.8459,11.1111,curve_0,LaneKeeping,0.0759,0.5504,11.1111,0.0,,
8.0,pure_pursuit_40,lka_test,27.38,83.0248,11.1111,curve_0,LaneKeeping,0.0742,0.4501,11.1111,0.0,,
8.02,pure_pursuit_40,lka_test,27.5121,83.2034,11.1111,curve_0,LaneKeeping,0.0728,0.3532,11.1111,0.0,,
8.04,pure_pursuit_40,lka_test,27.6446,83.3819,11.1111,curve_0,LaneKeeping,0.0718,0.2595,11.1111,0.0,,
8.06,pure_pursuit_40,lka_test,27.7772,83.5602,11.1111,curve_0,LaneKeeping,0.0711,0.1689,11.1111,0.0,,
8.08,pure_pursuit_40,lka_test,27.9102,83.7382,11.1111,curve_0,LaneKeeping,0.0708,0.0812,11.1111,0.0,,
8.1,pure_pursuit_40,lka_test,28.0434,83.9161,11.1111,curve_0,LaneKeeping,0.1265,1.6333,11.1111,0.0,,
8.12,pure_pursuit_40,lka_test,28.1769,84.0937,11.1111,curve_0,LaneKeeping,0.1205,1.551,11.1111,0.0,,
8.14,pure_pursuit_40,lka_test,28.3107,84.2712,11.1111,curve_0,LaneKeeping,0.1148,1.4714,11.1111,0.0,,
8.16,pure_pursuit_40,lka_test,28.4446,84.4485,11.1111,curve_0,LaneKeeping,0.1094,1.3941,11.1111,0.0,,
8.18,pure_pursuit_40,lka_test,28.5788,84.6256,11.1111,curve_0,LaneKeeping,0.1043,1.3191,11.1111,0.0,,
8.2,pure_pursuit_40,lka_test,28.7133,84.8026,11.1111,curve_0,LaneKeeping,0.0995,1.2464,11.1111,0.0,,
8.22,pure_pursuit_40,lka_test,28.8479,84.9794,11.1111,curve_0,LaneKeeping,0.0949,1.1758,11.1111,0.0,,
8.24,pure_pursuit_40,lka_test,28.9828,85.156,11.1111,curve_0,LaneKeeping,0.0906,1.1071,11.1111,0.0,,
8.26,pure_pursuit_40,lka_test,29.118,85.3323,11.1111,curve_0,LaneKeeping,0.0868,0.9875,11.1111,0.0,,
8.28,pure_pursuit_40,lka_test,29.2536,85.5084,11.1111,curve_0,LaneKeeping,0.0834,0.8721,11.1111,0.0,,
8.3,pure_pursuit_40,lka_test,29.3895,85.6842,11.1111,curve_0,LaneKeeping,0.0804,0.7607,11.1111,0.0,,
8.32,pure_pursuit_40,lka_test,29.5258,85.8598,11.1111,curve_0,LaneKeeping,0.0779,0.6532,11.1111,0.0,,
8.34,pure_pursuit_40,lka_test,29.6623,86.0351,11.1111,curve_0,LaneKeeping,0.0758,0.5494,11.1111,0.0,,
8.36,pure_pursuit_40,lka_test,29.7992,86.2101,11.1111,curve_0,LaneKeeping,0.074,0.4491,11.1111,0.0,,
8.38,pure_pursuit_40,lka_test,29.9364,86.385,11.1111,curve_0,LaneKeeping,0.0727,0.3522,11.1111,0.0,,
8.4,pure_pursuit_40,lka_test,30.0738,86.5596,11.1111,curve_0,LaneKeeping,0.0717,0.2585,11.1111,0.0,,
8.42,pure_pursuit_40,lka_test,30.2116,86.734,11.1111,curve_0,LaneKeeping,0.071,0.1679,11.1111,0.0,,
8.44,pure_pursuit_40,lka_test,30.3496,86.9081,11.1111,curve_0,LaneKeeping,0.0707,0.0802,11.1111,0.0,,
8.46,pure_pursuit_40,lka_test,30.4878,87.0821,11.1111,curve_0,LaneKeeping,0.1264,1.6323,11.1111,0.0,,
8.48,pure_pursuit_40,lka_test,30.6263,87.2559,11.1111,curve_0,LaneKeeping,0.1203,1.5501,11.1111,0.0,,
8.5,pure_pursuit_40,lka_test,30.7651,87.4295,11.1111,curve_0,LaneKeeping,0.1146,1.4704,11.1111,0.0,,
8.52,pure_pursuit_40,lka_test,30.9041,87.6029,11.1111,curve_0,LaneKeeping,0.1092,1.3931,11.1111,0.0,,
8.54,pure_pursuit_40,lka_test,31.0433,87.7761,11.1111,curve_0,LaneKeeping,0.1041,1.3182,11.1111,0.0,,
8.56,pure_pursuit_40,lka_test,31.1827,87.9491,11.1111,curve_0,LaneKeeping,0.0993,1.2454,11.1111,0.0,,
8.58,pure_pursuit_40,lka_test,31.3224,88.122,11.1111,curve_0,LaneKeeping,0.0947,1.1748,11.1111,0.0,,
8.6,pure_pursuit_40,lka_test,31.4622,88.2947,11.1111,curve_0,LaneKeeping,0.0905,1.1061,11.1111,0.0,,
8.62,pure_pursuit_40,lka_test,31.6024,88.4671,11.1111,curve_0,LaneKeeping,0.0866,0.9865,11.1111,0.0,,
8.64,pure_pursuit_40,lka_test,31.743,88.6392,11.1111,curve_0,LaneKeeping,0.0832,0.8711,11.1111,0.0,,
8.66,pure_pursuit_40,lka_test,31.8839,88.811,11.1111,curve_0,LaneKeeping,0.0803,0.7597,11.1111,0.0,,
8.68,pure_pursuit_40,lka_test,32.0251,88.9826,11.1111,curve_0,LaneKeeping,0.0778,0.6523,11.1111,0.0,,
8.7,pure_pursuit_40,lka_test,32.1666,89.154,11.1111,curve_0,LaneKeeping,0.0756,0.5484,11.1111,0.0,,
8.72,pure_pursuit_40,lka_test,32.3084,89.325,11.1111,curve_0,LaneKeeping,0.0739,0.4482,11.1111,0.0,,
8.74,pure_pursuit_40,lka_test,32.4506,89.4959,11.1111,curve_0,LaneKeeping,0.0725,0.3512,11.1111,0.0,,
8.76,pure_pursuit_40,lka_test,32.593,89.6665,11.1111,curve_0,LaneKeeping,0.0715,0.2575,11.1111,0.0,,
8.78,pure_pursuit_40,lka_test,32.7356,89.8369,11.1111,curve_0,LaneKeeping,0.0709,0.1669,11.1111,0.0,,
8.8,pure_pursuit_40,lka_test,32.8785,90.007,11.1111,curve_0,LaneKeeping,0.0706,0.0792,11.1111,0.0,,
8.82,pure_pursuit_40,lka_test,33.0217,90.177,11.1111,curve_0,LaneKeeping,0.1262,1.6313,11.1111,0.0,,
8.84,pure_pursuit_40,lka_test,33.1651,90.3467,11.1111,curve_0,LaneKeeping,0.1202,1.5491,11.1111,0.0,,
8.86,pure_pursuit_40,lka_test,33.3088,90.5163,11.1111,curve_0,LaneKeeping,0.1145,1.4694,11.1111,0.0,,
8.88,pure_pursuit_40,lka_test,33.4527,90.6856,11.1111,curve_0,LaneKeeping,0.1091,1.3921,11.1111,0.0,,
8.9,pure_pursuit_40,lka_test,33.5968,90.8548,11.1111,curve_0,LaneKeeping,0.104,1.3172,11.1111,0.0,,
8.92,pure_pursuit_40,lka_test,33.7411,91.0238,11.1111,curve_0,LaneKeeping,0.0991,1.2444,11.1111,0.0,,
8.94,pure_pursuit_40,lka_test,33.8856,91.1926,11.1111,curve_0,LaneKeeping,0.0946,1.1738,11.1111,0.0,,
8.96,pure_pursuit_40,lka_test,34.0304,91.3612,11.1111,curve_0,LaneKeeping,0.0903,1.1051,11.1111,0.0,,
8.98,pure_pursuit_40,lka_test,34.1755,91.5295,11.1111,curve_0,LaneKeeping,0.0865,0.9855,11.1111,0.0,,
9.0,pure_pursuit_40,lka_test,34.3209,91.6976,11.1111,curve_0,LaneKeeping,0.0831,0.8701,11.1111,0.0,,
9.02,pure_pursuit_40,lka_test,34.4666,91.8653,11.1111,curve_0,LaneKeeping,0.0802,0.7588,11.1111,0.0,,
9.04,pure_pursuit_40,lka_test,34.6127,92.0328,11.1111,curve_0,LaneKeeping,0.0776,0.6513,11.1111,0.0,,
9.06,pure_pursuit_40,lka_test,34.7591,92.2,11.1111,curve_0,LaneKeeping,0.0755,0.5475,11.1111,0.0,,
9.08,pure_pursuit_40,lka_test,34.9057,92.3669,11.1111,curve_0,LaneKeeping,0.0738,0.4472,11.1111,0.0,,
9.1,pure_pursuit_40,lka_test,35.0527,92.5337,11.1111,curve_0,LaneKeeping,0.0724,0.3503,11.1111,0.0,,
9.12,pure_pursuit_40,lka_test,35.1999,92.7001,11.1111,curve_0,LaneKeeping,0.0714,0.2565,11.1111,0.0,,
9.14,pure_pursuit_40,lka_test,35.3473,92.8664,11.1111,curve_0,LaneKeeping,0.0708,0.1659,11.1111,0.0,,
9.16,pure_pursuit_40,lka_test,35.4951,93.0324,11.1111,curve_0,LaneKeeping,0.0705,0.0782,11.1111,0.0,,
9.18,pure_pursuit_40,lka_test,35.643,93.1982,11.1111,curve_0,LaneKeeping,0.126,1.6303,11.1111,0.0,,
9.2,pure_pursuit_40,lka_test,35.7913,93.3637,11.1111,curve_0,LaneKeeping,0.12,1.5481,11.1111,0.0,,
9.22,pure_pursuit_40,lka_test,35.9397,93.5291,11.1111,curve_0,LaneKeeping,0.1143,1.4684,11.1111,0.0,,
9.24,pure_pursuit_40,lka_test,36.0884,93.6943,11.1111,curve_0,LaneKeeping,0.1089,1.3911,11.1111,0.0,,
9.26,pure_pursuit_40,lka_test,36.2373,93.8592,11.1111,curve_0,LaneKeeping,0.1038,1.3162,11.1111,0.0,,
9.28,pure_pursuit_40,lka_test,36.3863,94.024,11.1111,curve_0,LaneKeeping,0.099,1.2434,11.1111,0.0,,
9.3,pure_pursuit_40,lka_test,36.5356,94.1886,11.1111,curve_0,LaneKeeping,0.0944,1.1728,11.1111,0.0,,
9.32,pure_pursuit_40,lka_test,36.6851,94.353,11.1111,curve_0,LaneKeeping,0.0902,1.1041,11.1111,0.0,,
9.34,pure_pursuit_40,lka_test,36.835,94.5172,11.1111,curve_0,LaneKeeping,0.0863,0.9845,11.1111,0.0,,
9.36,pure_pursuit_40,lka_test,36.9851,94.681,11.1111,curve_0,LaneKeeping,0.083,0.8691,11.1111,0.0,,
9.38,pure_pursuit_40,lka_test,37.1356,94.8445,11.1111,curve_0,LaneKeeping,0.08,0.7578,11.1111,0.0,,
9.4,pure_pursuit_40,lka_test,37.2864,95.0077,11.1111,curve_0,LaneKeeping,0.0775,0.6503,11.1111,0.0,,
9.42,pure_pursuit_40,lka_test,37.4375,95.1707,11.1111,curve_0,LaneKeeping,0.0754,0.5465,11.1111,0.0,,
9.44,pure_pursuit_40,lka_test,37.5889,95.3334,11.1111,curve_0,LaneKeeping,0.0737,0.4462,11.1111,0.0,,
9.46,pure_pursuit_40,lka_test,37.7405,95.4958,11.1111,curve_0,LaneKeeping,0.0723,0.3493,11.1111,0.0,,
9.48,pure_pursuit_40,lka_test,37.8924,95.658,11.1111,curve_0,LaneKeeping,0.0713,0.2556,11.1111,0.0,,
9.5,pure_pursuit_40,lka_test,38.0446,95.82,11.1111,curve_0,LaneKeeping,0.0707,0.1649,11.1111,0.0,,
9.52,pure_pursuit_40,lka_test,38.197,95.9817,11.1111,curve_0,LaneKeeping,0.0704,0.0772,11.1111,0.0,,
9.54,pure_pursuit_40,lka_test,38.3497,96.1432,11.1111,curve_0,LaneKeeping,0.1258,1.6293,11.1111,0.0,,
9.56,pure_pursuit_40,lka_test,38.5025,96.3044,11.1111,curve_0,LaneKeeping,0.1198,1.5471,11.1111,0.0,,
9.58,pure_pursuit_40,lka_test,38.6557,96.4655,11.1111,curve_0,LaneKeeping,0.1141,1.4674,11.1111,0.0,,
9.6,pure_pursuit_40,lka_test,38.809,96.6263,11.1111,curve_0,LaneKeeping,0.1087,1.3901,11.1111,0.0,,
9.62,pure_pursuit_40,lka_test,38.9625,96.787,11.1111,curve_0,LaneKeeping,0.1036,1.3152,11.1111,0.0,,
9.64,pure_pursuit_40,lka_test,39.1163,96.9475,11.1111,curve_0,LaneKeeping,0.0988,1.2424,11.1111,0.0,,
9.66,pure_pursuit_40,lka_test,39.2702,97.1077,11.1111,curve_0,LaneKeeping,0.0943,1.1718,11.1111,0.0,,
9.68,pure_pursuit_40,lka_test,39.4243,97.2678,11.1111,curve_0,LaneKeeping,0.09,1.1031,11.1111,0.0,,
9.7,pure_pursuit_40,lka_test,39.5788,97.4276,11.1111,curve_0,LaneKeeping,0.0862,0.9835,11.1111,0.0,,
9.72,pure_pursuit_40,lka_test,39.7336,97.587,11.1111,curve_0,LaneKeeping,0.0828,0.8681,11.1111,0.0,,
9.74,pure_pursuit_40,lka_test,39.8887,97.7462,11.1111,curve_0,LaneKeeping,0.0799,0.7568,11.1111,0.0,,
9.76,pure_pursuit_40,lka_test,40.0441,97.905,11.1111,curve_0,LaneKeeping,0.0774,0.6493,11.1111,0.0,,
9.78,pure_pursuit_40,lka_test,40.1998,98.0636,11.1111,curve_0,LaneKeeping,0.0752,0.5455,11.1111,0.0,,
9.8,pure_pursuit_40,lka_test,40.3557,98.2219,11.1111,curve_0,LaneKeeping,0.0735,0.4452,11.1111,0.0,,
9.82,pure_pursuit_40,lka_test,40.5119,98.3799,11.1111,curve_0,LaneKeeping,0.0722,0.3483,11.1111,0.0,,
9.84,pure_pursuit_40,lka_test,40.6684,98.5377,11.1111,curve_0,LaneKeeping,0.0712,0.2546,11.1111,0.0,,
9.86,pure_pursuit_40,lka_test,40.8252,98.6952,11.1111,curve_0,LaneKeeping,0.0705,0.164,11.1111,0.0,,
9.88,pure_pursuit_40,lka_test,40.9821,98.8525,11.1111,curve_0,LaneKeeping,0.0703,0.0762,11.1111,0.0,,
9.9,pure_pursuit_40,lka_test,41.1393,99.0096,11.1111,curve_0,LaneKeeping,0.1256,1.6284,11.1111,0.0,,
9.92,pure_pursuit_40,lka_test,41.2968,99.1664,11.1111,curve_0,LaneKeeping,0.1197,1.5461,11.1111,0.0,,
9.94,pure_pursuit_40,lka_test,41.4544,99.323,11.1111,curve_0,LaneKeeping,0.114,1.4664,11.1111,0.0,,
9.96,pure_pursuit_40,lka_test,41.6123,99.4795,11.1111,curve_0,LaneKeeping,0.1086,1.3892,11.1111,0.0,,
9.98,pure_pursuit_40,lka_test,41.7704,99.6357,11.1111,curve_0,LaneKeeping,0.1035,1.3142,11.1111,0.0,,
10.0,pure_pursuit_40,lka_test,41.9286,99.7916,11.1111,curve_0,LaneKeeping,0.0987,1.2414,11.1111,0.0,,
10.02,pure_pursuit_40,lka_test,42.0871,99.9474,11.1111,curve_0,LaneKeeping,0.0941,1.1708,11.1111,0.0,,
10.04,pure_pursuit_40,lka_test,42.2457,100.1031,11.1111,curve_0,LaneKeeping,0.0898,1.1021,11.1111,0.0,,
10.06,pure_pursuit_40,lka_test,42.4047,100.2583,11.1111,curve_0,LaneKeeping,0.086,0.9825,11.1111,0.0,,
10.08,pure_pursuit_40,lka_test,42.564,100.4133,11.1111,curve_0,LaneKeeping,0.0827,0.8671,11.1111,0.0,,
10.1,pure_pursuit_40,lka_test,42.7236,100.5679,11.1111,curve_0,LaneKeeping,0.0797,0.7558,11.1111,0.0,,
10.12,pure_pursuit_40,lka_test,42.8834,100.7223,11.1111,curve_0,LaneKeeping,0.0772,0.6483,11.1111,0.0,,
10.14,pure_pursuit_40,lka_test,43.0436,100.8764,11.1111,curve_0,LaneKeeping,0.0751,0.5445,11.1111,0.0,,
10.16,pure_pursuit_40,lka_test,43.204,101.0301,11.1111,curve_0,LaneKeeping,0.0734,0.4442,11.1111,0.0,,
10.18,pure_pursuit_40,lka_test,43.3647,101.1836,11.1111,curve_0,LaneKeeping,0.072,0.3473,11.1111,0.0,,
10.2,pure_pursuit_40,lka_test,43.5256,101.3369,11.1111,curve_0,LaneKeeping,0.0711,0.2536,11.1111,0.0,,
10.22,pure_pursuit_40,lka_test,43.6868,101.4899,11.1111,curve_0,LaneKeeping,0.0704,0.163,11.1111,0.0,,
10.24,pure_pursuit_40,lka_test,43.8482,101.6426,11.1111,curve_0,LaneKeeping,0.0701,0.0753,11.1111,0.0,,
10.26,pure_pursuit_40,lka_test,44.0098,101.7951,11.1111,curve_0,LaneKeeping,0.1255,1.6274,11.1111,0.0,,
10.28,pure_pursuit_40,lka_test,44.1717,101.9474,11.1111,curve_0,LaneKeeping,0.1195,1.5451,11.1111,0.0,,
10.3,pure_pursuit_40,lka_test,44.3337,102.0994,11.1111,curve_0,LaneKeeping,0.1138,1.4654,11.1111,0.0,,
10.32,pure_pursuit_40,lka_test,44.496,102.2513,11.1111,curve_0,LaneKeeping,0.1084,1.3882,11.1111,0.0,,
10.34,pure_pursuit_40,lka_test,44.6585,102.4029,11.1111,curve_0,LaneKeeping,0.1033,1.3132,11.1111,0.0,,
10.36,pure_pursuit_40,lka_test,44.8211,102.5543,11.1111,curve_0,LaneKeeping,0.0985,1.2405,11.1111,0.0,,
10.38,pure_pursuit_40,lka_test,44.984,102.7055,11.1111,curve_0,LaneKeeping,0.094,1.1698,11.1111,0.0,,
10.4,pure_pursuit_40,lka_test,45.147,102.8565,11.1111,curve_0,LaneKeeping,0.0897,1.1011,11.1111,0.0,,
10.42,pure_pursuit_40,lka_test,45.3104,103.0072,11.1111,curve_0,LaneKeeping,0.0859,0.9815,11.1111,0.0,,
10.44,pure_pursuit_40,lka_test,45.474,103.1575,11.1111,curve_0,LaneKeeping,0.0825,0.8661,11.1111,0.0,,
10.46,pure_pursuit_40,lka_test,45.6379,103.3075,11.1111,curve_0,LaneKeeping,0.0796,0.7548,11.1111,0.0,,
10.48,pure_pursuit_40,lka_test,45.8022,103.4573,11.1111,curve_0,LaneKeeping,0.0771,0.6473,11.1111,0.0,,
10.5,pure_pursuit_40,lka_test,45.9666,103.6067,11.1111,curve_0,LaneKeeping,0.075,0.5435,11.1111,0.0,,
10.52,pure_pursuit_40,lka_test,46.1314,103.7558,11.1111,curve_0,LaneKeeping,0.0733,0.4432,11.1111,0.0,,
10.54,pure_pursuit_40,lka_test,46.2964,103.9047,11.1111,curve_0,LaneKeeping,0.0719,0.3463,11.1111,0.0,,
10.56,pure_pursuit_40,lka_test,46.4616,104.0532,11.1111,curve_0,LaneKeeping,0.0709,0.2526,11.1111,0.0,,
10.58,pure_pursuit_40,lka_test,46.6271,104.2016,11.1111,curve_0,LaneKeeping,0.0703,0.162,11.1111,0.0,,
10.6,pure_pursuit_40,lka_test,46.7928,104.3496,11.1111,curve_0,LaneKeeping,0.07,0.0743,11.1111,0.0,,
10.62,pure_pursuit_40,lka_test,46.9588,104.4975,11.1111,curve_0,LaneKeeping,0.1253,1.6264,11.1111,0.0,,
10.64,pure_pursuit_40,lka_test,47.1249,104.645,11.1111,curve_0,LaneKeeping,0.1193,1.5442,11.1111,0.0,,
10.66,pure_pursuit_40,lka_test,47.2912,104.7924,11.1111,curve_0,LaneKeeping,0.1136,1.4645,11.1111,0.0,,
10.68,pure_pursuit_40,lka_test,47.4578,104.9395,11.1111,curve_0,LaneKeeping,0.1082,1.3872,11.1111,0.0,,
10.7,pure_pursuit_40,lka_test,47.6245,105.0864,11.1111,curve_0,LaneKeeping,0.1032,1.3122,11.1111,0.0,,
10.72,pure_pursuit_40,lka_test,47.7914,105.2331,11.1111,curve_0,LaneKeeping,0.0984,1.2395,11.1111,0.0,,
10.74,pure_pursuit_40,lka_test,47.9585,105.3796,11.1111,curve_0,LaneKeeping,0.0938,1.1688,11.1111,0.0,,
10.76,pure_pursuit_40,lka_test,48.1258,105.5259,11.1111,curve_0,LaneKeeping,0.0896,1.1001,11.1111,0.0,,
10.78,pure_pursuit_40,lka_test,48.2934,105.6718,11.1111,curve_0,LaneKeeping,0.0857,0.9805,11.1111,0.0,,
10.8,pure_pursuit_40,lka_test,48.4613,105.8174,11.1111,curve_0,LaneKeeping,0.0824,0.8652,11.1111,0.0,,
10.82,pure_pursuit_40,lka_test,48.6294,105.9627,11.1111,curve_0,LaneKeeping,0.0795,0.7538,11.1111,0.0,,
10.84,pure_pursuit_40,lka_test,48.7979,106.1077,11.1111,curve_0,LaneKeeping,0.077,0.6463,11.1111,0.0,,
10.86,pure_pursuit_40,lka_test,48.9666,106.2523,11.1111,curve_0,LaneKeeping,0.0749,0.5425,11.1111,0.0,,
10.88,pure_pursuit_40,lka_test,49.1355,106.3967,11.1111,curve_0,LaneKeeping,0.0731,0.4423,11.1111,0.0,,
10.9,pure_pursuit_40,lka_test,49.3047,106.5408,11.1111,curve_0,LaneKeeping,0.0718,0.3453,11.1111,0.0,,
10.92,pure_pursuit_40,lka_test,49.4741,106.6846,11.1111,curve_0,LaneKeeping,0.0708,0.2516,11.1111,0.0,,
10.94,pure_pursuit_40,lka_test,49.6438,106.8281,11.1111,curve_0,LaneKeeping,0.0702,0.161,11.1111,0.0,,
10.96,pure_pursuit_40,lka_test,49.8136,106.9714,11.1111,curve_0,LaneKeeping,0.0699,0.0733,11.1111,0.0,,
10.98,pure_pursuit_40,lka_test,49.9837,107.1144,11.1111,curve_0,LaneKeeping,0.1251,1.6254,11.1111,0.0,,
11.0,pure_pursuit_40,lka_test,50.154,107.2572,11.1111,curve_0,LaneKeeping,0.1191,1.5432,11.1111,0.0,,
11.02,pure_pursuit_40,lka_test,50.3245,107.3997,11.1111,curve_0,LaneKeeping,0.1135,1.4635,11.1111,0.0,,
11.04,pure_pursuit_40,lka_test,50.4952,107.542,11.1111,curve_0,LaneKeeping,0.1081,1.3862,11.1111,0.0,,
11.06,pure_pursuit_40,lka_test,50.6661,107.6841,11.1111,curve_0,LaneKeeping,0.103,1.3112,11.1111,0.0,,
11.08,pure_pursuit_40,lka_test,50.8371,107.826,11.1111,curve_0,LaneKeeping,0.0982,1.2385,11.1111,0.0,,
11.1,pure_pursuit_40,lka_test,51.0083,107.9676,11.1111,curve_0,LaneKeeping,0.0937,1.1678,11.1111,0.0,,
11.12,pure_pursuit_40,lka_test,51.1797,108.1091,11.1111,curve_0,LaneKeeping,0.0894,1.0991,11.1111,0.0,,
11.14,pure_pursuit_40,lka_test,51.3514,108.2502,11.1111,curve_0,LaneKeeping,0.0856,0.9795,11.1111,0.0,,
11.16,pure_pursuit_40,lka_test,51.5234,108.3909,11.1111,curve_0,LaneKeeping,0.0823,0.8642,11.1111,0.0,,
11.18,pure_pursuit_40,lka_test,51.6956,108.5313,11.1111,curve_0,LaneKeeping,0.0793,0.7528,11.1111,0.0,,
11.2,pure_pursuit_40,lka_test,51.8681,108.6714,11.1111,curve_0,LaneKeeping,0.0768,0.6454,11.1111,0.0,,
11.22,pure_pursuit_40,lka_test,52.0409,108.8112,11.1111,curve_0,LaneKeeping,0.0747,0.5416,11.1111,0.0,,
11.24,pure_pursuit_40,lka_test,52.2139,108.9506,11.1111,curve_0,LaneKeeping,0.073,0.4413,11.1111,0.0,,
11.26,pure_pursuit_40,lka_test,52.3871,109.0898,11.1111,curve_0,LaneKeeping,0.0717,0.3444,11.1111,0.0,,
11.28,pure_pursuit_40,lka_test,52.5606,109.2287,11.1111,curve_0,LaneKeeping,0.0707,0.2507,11.1111,0.0,,
11.3,pure_pursuit_40,lka_test,52.7343,109.3673,11.1111,curve_0,LaneKeeping,0.0701,0.16,11.1111,0.0,,
11.32,pure_pursuit_40,lka_test,52.9082,109.5057,11.1111,curve_0,LaneKeeping,0.0698,0.0723,11.1111,0.0,,
11.34,pure_pursuit_40,lka_test,53.0823,109.6438,11.1111,curve_0,LaneKeeping,0.1249,1.6244,11.1111,0.0,,
11.36,pure_pursuit_40,lka_test,53.2566,109.7816,11.1111,curve_0,LaneKeeping,0.119,1.5422,11.1111,0.0,,
11.38,pure_pursuit_40,lka_test,53.4311,109.9192,11.1111,curve_0,LaneKeeping,0.1133,1.4625,11.1111,0.0,,
11.4,pure_pursuit_40,lka_test,53.6057,110.0566,11.1111,curve_0,LaneKeeping,0.1079,1.3852,11.1111,0.0,,
11.42,pure_pursuit_40,lka_test,53.7806,110.1938,11.1111,curve_0,LaneKeeping,0.1028,1.3103,11.1111,0.0,,
11.44,pure_pursuit_40,lka_test,53.9556,110.3307,11.1111,curve_0,LaneKeeping,0.098,1.2375,11.1111,0.0,,
11.46,pure_pursuit_40,lka_test,54.1308,110.4674,11.1111,curve_0,LaneKeeping,0.0935,1.1668,11.1111,0.0,,
11.48,pure_pursuit_40,lka_test,54.3062,110.6039,11.1111,curve_0,LaneKeeping,0.0893,1.0981,11.1111,0.0,,
11.5,pure_pursuit_40,lka_test,54.4818,110.74,11.1111,curve_0,LaneKeeping,0.0855,0.9785,11.1111,0.0,,
11.52,pure_pursuit_40,lka_test,54.6578,110.8758,11.1111,curve_0,LaneKeeping,0.0821,0.8632,11.1111,0.0,,
11.54,pure_pursuit_40,lka_test,54.834,111.0112,11.1111,curve_0,LaneKeeping,0.0792,0.7518,11.1111,0.0,,
11.56,pure_pursuit_40,lka_test,55.0104,111.1463,11.1111,curve_0,LaneKeeping,0.0767,0.6444,11.1111,0.0,,
11.58,pure_pursuit_40,lka_test,55.1871,111.2811,11.1111,curve_0,LaneKeeping,0.0746,0.5406,11.1111,0.0,,
11.6,pure_pursuit_40,lka_test,55.364,111.4155,11.1111,curve_0,LaneKeeping,0.0729,0.4403,11.1111,0.0,,
11.62,pure_pursuit_40,lka_test,55.5411,111.5497,11.1111,curve_0,LaneKeeping,0.0716,0.3434,11.1111,0.0,,
11.64,pure_pursuit_40,lka_test,55.7185,111.6836,11.1111,curve_0,LaneKeeping,0.0706,0.2497,11.1111,0.0,,
11.66,pure_pursuit_40,lka_test,55.8961,111.8172,11.1111,curve_0,LaneKeeping,0.07,0.1591,11.1111,0.0,,
11.68,pure_pursuit_40,lka_test,56.0739,111.9505,11.1111,curve_0,LaneKeeping,0.0697,0.0714,11.1111,0.0,,
11.7,pure_pursuit_40,lka_test,56.2518,112.0836,11.1111,curve_0,LaneKeeping,0.1248,1.6235,11.1111,0.0,,
11.72,pure_pursuit_40,lka_test,56.43,112.2164,11.1111,curve_0,LaneKeeping,0.1188,1.5412,11.1111,0.0,,
11.74,pure_pursuit_40,lka_test,56.6084,112.349,11.1111,curve_0,LaneKeeping,0.1131,1.4615,11.1111,0.0,,
11.76,pure_pursuit_40,lka_test,56.7869,112.4813,11.1111,curve_0,LaneKeeping,0.1078,1.3842,11.1111,0.0,,
11.78,pure_pursuit_40,lka_test,56.9656,112.6134,11.1111,curve_0,LaneKeeping,0.1027,1.3093,11.1111,0.0,,
11.8,pure_pursuit_40,lka_test,57.1445,112.7452,11.1111,curve_0,LaneKeeping,0.0979,1.2365,11.1111,0.0,,
11.82,pure_pursuit_40,lka_test,57.3235,112.8769,11.1111,curve_0,LaneKeeping,0.0934,1.1658,11.1111,0.0,,
11.84,pure_pursuit_40,lka_test,57.5027,113.0083,11.1111,curve_0,LaneKeeping,0.0891,1.0971,11.1111,0.0,,
11.86,pure_pursuit_40,lka_test,57.6822,113.1393,11.1111,curve_0,LaneKeeping,0.0853,0.9776,11.1111,0.0,,
11.88,pure_pursuit_40,lka_test,57.8619,113.27,11.1111,curve_0,LaneKeeping,0.082,0.8622,11.1111,0.0,,
11.9,pure_pursuit_40,lka_test,58.0419,113.4004,11.1111,curve_0,LaneKeeping,0.0791,0.7509,11.1111,0.0,,
11.92,pure_pursuit_40,lka_test,58.2221,113.5304,11.1111,curve_0,LaneKeeping,0.0766,0.6434,11.1111,0.0,,
11.94,pure_pursuit_40,lka_test,58.4026,113.66,11.1111,curve_0,LaneKeeping,0.0745,0.5396,11.1111,0.0,,
11.96,pure_pursuit_40,lka_test,58.5833,113.7894,11.1111,curve_0,LaneKeeping,0.0728,0.4393,11.1111,0.0,,
11.98,pure_pursuit_40,lka_test,58.7642,113.9184,11.1111,curve_0,LaneKeeping,0.0714,0.3424,11.1111,0.0,,
12.0,pure_pursuit_40,lka_test,58.9453,114.0472,11.1111,curve_0,LaneKeeping,0.0705,0.2487,11.1111,0.0,,
12.02,pure_pursuit_40,lka_test,59.1266,114.1757,11.1111,curve_0,LaneKeeping,0.0699,0.1581,11.1111,0.0,,
12.04,pure_pursuit_40,lka_test,59.3082,114.3039,11.1111,curve_0,LaneKeeping,0.0696,0.0704,11.1111,0.0,,
12.06,pure_pursuit_40,lka_test,59.4899,114.4318,11.1111,curve_0,LaneKeeping,0.1246,1.6225,11.1111,0.0,,
12.08,pure_pursuit_40,lka_test,59.6718,114.5594,11.1111,curve_0,LaneKeeping,0.1186,1.5402,11.1111,0.0,,
12.1,pure_pursuit_40,lka_test,59.8538,114.6868,11.1111,curve_0,LaneKeeping,0.113,1.4605,11.1111,0.0,,
12.12,pure_pursuit_40,lka_test,60.0361,114.814,11.1111,curve_0,LaneKeeping,0.1076,1.3833,11.1111,0.0,,
12.14,pure_pursuit_40,lka_test,60.2185,114.9409,11.1111,curve_0,LaneKeeping,0.1025,1.3083,11.1111,0.0,,
12.16,pure_pursuit_40,lka_test,60.4011,115.0676,11.1111,curve_0,LaneKeeping,0.0977,1.2355,11.1111,0.0,,
12.18,pure_pursuit_40,lka_test,60.5838,115.1941,11.1111,curve_0,LaneKeeping,0.0932,1.1648,11.1111,0.0,,
12.2,pure_pursuit_40,lka_test,60.7667,115.3203,11.1111,curve_0,LaneKeeping,0.089,1.0961,11.1111,0.0,,
12.22,pure_pursuit_40,lka_test,60.9498,115.4462,11.1111,curve_0,LaneKeeping,0.0852,0.9766,11.1111,0.0,,
12.24,pure_pursuit_40,lka_test,61.1332,115.5717,11.1111,curve_0,LaneKeeping,0.0818,0.8612,11.1111,0.0,,
12.26,pure_pursuit_40,lka_test,61.3168,115.6968,11.1111,curve_0,LaneKeeping,0.0789,0.7499,11.1111,0.0,,
12.28,pure_pursuit_40,lka_test,61.5007,115.8216,11.1111,curve_0,LaneKeeping,0.0764,0.6424,11.1111,0.0,,
12.3,pure_pursuit_40,lka_test,61.6848,115.9461,11.1111,curve_0,LaneKeeping,0.0743,0.5386,11.1111,0.0,,
12.32,pure_pursuit_40,lka_test,61.8691,116.0702,11.1111,curve_0,LaneKeeping,0.0726,0.4384,11.1111,0.0,,
12.34,pure_pursuit_40,lka_test,62.0536,116.1941,11.1111,curve_0,LaneKeeping,0.0713,0.3414,11.1111,0.0,,
12.36,pure_pursuit_40,lka_test,62.2384,116.3176,11.1111,curve_0,LaneKeeping,0.0704,0.2477,11.1111,0.0,,
12.38,pure_pursuit_40,lka_test,62.4233,116.4408,11.1111,curve_0,LaneKeeping,0.0697,0.1571,11.1111,0.0,,
12.4,pure_pursuit_40,lka_test,62.6084,116.5638,11.1111,curve_0,LaneKeeping,0.0695,0.0694,11.1111,0.0,,
12.42,pure_pursuit_40,lka_test,62.7937,116.6865,11.1111,curve_0,LaneKeeping,0.1244,1.6215,11.1111,0.0,,
12.44,pure_pursuit_40,lka_test,62.9792,116.8089,11.1111,curve_0,LaneKeeping,0.1184,1.5393,11.1111,0.0,,
12.46,pure_pursuit_40,lka_test,63.1648,116.931,11.1111,curve_0,LaneKeeping,0.1128,1.4596,11.1111,0.0,,
12.48,pure_pursuit_40,lka_test,63.3506,117.0529,11.1111,curve_0,LaneKeeping,0.1074,1.3823,11.1111,0.0,,
12.5,pure_pursuit_40,lka_test,63.5366,117.1746,11.1111,curve_0,LaneKeeping,0.1024,1.3073,11.1111,0.0,,
12.52,pure_pursuit_40,lka_test,63.7227,117.296,11.1111,curve_0,LaneKeeping,0.0976,1.2345,11.1111,0.0,,
12.54,pure_pursuit_40,lka_test,63.9089,117.4172,11.1111,curve_0,LaneKeeping,0.0931,1.1638,11.1111,0.0,,
12.56,pure_pursuit_40,lka_test,64.0954,117.5382,11.1111,curve_0,LaneKeeping,0.0888,1.0951,11.1111,0.0,,
12.58,pure_pursuit_40,lka_test,64.282,117.6587,11.1111,curve_0,LaneKeeping,0.085,0.9756,11.1111,0.0,,
12.6,pure_pursuit_40,lka_test,64.4689,117.7789,11.1111,curve_0,LaneKeeping,0.0817,0.8602,11.1111,0.0,,
12.62,pure_pursuit_40,lka_test,64.6561,117.8988,11.1111,curve_0,LaneKeeping,0.0788,0.7489,11.1111,0.0,,
12.64,pure_pursuit_40,lka_test,64.8434,118.0183,11.1111,curve_0,LaneKeeping,0.0763,0.6414,11.1111,0.0,,
12.66,pure_pursuit_40,lka_test,65.031,118.1374,11.1111,curve_0,LaneKeeping,0.0742,0.5376,11.1111,0.0,,
12.68,pure_pursuit_40,lka_test,65.2188,118.2562,11.1111,curve_0,LaneKeeping,0.0725,0.4374,11.1111,0.0,,
12.7,pure_pursuit_40,lka_test,65.4068,118.3747,11.1111,curve_0,LaneKeeping,0.0712,0.3405,11.1111,0.0,,
12.72,pure_pursuit_40,lka_test,65.595,118.4929,11.1111,curve_0,LaneKeeping,0.0702,0.2468,11.1111,0.0,,
12.74,pure_pursuit_40,lka_test,65.7833,118.6108,11.1111,curve_0,LaneKeeping,0.0696,0.1561,11.1111,0.0,,
12.76,pure_pursuit_40,lka_test,65.9719,118.7284,11.1111,curve_0,LaneKeeping,0.0694,0.0684,11.1111,0.0,,
12.78,pure_pursuit_40,lka_test,66.1606,118.8458,11.1111,curve_0,LaneKeeping,0.1242,1.6205,11.1111,0.0,,
12.8,pure_pursuit_40,lka_test,66.3495,118.9628,11.1111,curve_0,LaneKeeping,0.1183,1.5383,11.1111,0.0,,
12.82,pure_pursuit_40,lka_test,66.5386,119.0796,11.1111,curve_0,LaneKeeping,0.1126,1.4586,11.1111,0.0,,
12.84,pure_pursuit_40,lka_test,66.7278,119.1962,11.1111,curve_0,LaneKeeping,0.1073,1.3813,11.1111,0.0,,
12.86,pure_pursuit_40,lka_test,66.9171,119.3125,11.1111,curve_0,LaneKeeping,0.1022,1.3063,11.1111,0.0,,
12.88,pure_pursuit_40,lka_test,67.1066,119.4285,11.1111,curve_0,LaneKeeping,0.0974,1.2336,11.1111,0.0,,
12.9,pure_pursuit_40,lka_test,67.2963,119.5443,11.1111,curve_0,LaneKeeping,0.0929,1.1629,11.1111,0.0,,
12.92,pure_pursuit_40,lka_test,67.4861,119.6599,11.1111,curve_0,LaneKeeping,0.0887,1.0942,11.1111,0.0,,
12.94,pure_pursuit_40,lka_test,67.6761,119.7751,11.1111,curve_0,LaneKeeping,0.0849,0.9746,11.1111,0.0,,
12.96,pure_pursuit_40,lka_test,67.8664,119.8899,11.1111,curve_0,LaneKeeping,0.0815,0.8592,11.1111,0.0,,
12.98,pure_pursuit_40,lka_test,68.0569,120.0044,11.1111,curve_0,LaneKeeping,0.0786,0.7479,11.1111,0.0,,
13.0,pure_pursuit_40,lka_test,68.2476,120.1185,11.1111,curve_0,LaneKeeping,0.0762,0.6405,11.1111,0.0,,
13.02,pure_pursuit_40,lka_test,68.4385,120.2322,11.1111,curve_0,LaneKeeping,0.0741,0.5367,11.1111,0.0,,
13.04,pure_pursuit_40,lka_test,68.6296,120.3456,11.1111,curve_0,LaneKeeping,0.0724,0.4364,11.1111,0.0,,
13.06,pure_pursuit_40,lka_test,68.8209,120.4587,11.1111,curve_0,LaneKeeping,0.0711,0.3395,11.1111,0.0,,
13.08,pure_pursuit_40,lka_test,69.0124,120.5714,11.1111,curve_0,LaneKeeping,0.0701,0.2458,11.1111,0.0,,
13.1,pure_pursuit_40,lka_test,69.204,120.6839,11.1111,curve_0,LaneKeeping,0.0695,0.1552,11.1111,0.0,,
13.12,pure_pursuit_40,lka_test,69.3959,120.7961,11.1111,curve_0,LaneKeeping,0.0693,0.0675,11.1111,0.0,,
13.14,pure_pursuit_40,lka_test,69.5879,120.908,11.1111,curve_0,LaneKeeping,0.1241,1.6196,11.1111,0.0,,
13.16,pure_pursuit_40,lka_test,69.78,121.0196,11.1111,curve_0,LaneKeeping,0.1181,1.5373,11.1111,0.0,,
13.18,pure_pursuit_40,lka_test,69.9724,121.1309,11.1111,curve_0,LaneKeeping,0.1125,1.4576,11.1111,0.0,,
13.2,pure_pursuit_40,lka_test,70.1648,121.242,11.1111,curve_0,LaneKeeping,0.1071,1.3803,11.1111,0.0,,
13.22,pure_pursuit_40,lka_test,70.3574,121.3528,11.1111,curve_0,LaneKeeping,0.102,1.3054,11.1111,0.0,,
13.24,pure_pursuit_40,lka_test,70.5502,121.4634,11.1111,curve_0,LaneKeeping,0.0973,1.2326,11.1111,0.0,,
13.26,pure_pursuit_40,lka_test,70.7431,121.5738,11.1111,curve_0,LaneKeeping,0.0928,1.1619,11.1111,0.0,,
13.28,pure_pursuit_40,lka_test,70.9361,121.6839,11.1111,curve_0,LaneKeeping,0.0885,1.0932,11.1111,0.0,,
13.3,pure_pursuit_40,lka_test,71.1293,121.7936,11.1111,curve_0,LaneKeeping,0.0847,0.9736,11.1111,0.0,,
13.32,pure_pursuit_40,lka_test,71.3228,121.9029,11.1111,curve_0,LaneKeeping,0.0814,0.8583,11.1111,0.0,,
13.34,pure_pursuit_40,lka_test,71.5165,122.0119,11.1111,curve_0,LaneKeeping,0.0785,0.747,11.1111,0.0,,
13.36,pure_pursuit_40,lka_test,71.7104,122.1205,11.1111,curve_0,LaneKeeping,0.076,0.6395,11.1111,0.0,,
13.38,pure_pursuit_40,lka_test,71.9045,122.2287,11.1111,curve_0,LaneKeeping,0.074,0.5357,11.1111,0.0,,
13.4,pure_pursuit_40,lka_test,72.0987,122.3366,11.1111,curve_0,LaneKeeping,0.0723,0.4354,11.1111,0.0,,
13.42,pure_pursuit_40,lka_test,72.2932,122.4442,11.1111,curve_0,LaneKeeping,0.071,0.3385,11.1111,0.0,,
13.44,pure_pursuit_40,lka_test,72.4878,122.5514,11.1111,curve_0,LaneKeeping,0.07,0.2448,11.1111,0.0,,
13.46,pure_pursuit_40,lka_test,72.6826,122.6584,11.1111,curve_0,LaneKeeping,0.0694,0.1542,11.1111,0.0,,
13.48,pure_pursuit_40,lka_test,72.8776,122.765,11.1111,curve_0,LaneKeeping,0.0691,0.0665,11.1111,0.0,,
13.5,pure_pursuit_40,lka_test,73.0727,122.8714,11.1111,curve_0,LaneKeeping,0.1239,1.6186,11.1111,0.0,,
13.52,pure_pursuit_40,lka_test,73.268,122.9774,11.1111,curve_0,LaneKeeping,0.1179,1.5364,11.1111,0.0,,
13.54,pure_pursuit_40,lka_test,73.4634,123.0832,11.1111,curve_0,LaneKeeping,0.1123,1.4566,11.1111,0.0,,
13.56,pure_pursuit_40,lka_test,73.659,123.1888,11.1111,curve_0,LaneKeeping,0.1069,1.3794,11.1111,0.0,,
13.58,pure_pursuit_40,lka_test,73.8547,123.294,11.1111,curve_0,LaneKeeping,0.1019,1.3044,11.1111,0.0,,
13.6,pure_pursuit_40,lka_test,74.0505,123.3991,11.1111,curve_0,LaneKeeping,0.0971,1.2316,11.1111,0.0,,
13.62,pure_pursuit_40,lka_test,74.2464,123.5039,11.1111,curve_0,LaneKeeping,0.0926,1.1609,11.1111,0.0,,
13.64,pure_pursuit_40,lka_test,74.4425,123.6084,11.1111,curve_0,LaneKeeping,0.0884,1.0922,11.1111,0.0,,
13.66,pure_pursuit_40,lka_test,74.6388,123.7126,11.1111,curve_0,LaneKeeping,0.0846,0.9726,11.1111,0.0,,
13.68,pure_pursuit_40,lka_test,74.8354,123.8163,11.1111,curve_0,LaneKeeping,0.0813,0.8573,11.1111,0.0,,
13.7,pure_pursuit_40,lka_test,75.0321,123.9197,11.1111,curve_0,LaneKeeping,0.0784,0.746,11.1111,0.0,,
13.72,pure_pursuit_40,lka_test,75.229,124.0227,11.1111,curve_0,LaneKeeping,0.0759,0.6385,11.1111,0.0,,
13.74,pure_pursuit_40,lka_test,75.4261,124.1253,11.1111,curve_0,LaneKeeping,0.0738,0.5347,11.1111,0.0,,
13.76,pure_pursuit_40,lka_test,75.6234,124.2276,11.1111,curve_0,LaneKeeping,0.0721,0.4345,11.1111,0.0,,
13.78,pure_pursuit_40,lka_test,75.8208,124.3296,11.1111,curve_0,LaneKeeping,0.0708,0.3376,11.1111,0.0,,
13.8,pure_pursuit_40,lka_test,76.0184,124.4312,11.1111,curve_0,LaneKeeping,0.0699,0.2439,11.1111,0.0,,
13.82,pure_pursuit_40,lka_test,76.2162,124.5326,11.1111,curve_0,LaneKeeping,0.0693,0.1532,11.1111,0.0,,
13.84,pure_pursuit_40,lka_test,76.4141,124.6336,11.1111,curve_0,LaneKeeping,0.069,0.0655,11.1111,0.0,,
13.86,pure_pursuit_40,lka_test,76.6122,124.7343,11.1111,curve_0,LaneKeeping,0.1237,1.6176,11.1111,0.0,,
13.88,pure_pursuit_40,lka_test,76.8104,124.8348,11.1111,curve_0,LaneKeeping,0.1178,1.5354,11.1111,0.0,,
13.9,pure_pursuit_40,lka_test,77.0088,124.9349,11.1111,curve_0,LaneKeeping,0.1121,1.4557,11.1111,0.0,,
13.92,pure_pursuit_40,lka_test,77.2073,125.0348,11.1111,curve_0,LaneKeeping,0.1068,1.3784,11.1111,0.0,,
13.94,pure_pursuit_40,lka_test,77.4059,125.1345,11.1111,curve_0,LaneKeeping,0.1017,1.3034,11.1111,0.0,,
13.96,pure_pursuit_40,lka_test,77.6047,125.2339,11.1111,curve_0,LaneKeeping,0.0969,1.2306,11.1111,0.0,,
13.98,pure_pursuit_40,lka_test,77.8036,125.333,11.1111,curve_0,LaneKeeping,0.0925,1.1599,11.1111,0.0,,
14.0,pure_pursuit_40,lka_test,78.0026,125.4319,11.1111,curve_0,LaneKeeping,0.0882,1.0912,11.1111,0.0,,
14.02,pure_pursuit_40,lka_test,78.2018,125.5304,11.1111,curve_0,LaneKeeping,0.0844,0.9716,11.1111,0.0,,
14.04,pure_pursuit_40,lka_test,78.4012,125.6285,11.1111,curve_0,LaneKeeping,0.0811,0.8563,11.1111,0.0,,
14.06,pure_pursuit_40,lka_test,78.6008,125.7262,11.1111,curve_0,LaneKeeping,0.0782,0.745,11.1111,0.0,,
14.08,pure_pursuit_40,lka_test,78.8005,125.8236,11.1111,curve_0,LaneKeeping,0.0758,0.6375,11.1111,0.0,,
14.1,pure_pursuit_40,lka_test,79.0005,125.9205,11.1111,curve_0,LaneKeeping,0.0737,0.5338,11.1111,0.0,,
14.12,pure_pursuit_40,lka_test,79.2006,126.0171,11.1111,curve_0,LaneKeeping,0.072,0.4335,11.1111,0.0,,
14.14,pure_pursuit_40,lka_test,79.4009,126.1134,11.1111,curve_0,LaneKeeping,0.0707,0.3366,11.1111,0.0,,
14.16,pure_pursuit_40,lka_test,79.6013,126.2094,11.1111,curve_0,LaneKeeping,0.0698,0.2429,11.1111,0.0,,
14.18,pure_pursuit_40,lka_test,79.8019,126.305,11.1111,curve_0,LaneKeeping,0.0692,0.1523,11.1111,0.0,,
14.2,pure_pursuit_40,lka_test,80.0027,126.4003,11.1111,curve_0,LaneKeeping,0.0689,0.0646,11.1111,0.0,,
14.22,pure_pursuit_40,lka_test,80.2035,126.4954,11.1111,curve_0,LaneKeeping,0.1235,1.6167,11.1111,0.0,,
14.24,pure_pursuit_40,lka_test,80.4045,126.5901,11.1111,curve_0,LaneKeeping,0.1176,1.5344,11.1111,0.0,,
14.26,pure_pursuit_40,lka_test,80.6057,126.6846,11.1111,curve_0,LaneKeeping,0.112,1.4547,11.1111,0.0,,
14.28,pure_pursuit_40,lka_test,80.807,126.7787,11.1111,curve_0,LaneKeeping,0.1066,1.3774,11.1111,0.0,,
14.3,pure_pursuit_40,lka_test,81.0084,126.8727,11.1111,curve_0,LaneKeeping,0.1016,1.3024,11.1111,0.0,,
14.32,pure_pursuit_40,lka_test,81.2099,126.9663,11.1111,curve_0,LaneKeeping,0.0968,1.2296,11.1111,0.0,,
14.34,pure_pursuit_40,lka_test,81.4115,127.0598,11.1111,curve_0,LaneKeeping,0.0923,1.1589,11.1111,0.0,,
14.36,pure_pursuit_40,lka_test,81.6133,127.1529,11.1111,curve_0,LaneKeeping,0.0881,1.0902,11.1111,0.0,,
14.38,pure_pursuit_40,lka_test,81.8152,127.2457,11.1111,curve_0,LaneKeeping,0.0843,0.9707,11.1111,0.0,,
14.4,pure_pursuit_40,lka_test,82.0173,127.3381,11.1111,curve_0,LaneKeeping,0.081,0.8553,11.1111,0.0,,
14.42,pure_pursuit_40,lka_test,82.2196,127.43,11.1111,curve_0,LaneKeeping,0.0781,0.744,11.1111,0.0,,
14.44,pure_pursuit_40,lka_test,82.4221,127.5216,11.1111,curve_0,LaneKeeping,0.0756,0.6366,11.1111,0.0,,
14.46,pure_pursuit_40,lka_test,82.6247,127.6128,11.1111,curve_0,LaneKeeping,0.0736,0.5328,11.1111,0.0,,
14.48,pure_pursuit_40,lka_test,82.8275,127.7037,11.1111,curve_0,LaneKeeping,0.0719,0.4325,11.1111,0.0,,
14.5,pure_pursuit_40,lka_test,83.0305,127.7942,11.1111,curve_0,LaneKeeping,0.0706,0.3356,11.1111,0.0,,
14.52,pure_pursuit_40,lka_test,83.2336,127.8844,11.1111,curve_0,LaneKeeping,0.0697,0.2419,11.1111,0.0,,
14.54,pure_pursuit_40,lka_test,83.4368,127.9742,11.1111,curve_0,LaneKeeping,0.0691,0.1513,11.1111,0.0,,
14.56,pure_pursuit_40,lka_test,83.6402,128.0638,11.1111,curve_0,LaneKeeping,0.0688,0.0636,11.1111,0.0,,
14.58,pure_pursuit_40,lka_test,83.8437,128.153,11.1111,curve_0,LaneKeeping,0.1234,1.6157,11.1111,0.0,,
14.6,pure_pursuit_40,lka_test,84.0474,128.242,11.1111,curve_0,LaneKeeping,0.1174,1.5334,11.1111,0.0,,
14.62,pure_pursuit_40,lka_test,84.2511,128.3306,11.1111,curve_0,LaneKeeping,0.1118,1.4537,11.1111,0.0,,
14.64,pure_pursuit_40,lka_test,84.455,128.419,11.1111,curve_0,LaneKeeping,0.1065,1.3764,11.1111,0.0,,
14.66,pure_pursuit_40,lka_test,84.659,128.5072,11.1111,curve_0,LaneKeeping,0.1014,1.3015,11.1111,0.0,,
14.68,pure_pursuit_40,lka_test,84.8631,128.595,11.1111,curve_0,LaneKeeping,0.0966,1.2287,11.1111,0.0,,
14.7,pure_pursuit_40,lka_test,85.0673,128.6827,11.1111,curve_0,LaneKeeping,0.0921,1.158,11.1111,0.0,,
14.72,pure_pursuit_40,lka_test,85.2717,128.77,11.1111,curve_0,LaneKeeping,0.0879,1.0892,11.1111,0.0,,
14.74,pure_pursuit_40,lka_test,85.4762,128.857,11.1111,curve_0,LaneKeeping,0.0842,0.9697,11.1111,0.0,,
14.76,pure_pursuit_40,lka_test,85.6808,128.9435,11.1111,curve_0,LaneKeeping,0.0809,0.8544,11.1111,0.0,,
14.78,pure_pursuit_40,lka_test,85.8857,129.0297,11.1111,curve_0,LaneKeeping,0.078,0.7431,11.1111,0.0,,
14.8,pure_pursuit_40,lka_test,86.0907,129.1154,11.1111,curve_0,LaneKeeping,0.0755,0.6356,11.1111,0.0,,
14.82,pure_pursuit_40,lka_test,86.2959,129.2008,11.1111,curve_0,LaneKeeping,0.0734,0.5318,11.1111,0.0,,
14.84,pure_pursuit_40,lka_test,86.5012,129.2858,11.1111,curve_0,LaneKeeping,0.0718,0.4316,11.1111,0.0,,
14.86,pure_pursuit_40,lka_test,86.7066,129.3705,11.1111,curve_0,LaneKeeping,0.0705,0.3347,11.1111,0.0,,
14.88,pure_pursuit_40,lka_test,86.9122,129.4548,11.1111,curve_0,LaneKeeping,0.0695,0.241,11.1111,0.0,,
14.9,pure_pursuit_40,lka_test,87.118,129.5389,11.1111,curve_0,LaneKeeping,0.069,0.1503,11.1111,0.0,,
14.92,pure_pursuit_40,lka_test,87.3238,129.6225,11.1111,curve_0,LaneKeeping,0.0687,0.0626,11.1111,0.0,,
14.94,pure_pursuit_40,lka_test,87.5298,129.7059,11.1111,curve_0,LaneKeeping,0.1232,1.6147,11.1111,0.0,,
14.96,pure_pursuit_40,lka_test,87.7359,129.789,11.1111,curve_0,LaneKeeping,0.1173,1.5325,11.1111,0.0,,
14.98,pure_pursuit_40,lka_test,87.9421,129.8719,11.1111,curve_0,LaneKeeping,0.1116,1.4528,11.1111,0.0,,
15.0,pure_pursuit_40,lka_test,88.1484,129.9544,11.1111,curve_0,LaneKeeping,0.1063,1.3755,11.1111,0.0,,
15.02,pure_pursuit_40,lka_test,88.3549,130.0367,11.1111,curve_0,LaneKeeping,0.1012,1.3005,11.1111,0.0,,
15.04,pure_pursuit_40,lka_test,88.5614,130.1187,11.1111,curve_0,LaneKeeping,0.0965,1.2277,11.1111,0.0,,
15.06,pure_pursuit_40,lka_test,88.7681,130.2004,11.1111,curve_0,LaneKeeping,0.092,1.157,11.1111,0.0,,
15.08,pure_pursuit_40,lka_test,88.9748,130.2819,11.1111,curve_0,LaneKeeping,0.0878,1.0883,11.1111,0.0,,
15.1,pure_pursuit_40,lka_test,89.1817,130.363,11.1111,curve_0,LaneKeeping,0.084,0.9687,11.1111,0.0,,
15.12,pure_pursuit_40,lka_test,89.3888,130.4436,11.1111,curve_0,LaneKeeping,0.0807,0.8534,11.1111,0.0,,
15.14,pure_pursuit_40,lka_test,89.596,130.5239,11.1111,curve_0,LaneKeeping,0.0778,0.7421,11.1111,0.0,,
15.16,pure_pursuit_40,lka_test,89.8034,130.6037,11.1111,curve_0,LaneKeeping,0.0754,0.6346,11.1111,0.0,,
15.18,pure_pursuit_40,lka_test,90.0109,130.6832,11.1111,curve_0,LaneKeeping,0.0733,0.5309,11.1111,0.0,,
15.2,pure_pursuit_40,lka_test,90.2186,130.7623,11.1111,curve_0,LaneKeeping,0.0716,0.4306,11.1111,0.0,,
15.22,pure_pursuit_40,lka_test,90.4264,130.8411,11.1111,curve_0,LaneKeeping,0.0703,0.3337,11.1111,0.0,,
15.24,pure_pursuit_40,lka_test,90.6343,130.9195,11.1111,curve_0,LaneKeeping,0.0694,0.24,11.1111,0.0,,
15.26,pure_pursuit_40,lka_test,90.8423,130.9976,11.1111,curve_0,LaneKeeping,0.0688,0.1494,11.1111,0.0,,
15.28,pure_pursuit_40,lka_test,91.0505,131.0754,11.1111,curve_0,LaneKeeping,0.0686,0.0617,11.1111,0.0,,
15.3,pure_pursuit_40,lka_test,91.2588,131.1529,11.1111,curve_0,LaneKeeping,0.123,1.6138,11.1111,0.0,,
15.32,pure_pursuit_40,lka_test,91.4672,131.23,11.1111,curve_0,LaneKeeping,0.1171,1.5315,11.1111,0.0,,
15.34,pure_pursuit_40,lka_test,91.6757,131.3069,11.1111,curve_0,LaneKeeping,0.1115,1.4518,11.1111,0.0,,
15.36,pure_pursuit_40,lka_test,91.8843,131.3835,11.1111,curve_0,LaneKeeping,0.1061,1.3745,11.1111,0.0,,
15.38,pure_pursuit_40,lka_test,92.093,131.4599,11.1111,curve_0,LaneKeeping,0.1011,1.2995,11.1111,0.0,,
15.4,pure_pursuit_40,lka_test,92.3018,131.5359,11.1111,curve_0,LaneKeeping,0.0963,1.2267,11.1111,0.0,,
15.42,pure_pursuit_40,lka_test,92.5107,131.6117,11.1111,curve_0,LaneKeeping,0.0918,1.156,11.1111,0.0,,
15.44,pure_pursuit_40,lka_test,92.7196,131.6873,11.1111,curve_0,LaneKeeping,0.0876,1.0873,11.1111,0.0,,
15.46,pure_pursuit_40,lka_test,92.9288,131.7624,11.1111,curve_0,LaneKeeping,0.0839,0.9677,11.1111,0.0,,
15.48,pure_pursuit_40,lka_test,93.1381,131.8371,11.1111,curve_0,LaneKeeping,0.0806,0.8524,11.1111,0.0,,
15.5,pure_pursuit_40,lka_test,93.3475,131.9114,11.1111,curve_0,LaneKeeping,0.0777,0.7411,11.1111,0.0,,
15.52,pure_pursuit_40,lka_test,93.5571,131.9853,11.1111,curve_0,LaneKeeping,0.0752,0.6337,11.1111,0.0,,
15.54,pure_pursuit_40,lka_test,93.7668,132.0588,11.1111,curve_0,LaneKeeping,0.0732,0.5299,11.1111,0.0,,
15.56,pure_pursuit_40,lka_test,93.9766,132.132,11.1111,curve_0,LaneKeeping,0.0715,0.4296,11.1111,0.0,,
15.58,pure_pursuit_40,lka_test,94.1866,132.2048,11.1111,curve_0,LaneKeeping,0.0702,0.3327,11.1111,0.0,,
15.6,pure_pursuit_40,lka_test,94.3967,132.2772,11.1111,curve_0,LaneKeeping,0.0693,0.239,11.1111,0.0,,
15.62,pure_pursuit_40,lka_test,94.6069,132.3493,11.1111,curve_0,LaneKeeping,0.0687,0.1484,11.1111,0.0,,
15.64,pure_pursuit_40,lka_test,94.8172,132.4211,11.1111,curve_0,LaneKeeping,0.0685,0.0607,11.1111,0.0,,
15.66,pure_pursuit_40,lka_test,95.0276,132.4926,11.1111,curve_0,LaneKeeping,0.1229,1.6128,11.1111,0.0,,
15.68,pure_pursuit_40,lka_test,95.2381,132.5638,11.1111,curve_0,LaneKeeping,0.1169,1.5305,11.1111,0.0,,
15.7,pure_pursuit_40,lka_test,95.4487,132.6347,11.1111,curve_0,LaneKeeping,0.1113,1.4508,11.1111,0.0,,
15.72,pure_pursuit_40,lka_test,95.6594,132.7053,11.1111,curve_0,LaneKeeping,0.106,1.3735,11.1111,0.0,,
15.74,pure_pursuit_40,lka_test,95.8702,132.7756,11.1111,curve_0,LaneKeeping,0.1009,1.2985,11.1111,0.0,,
15.76,pure_pursuit_40,lka_test,96.0811,132.8457,11.1111,curve_0,LaneKeeping,0.0962,1.2257,11.1111,0.0,,
15.78,pure_pursuit_40,lka_test,96.2921,132.9155,11.1111,curve_0,LaneKeeping,0.0917,1.155,11.1111,0.0,,
15.8,pure_pursuit_40,lka_test,96.5031,132.9851,11.1111,curve_0,LaneKeeping,0.0875,1.0863,11.1111,0.0,,
15.82,pure_pursuit_40,lka_test,96.7143,133.0542,11.1111,curve_0,LaneKeeping,0.0837,0.9668,11.1111,0.0,,
15.84,pure_pursuit_40,lka_test,96.9257,133.1229,11.1111,curve_0,LaneKeeping,0.0804,0.8514,11.1111,0.0,,
15.86,pure_pursuit_40,lka_test,97.1371,133.1911,11.1111,curve_0,LaneKeeping,0.0776,0.7401,11.1111,0.0,,
15.88,pure_pursuit_40,lka_test,97.3487,133.259,11.1111,curve_0,LaneKeeping,0.0751,0.6327,11.1111,0.0,,
15.9,pure_pursuit_40,lka_test,97.5605,133.3265,11.1111,curve_0,LaneKeeping,0.0731,0.5289,11.1111,0.0,,
15.92,pure_pursuit_40,lka_test,97.7723,133.3936,11.1111,curve_0,LaneKeeping,0.0714,0.4287,11.1111,0.0,,
15.94,pure_pursuit_40,lka_test,97.9843,133.4604,11.1111,curve_0,LaneKeeping,0.0701,0.3318,11.1111,0.0,,
15.96,pure_pursuit_40,lka_test,98.1963,133.5268,11.1111,curve_0,LaneKeeping,0.0692,0.2381,11.1111,0.0,,
15.98,pure_pursuit_40,lka_test,98.4085,133.5929,11.1111,curve_0,LaneKeeping,0.0686,0.1474,11.1111,0.0,,
16.0,pure_pursuit_40,lka_test,98.6208,133.6586,11.1111,curve_0,LaneKeeping,0.0684,0.0597,11.1111,0.0,,
16.02,pure_pursuit_40,lka_test,98.8331,133.7241,11.1111,curve_0,LaneKeeping,0.1227,1.6118,11.1111,0.0,,
16.04,pure_pursuit_40,lka_test,99.0456,133.7892,11.1111,curve_0,LaneKeeping,0.1168,1.5296,11.1111,0.0,,
16.06,pure_pursuit_40,lka_test,99.2582,133.8541,11.1111,curve_0,LaneKeeping,0.1111,1.4499,11.1111,0.0,,
16.08,pure_pursuit_40,lka_test,99.4708,133.9186,11.1111,curve_0,LaneKeeping,0.1058,1.3726,11.1111,0.0,,
16.1,pure_pursuit_40,lka_test,99.6835,133.9829,11.1111,curve_0,LaneKeeping,0.1008,1.2976,11.1111,0.0,,
16.12,pure_pursuit_40,lka_test,99.8963,134.0469,11.1111,curve_0,LaneKeeping,0.096,1.2248,11.1111,0.0,,
16.14,pure_pursuit_40,lka_test,100.1092,134.1107,11.1111,curve_0,LaneKeeping,0.0916,1.154,11.1111,0.0,,
16.16,pure_pursuit_40,lka_test,100.3222,134.1741,11.1111,curve_0,LaneKeeping,0.0873,1.0853,11.1111,0.0,,
16.18,pure_pursuit_40,lka_test,100.5353,134.2372,11.1111,curve_0,LaneKeeping,0.0836,0.9658,11.1111,0.0,,
16.2,pure_pursuit_40,lka_test,100.7485,134.2998,11.1111,curve_0,LaneKeeping,0.0803,0.8505,11.1111,0.0,,
16.22,pure_pursuit_40,lka_test,100.9618,134.362,11.1111,curve_0,LaneKeeping,0.0774,0.7392,11.1111,0.0,,
16.24,pure_pursuit_40,lka_test,101.1753,134.4238,11.1111,curve_0,LaneKeeping,0.075,0.6317,11.1111,0.0,,
16.26,pure_pursuit_40,lka_test,101.3888,134.4852,11.1111,curve_0,LaneKeeping,0.0729,0.528,11.1111,0.0,,
16.28,pure_pursuit_40,lka_test,101.6025,134.5463,11.1111,curve_0,LaneKeeping,0.0713,0.4277,11.1111,0.0,,
16.3,pure_pursuit_40,lka_test,101.8163,134.6069,11.1111,curve_0,LaneKeeping,0.07,0.3308,11.1111,0.0,,
16.32,pure_pursuit_40,lka_test,102.0302,134.6673,11.1111,curve_0,LaneKeeping,0.0691,0.2371,11.1111,0.0,,
16.34,pure_pursuit_40,lka_test,102.2441,134.7273,11.1111,curve_0,LaneKeeping,0.0685,0.1465,11.1111,0.0,,
16.36,pure_pursuit_40,lka_test,102.4582,134.7869,11.1111,curve_0,LaneKeeping,0.0683,0.0588,11.1111,0.0,,
16.38,pure_pursuit_40,lka_test,102.6723,134.8463,11.1111,curve_0,LaneKeeping,0.1225,1.6109,11.1111,0.0,,
16.4,pure_pursuit_40,lka_test,102.8866,134.9053,11.1111,curve_0,LaneKeeping,0.1166,1.5286,11.1111,0.0,,
16.42,pure_pursuit_40,lka_test,103.1009,134.9641,11.1111,curve_0,LaneKeeping,0.111,1.4489,11.1111,0.0,,
16.44,pure_pursuit_40,lka_test,103.3153,135.0225,11.1111,curve_0,LaneKeeping,0.1056,1.3716,11.1111,0.0,,
16.46,pure_pursuit_40,lka_test,103.5298,135.0807,11.1111,curve_0,LaneKeeping,0.1006,1.2966,11.1111,0.0,,
16.48,pure_pursuit_40,lka_test,103.7443,135.1386,11.1111,curve_0,LaneKeeping,0.0959,1.2238,11.1111,0.0,,
16.5,pure_pursuit_40,lka_test,103.9589,135.1962,11.1111,curve_0,LaneKeeping,0.0914,1.1531,11.1111,0.0,,
16.52,pure_pursuit_40,lka_test,104.1736,135.2536,11.1111,curve_0,LaneKeeping,0.0872,1.0843,11.1111,0.0,,
16.54,pure_pursuit_40,lka_test,104.3884,135.3105,11.1111,curve_0,LaneKeeping,0.0835,0.9648,11.1111,0.0,,
16.56,pure_pursuit_40,lka_test,104.6034,135.367,11.1111,curve_0,LaneKeeping,0.0802,0.8495,11.1111,0.0,,
16.58,pure_pursuit_40,lka_test,104.8184,135.4231,11.1111,curve_0,LaneKeeping,0.0773,0.7382,11.1111,0.0,,
16.6,pure_pursuit_40,lka_test,105.0335,135.4788,11.1111,curve_0,LaneKeeping,0.0749,0.6308,11.1111,0.0,,
16.62,pure_pursuit_40,lka_test,105.2488,135.534,11.1111,curve_0,LaneKeeping,0.0728,0.527,11.1111,0.0,,
16.64,pure_pursuit_40,lka_test,105.4641,135.589,11.1111,curve_0,LaneKeeping,0.0712,0.4268,11.1111,0.0,,
16.66,pure_pursuit_40,lka_test,105.6795,135.6435,11.1111,curve_0,LaneKeeping,0.0699,0.3299,11.1111,0.0,,
16.68,pure_pursuit_40,lka_test,105.895,135.6977,11.1111,curve_0,LaneKeeping,0.069,0.2362,11.1111,0.0,,
16.7,pure_pursuit_40,lka_test,106.1106,135.7515,11.1111,curve_0,LaneKeeping,0.0684,0.1455,11.1111,0.0,,
16.72,pure_pursuit_40,lka_test,106.3263,135.8051,11.1111,curve_0,LaneKeeping,0.0682,0.0578,11.1111,0.0,,
16.74,pure_pursuit_40,lka_test,106.5421,135.8583,11.1111,curve_0,LaneKeeping,0.1223,1.6099,11.1111,0.0,,
16.76,pure_pursuit_40,lka_test,106.7579,135.9112,11.1111,curve_0,LaneKeeping,0.1164,1.5277,11.1111,0.0,,
16.78,pure_pursuit_40,lka_test,106.9738,135.9637,11.1111,curve_0,LaneKeeping,0.1108,1.4479,11.1111,0.0,,
16.8,pure_pursuit_40,lka_test,107.1898,136.016,11.1111,curve_0,LaneKeeping,0.1055,1.3706,11.1111,0.0,,
16.82,pure_pursuit_40,lka_test,107.4058,136.0681,11.1111,curve_0,LaneKeeping,0.1005,1.2956,11.1111,0.0,,
16.84,pure_pursuit_40,lka_test,107.622,136.1198,11.1111,curve_0,LaneKeeping,0.0957,1.2228,11.1111,0.0,,
16.86,pure_pursuit_40,lka_test,107.8381,136.1713,11.1111,curve_0,LaneKeeping,0.0913,1.1521,11.1111,0.0,,
16.88,pure_pursuit_40,lka_test,108.0544,136.2225,11.1111,curve_0,LaneKeeping,0.0871,1.0834,11.1111,0.0,,
16.9,pure_pursuit_40,lka_test,108.2707,136.2733,11.1111,curve_0,LaneKeeping,0.0833,0.9638,11.1111,0.0,,
16.92,pure_pursuit_40,lka_test,108.4872,136.3236,11.1111,curve_0,LaneKeeping,0.08,0.8485,11.1111,0.0,,
16.94,pure_pursuit_40,lka_test,108.7037,136.3735,11.1111,curve_0,LaneKeeping,0.0772,0.7373,11.1111,0.0,,
16.96,pure_pursuit_40,lka_test,108.9203,136.423,11.1111,curve_0,LaneKeeping,0.0747,0.6298,11.1111,0.0,,
16.98,pure_pursuit_40,lka_test,109.1371,136.4721,11.1111,curve_0,LaneKeeping,0.0727,0.526,11.1111,0.0,,
17.0,pure_pursuit_40,lka_test,109.3539,136.5208,11.1111,curve_0,LaneKeeping,0.071,0.4258,11.1111,0.0,,
0.0,pure_pursuit_60,lka_test,0.0,0.0,16.6667,curve_0,LaneKeeping,0.0,0.8185,16.6667,0.0,,
0.02,pure_pursuit_60,lka_test,0.0009,0.3333,16.6667,curve_0,LaneKeeping,-0.0039,0.6651,16.6667,0.0,,
0.04,pure_pursuit_60,lka_test,0.0026,0.6667,16.6667,curve_0,LaneKeeping,-0.0069,0.5171,16.6667,0.0,,
0.06,pure_pursuit_60,lka_test,0.0052,1.0,16.6667,curve_0,LaneKeeping,-0.0091,0.3743,16.6667,0.0,,
0.08,pure_pursuit_60,lka_test,0.0086,1.3333,16.6667,curve_0,LaneKeeping,-0.0104,0.2364,16.6667,0.0,,
0.1,pure_pursuit_60,lka_test,0.0131,1.6666,16.6667,curve_0,LaneKeeping,-0.0107,0.0518,16.6667,0.0,,
0.12,pure_pursuit_60,lka_test,0.0186,1.9999,16.6667,curve_0,LaneKeeping,0.0471,1.5116,16.6667,0.0,,
0.14,pure_pursuit_60,lka_test,0.025,2.3332,16.6667,curve_0,LaneKeeping,0.0393,1.3416,16.6667,0.0,,
0.16,pure_pursuit_60,lka_test,0.0325,2.6664,16.6667,curve_0,LaneKeeping,0.0325,1.1782,16.6667,0.0,,
0.18,pure_pursuit_60,lka_test,0.0408,2.9996,16.6667,curve_0,LaneKeeping,0.0265,1.0213,16.6667,0.0,,
0.2,pure_pursuit_60,lka_test,0.05,3.3328,16.6667,curve_0,LaneKeeping,0.0215,0.8704,16.6667,0.0,,
0.22,pure_pursuit_60,lka_test,0.0601,3.666,16.6667,curve_0,LaneKeeping,0.0173,0.7252,16.6667,0.0,,
0.24,pure_pursuit_60,lka_test,0.071,3.9992,16.6667,curve_0,LaneKeeping,0.0138,0.5853,16.6667,0.0,,
0.26,pure_pursuit_60,lka_test,0.0826,4.3323,16.6667,curve_0,LaneKeeping,0.0112,0.4506,16.6667,0.0,,
0.28,pure_pursuit_60,lka_test,0.0951,4.6654,16.6667,curve_0,LaneKeeping,0.0094,0.3207,16.6667,0.0,,
0.3,pure_pursuit_60,lka_test,0.1082,4.9985,16.6667,curve_0,LaneKeeping,0.0082,0.1953,16.6667,0.0,,
0.32,pure_pursuit_60,lka_test,0.1221,5.3315,16.6667,curve_0,LaneKeeping,0.0078,0.0741,16.6667,0.0,,
0.34,pure_pursuit_60,lka_test,0.1369,5.6645,16.6667,curve_0,LaneKeeping,0.0084,-0.096,16.6667,0.0,,
0.36,pure_pursuit_60,lka_test,0.1527,5.9975,16.6667,curve_0,LaneKeeping,0.067,1.3779,16.6667,0.0,,
0.38,pure_pursuit_60,lka_test,0.1694,6.3304,16.6667,curve_0,LaneKeeping,0.0599,1.2212,16.6667,0.0,,
0.4,pure_pursuit_60,lka_test,0.187,6.6633,16.6667,curve_0,LaneKeeping,0.0536,1.0708,16.6667,0.0,,
0.42,pure_pursuit_60,lka_test,0.2054,6.9961,16.6667,curve_0,LaneKeeping,0.0483,0.9262,16.6667,0.0,,
0.44,pure_pursuit_60,lka_test,0.2246,7.3289,16.6667,curve_0,LaneKeeping,0.0437,0.7872,16.6667,0.0,,
0.46,pure_pursuit_60,lka_test,0.2446,7.6616,16.6667,curve_0,LaneKeeping,0.0399,0.6535,16.6667,0.0,,
0.48,pure_pursuit_60,lka_test,0.2653,7.9943,16.6667,curve_0,LaneKeeping,0.0368,0.5247,16.6667,0.0,,
0.5,pure_pursuit_60,lka_test,0.2868,8.3269,16.6667,curve_0,LaneKeeping,0.0345,0.4006,16.6667,0.0,,
0.52,pure_pursuit_60,lka_test,0.309,8.6595,16.6667,curve_0,LaneKeeping,0.0329,0.2809,16.6667,0.0,,
0.54,pure_pursuit_60,lka_test,0.3318,8.9921,16.6667,curve_0,LaneKeeping,0.0319,0.1654,16.6667,0.0,,
0.56,pure_pursuit_60,lka_test,0.3553,9.3246,16.6667,curve_0,LaneKeeping,0.0316,0.0538,16.6667,0.0,,
0.58,pure_pursuit_60,lka_test,0.3797,9.657,16.6667,curve_0,LaneKeeping,0.0322,-0.1092,16.6667,0.0,,
0.6,pure_pursuit_60,lka_test,0.405,9.9894,16.6667,curve_0,LaneKeeping,0.0908,1.3714,16.6667,0.0,,
0.62,pure_pursuit_60,lka_test,0.4312,10.3217,16.6667,curve_0,LaneKeeping,0.0837,1.2213,16.6667,0.0,,
0.64,pure_pursuit_60,lka_test,0.4583,10.6539,16.6667,curve_0,LaneKeeping,0.0775,1.0771,16.6667,0.0,,
0.66,pure_pursuit_60,lka_test,0.4861,10.9861,16.6667,curve_0,LaneKeeping,0.072,0.9385,16.6667,0.0,,
0.68,pure_pursuit_60,lka_test,0.5147,11.3182,16.6667,curve_0,LaneKeeping,0.0673,0.8053,16.6667,0.0,,
0.7,pure_pursuit_60,lka_test,0.5441,11.6503,16.6667,curve_0,LaneKeeping,0.0634,0.677,16.6667,0.0,,
0.72,pure_pursuit_60,lka_test,0.5741,11.9822,16.6667,curve_0,LaneKeeping,0.0602,0.5536,16.6667,0.0,,
0.74,pure_pursuit_60,lka_test,0.6049,12.3141,16.6667,curve_0,LaneKeeping,0.0576,0.4346,16.6667,0.0,,
0.76,pure_pursuit_60,lka_test,0.6363,12.646,16.6667,curve_0,LaneKeeping,0.0558,0.3199,16.6667,0.0,,
0.78,pure_pursuit_60,lka_test,0.6684,12.9778,16.6667,curve_0,LaneKeeping,0.0546,0.2092,16.6667,0.0,,
0.8,pure_pursuit_60,lka_test,0.7011,13.3095,16.6667,curve_0,LaneKeeping,0.054,0.1023,16.6667,0.0,,
0.82,pure_pursuit_60,lka_test,0.7347,13.6411,16.6667,curve_0,LaneKeeping,0.0543,-0.0584,16.6667,0.0,,
0.84,pure_pursuit_60,lka_test,0.7692,13.9727,16.6667,curve_0,LaneKeeping,0.1126,1.4246,16.6667,0.0,,
0.86,pure_pursuit_60,lka_test,0.8046,14.3041,16.6667,curve_0,LaneKeeping,0.1051,1.2767,16.6667,0.0,,
0.88,pure_pursuit_60,lka_test,0.8407,14.6355,16.6667,curve_0,LaneKeeping,0.0985,1.1346,16.6667,0.0,,
0.9,pure_pursuit_60,lka_test,0.8777,14.9668,16.6667,curve_0,LaneKeeping,0.0927,0.9981,16.6667,0.0,,
0.92,pure_pursuit_60,lka_test,0.9154,15.298,16.6667,curve_0,LaneKeeping,0.0877,0.8668,16.6667,0.0,,
0.94,pure_pursuit_60,lka_test,0.9539,15.6291,16.6667,curve_0,LaneKeeping,0.0834,0.7405,16.6667,0.0,,
0.96,pure_pursuit_60,lka_test,0.9931,15.9601,16.6667,curve_0,LaneKeeping,0.0798,0.6189,16.6667,0.0,,
0.98,pure_pursuit_60,lka_test,1.0329,16.291,16.6667,curve_0,LaneKeeping,0.0769,0.5017,16.6667,0.0,,
1.0,pure_pursuit_60,lka_test,1.0734,16.6219,16.6667,curve_0,LaneKeeping,0.0746,0.3887,16.6667,0.0,,
1.02,pure_pursuit_60,lka_test,1.1145,16.9527,16.6667,curve_0,LaneKeeping,0.073,0.2796,16.6667,0.0,,
1.04,pure_pursuit_60,lka_test,1.1563,17.2834,16.6667,curve_0,LaneKeeping,0.072,0.1742,16.6667,0.0,,
1.06,pure_pursuit_60,lka_test,1.1989,17.614,16.6667,curve_0,LaneKeeping,0.0719,0.0135,16.6667,0.0,,
1.08,pure_pursuit_60,lka_test,1.2425,17.9445,16.6667,curve_0,LaneKeeping,0.1297,1.4963,16.6667,0.0,,
1.1,pure_pursuit_60,lka_test,1.2869,18.2748,16.6667,curve_0,LaneKeeping,0.1218,1.3483,16.6667,0.0,,
1.12,pure_pursuit_60,lka_test,1.3321,18.6051,16.6667,curve_0,LaneKeeping,0.1148,1.2061,16.6667,0.0,,
1.14,pure_pursuit_60,lka_test,1.3781,18.9352,16.6667,curve_0,LaneKeeping,0.1086,1.0695,16.6667,0.0,,
1.16,pure_pursuit_60,lka_test,1.4249,19.2653,16.6667,curve_0,LaneKeeping,0.1031,0.9381,16.6667,0.0,,
1.18,pure_pursuit_60,lka_test,1.4724,19.5952,16.6667,curve_0,LaneKeeping,0.0984,0.8117,16.6667,0.0,,
1.2,pure_pursuit_60,lka_test,1.5206,19.925,16.6667,curve_0,LaneKeeping,0.0944,0.6899,16.6667,0.0,,
1.22,pure_pursuit_60,lka_test,1.5695,20.2548,16.6667,curve_0,LaneKeeping,0.0911,0.5726,16.6667,0.0,,
1.24,pure_pursuit_60,lka_test,1.619,20.5844,16.6667,curve_0,LaneKeeping,0.0884,0.4595,16.6667,0.0,,
1.26,pure_pursuit_60,lka_test,1.6691,20.9139,16.6667,curve_0,LaneKeeping,0.0863,0.3504,16.6667,0.0,,
1.28,pure_pursuit_60,lka_test,1.7199,21.2434,16.6667,curve_0,LaneKeeping,0.0849,0.2449,16.6667,0.0,,
1.3,pure_pursuit_60,lka_test,1.7716,21.5727,16.6667,curve_0,LaneKeeping,0.0844,0.0829,16.6667,0.0,,
1.32,pure_pursuit_60,lka_test,1.8242,21.9018,16.6667,curve_0,LaneKeeping,0.1417,1.5645,16.6667,0.0,,
1.34,pure_pursuit_60,lka_test,1.8776,22.2309,16.6667,curve_0,LaneKeeping,0.1335,1.4152,16.6667,0.0,,
1.36,pure_pursuit_60,lka_test,1.9319,22.5597,16.6667,curve_0,LaneKeeping,0.1261,1.2719,16.6667,0.0,,
1.38,pure_pursuit_60,lka_test,1.9869,22.8885,16.6667,curve_0,LaneKeeping,0.1195,1.1342,16.6667,0.0,,
1.4,pure_pursuit_60,lka_test,2.0427,23.2171,16.6667,curve_0,LaneKeeping,0.1137,1.0018,16.6667,0.0,,
1.42,pure_pursuit_60,lka_test,2.0993,23.5456,16.6667,curve_0,LaneKeeping,0.1086,0.8744,16.6667,0.0,,
1.44,pure_pursuit_60,lka_test,2.1565,23.874,16.6667,curve_0,LaneKeeping,0.1042,0.7517,16.6667,0.0,,
1.46,pure_pursuit_60,lka_test,2.2145,24.2023,16.6667,curve_0,LaneKeeping,0.1005,0.6334,16.6667,0.0,,
1.48,pure_pursuit_60,lka_test,2.273,24.5304,16.6667,curve_0,LaneKeeping,0.0975,0.5194,16.6667,0.0,,
1.5,pure_pursuit_60,lka_test,2.3322,24.8584,16.6667,curve_0,LaneKeeping,0.0951,0.4094,16.6667,0.0,,
1.52,pure_pursuit_60,lka_test,2.3921,25.1864,16.6667,curve_0,LaneKeeping,0.0934,0.3031,16.6667,0.0,,
1.54,pure_pursuit_60,lka_test,2.4528,25.5141,16.6667,curve_0,LaneKeeping,0.0925,0.1394,16.6667,0.0,,
1.56,pure_pursuit_60,lka_test,2.5145,25.8417,16.6667,curve_0,LaneKeeping,0.1494,1.6195,16.6667,0.0,,
1.58,pure_pursuit_60,lka_test,2.577,26.1691,16.6667,curve_0,LaneKeeping,0.1409,1.4688,16.6667,0.0,,
1.6,pure_pursuit_60,lka_test,2.6403,26.4964,16.6667,curve_0,LaneKeeping,0.1332,1.3241,16.6667,0.0,,
1.62,pure_pursuit_60,lka_test,2.7044,26.8235,16.6667,curve_0,LaneKeeping,0.1263,1.185,16.6667,0.0,,
1.64,pure_pursuit_60,lka_test,2.7693,27.1504,16.6667,curve_0,LaneKeeping,0.1202,1.0513,16.6667,0.0,,
1.66,pure_pursuit_60,lka_test,2.835,27.4773,16.6667,curve_0,LaneKeeping,0.1148,0.9226,16.6667,0.0,,
1.68,pure_pursuit_60,lka_test,2.9013,27.8039,16.6667,curve_0,LaneKeeping,0.1102,0.7986,16.6667,0.0,,
1.7,pure_pursuit_60,lka_test,2.9683,28.1304,16.6667,curve_0,LaneKeeping,0.1062,0.6792,16.6667,0.0,,
1.72,pure_pursuit_60,lka_test,3.036,28.4568,16.6667,curve_0,LaneKeeping,0.1029,0.5641,16.6667,0.0,,
1.74,pure_pursuit_60,lka_test,3.1043,28.7831,16.6667,curve_0,LaneKeeping,0.1003,0.4529,16.6667,0.0,,
1.76,pure_pursuit_60,lka_test,3.1732,29.1092,16.6667,curve_0,LaneKeeping,0.0983,0.3456,16.6667,0.0,,
1.78,pure_pursuit_60,lka_test,3.2431,29.4352,16.6667,curve_0,LaneKeeping,0.0972,0.1805,16.6667,0.0,,
1.8,pure_pursuit_60,lka_test,3.3138,29.7609,16.6667,curve_0,LaneKeeping,0.1538,1.6591,16.6667,0.0,,
1.82,pure_pursuit_60,lka_test,3.3854,30.0864,16.6667,curve_0,LaneKeeping,0.145,1.507,16.6667,0.0,,
1.84,pure_pursuit_60,lka_test,3.4579,30.4118,16.6667,curve_0,LaneKeeping,0.1371,1.361,16.6667,0.0,,
1.86,pure_pursuit_60,lka_test,3.5311,30.737,16.6667,curve_0,LaneKeeping,0.13,1.2207,16.6667,0.0,,
1.88,pure_pursuit_60,lka_test,3.6052,31.062,16.6667,curve_0,LaneKeeping,0.1237,1.0857,16.6667,0.0,,
1.9,pure_pursuit_60,lka_test,3.6799,31.3868,16.6667,curve_0,LaneKeeping,0.1181,0.9558,16.6667,0.0,,
1.92,pure_pursuit_60,lka_test,3.7554,31.7115,16.6667,curve_0,LaneKeeping,0.1133,0.8308,16.6667,0.0,,
1.94,pure_pursuit_60,lka_test,3.8315,32.036,16.6667,curve_0,LaneKeeping,0.1092,0.7103,16.6667,0.0,,
1.96,pure_pursuit_60,lka_test,3.9083,32.3604,16.6667,curve_0,LaneKeeping,0.1057,0.5941,16.6667,0.0,,
1.98,pure_pursuit_60,lka_test,3.9857,32.6846,16.6667,curve_0,LaneKeeping,0.1029,0.4819,16.6667,0.0,,
2.0,pure_pursuit_60,lka_test,4.0638,33.0087,16.6667,curve_0,LaneKeeping,0.1007,0.3736,16.6667,0.0,,
2.02,pure_pursuit_60,lka_test,4.1428,33.3325,16.6667,curve_0,LaneKeeping,0.0995,0.2073,16.6667,0.0,,
2.04,pure_pursuit_60,lka_test,4.2227,33.6562,16.6667,curve_0,LaneKeeping,0.1559,1.6848,16.6667,0.0,,
2.06,pure_pursuit_60,lka_test,4.3034,33.9796,16.6667,curve_0,LaneKeeping,0.147,1.5317,16.6667,0.0,,
2.08,pure_pursuit_60,lka_test,4.385,34.3028,16.6667,curve_0,LaneKeeping,0.1389,1.3846,16.6667,0.0,,
2.1,pure_pursuit_60,lka_test,4.4674,34.6257,16.6667,curve_0,LaneKeeping,0.1317,1.2432,16.6667,0.0,,
2.12,pure_pursuit_60,lka_test,4.5505,34.9485,16.6667,curve_0,LaneKeeping,0.1252,1.1073,16.6667,0.0,,
2.14,pure_pursuit_60,lka_test,4.6344,35.2711,16.6667,curve_0,LaneKeeping,0.1195,0.9765,16.6667,0.0,,
2.16,pure_pursuit_60,lka_test,4.719,35.5936,16.6667,curve_0,LaneKeeping,0.1146,0.8505,16.6667,0.0,,
2.18,pure_pursuit_60,lka_test,4.8043,35.9158,16.6667,curve_0,LaneKeeping,0.1104,0.7292,16.6667,0.0,,
2.2,pure_pursuit_60,lka_test,4.8902,36.2379,16.6667,curve_0,LaneKeeping,0.1068,0.6121,16.6667,0.0,,
2.22,pure_pursuit_60,lka_test,4.9768,36.5598,16.6667,curve_0,LaneKeeping,0.1039,0.4992,16.6667,0.0,,
2.24,pure_pursuit_60,lka_test,5.064,36.8815,16.6667,curve_0,LaneKeeping,0.1016,0.3901,16.6667,0.0,,
2.26,pure_pursuit_60,lka_test,5.1521,37.203,16.6667,curve_0,LaneKeeping,0.1003,0.2229,16.6667,0.0,,
2.28,pure_pursuit_60,lka_test,5.2411,37.5242,16.6667,curve_0,LaneKeeping,0.1565,1.6996,16.6667,0.0,,
2.3,pure_pursuit_60,lka_test,5.331,37.8452,16.6667,curve_0,LaneKeeping,0.1475,1.5457,16.6667,0.0,,
2.32,pure_pursuit_60,lka_test,5.4217,38.1659,16.6667,curve_0,LaneKeeping,0.1393,1.3978,16.6667,0.0,,
2.34,pure_pursuit_60,lka_test,5.5132,38.4865,16.6667,curve_0,LaneKeeping,0.132,1.2558,16.6667,0.0,,
2.36,pure_pursuit_60,lka_test,5.6055,38.8068,16.6667,curve_0,LaneKeeping,0.1255,1.1191,16.6667,0.0,,
2.38,pure_pursuit_60,lka_test,5.6985,39.1269,16.6667,curve_0,LaneKeeping,0.1198,0.9877,16.6667,0.0,,
2.4,pure_pursuit_60,lka_test,5.7922,39.4468,16.6667,curve_0,LaneKeeping,0.1148,0.8611,16.6667,0.0,,
2.42,pure_pursuit_60,lka_test,5.8866,39.7665,16.6667,curve_0,LaneKeeping,0.1105,0.7391,16.6667,0.0,,
2.44,pure_pursuit_60,lka_test,5.9816,40.086,16.6667,curve_0,LaneKeeping,0.1069,0.6214,16.6667,0.0,,
2.46,pure_pursuit_60,lka_test,6.0773,40.4053,16.6667,curve_0,LaneKeeping,0.1039,0.5079,16.6667,0.0,,
2.48,pure_pursuit_60,lka_test,6.1736,40.7244,16.6667,curve_0,LaneKeeping,0.1016,0.3982,16.6667,0.0,,
2.5,pure_pursuit_60,lka_test,6.2708,41.0432,16.6667,curve_0,LaneKeeping,0.1002,0.2305,16.6667,0.0,,
2.52,pure_pursuit_60,lka_test,6.3689,41.3618,16.6667,curve_0,LaneKeeping,0.1563,1.7067,16.6667,0.0,,
2.54,pure_pursuit_60,lka_test,6.4679,41.6801,16.6667,curve_0,LaneKeeping,0.1472,1.5522,16.6667,0.0,,
2.56,pure_pursuit_60,lka_test,6.5677,41.9981,16.6667,curve_0,LaneKeeping,0.1391,1.4039,16.6667,0.0,,
2.58,pure_pursuit_60,lka_test,6.6683,42.3159,16.6667,curve_0,LaneKeeping,0.1317,1.2614,16.6667,0.0,,
2.6,pure_pursuit_60,lka_test,6.7697,42.6335,16.6667,curve_0,LaneKeeping,0.1252,1.1243,16.6667,0.0,,
2.62,pure_pursuit_60,lka_test,6.8717,42.9508,16.6667,curve_0,LaneKeeping,0.1194,0.9924,16.6667,0.0,,
2.64,pure_pursuit_60,lka_test,6.9745,43.2679,16.6667,curve_0,LaneKeeping,0.1144,0.8654,16.6667,0.0,,
2.66,pure_pursuit_60,lka_test,7.078,43.5847,16.6667,curve_0,LaneKeeping,0.11,0.743,16.6667,0.0,,
2.68,pure_pursuit_60,lka_test,7.1821,43.9014,16.6667,curve_0,LaneKeeping,0.1064,0.6249,16.6667,0.0,,
2.7,pure_pursuit_60,lka_test,7.2869,44.2179,16.6667,curve_0,LaneKeeping,0.1034,0.511,16.6667,0.0,,
2.72,pure_pursuit_60,lka_test,7.3922,44.5341,16.6667,curve_0,LaneKeeping,0.1011,0.401,16.6667,0.0,,
2.74,pure_pursuit_60,lka_test,7.4985,44.85,16.6667,curve_0,LaneKeeping,0.0998,0.233,16.6667,0.0,,
2.76,pure_pursuit_60,lka_test,7.6057,45.1657,16.6667,curve_0,LaneKeeping,0.1557,1.7088,16.6667,0.0,,
2.78,pure_pursuit_60,lka_test,7.7137,45.481,16.6667,curve_0,LaneKeeping,0.1466,1.5541,16.6667,0.0,,
2.8,pure_pursuit_60,lka_test,7.8225,45.7961,16.6667,curve_0,LaneKeeping,0.1384,1.4055,16.6667,0.0,,
2.82,pure_pursuit_60,lka_test,7.9321,46.1109,16.6667,curve_0,LaneKeeping,0.1311,1.2626,16.6667,0.0,,
2.84,pure_pursuit_60,lka_test,8.0425,46.4254,16.6667,curve_0,LaneKeeping,0.1245,1.1253,16.6667,0.0,,
2.86,pure_pursuit_60,lka_test,8.1536,46.7397,16.6667,curve_0,LaneKeeping,0.1188,0.9931,16.6667,0.0,,
2.88,pure_pursuit_60,lka_test,8.2654,47.0537,16.6667,curve_0,LaneKeeping,0.1137,0.8659,16.6667,0.0,,
2.9,pure_pursuit_60,lka_test,8.3779,47.3675,16.6667,curve_0,LaneKeeping,0.1094,0.7432,16.6667,0.0,,
2.92,pure_pursuit_60,lka_test,8.491,47.681,16.6667,curve_0,LaneKeeping,0.1058,0.625,16.6667,0.0,,
2.94,pure_pursuit_60,lka_test,8.6048,47.9944,16.6667,curve_0,LaneKeeping,0.1028,0.5108,16.6667,0.0,,
2.96,pure_pursuit_60,lka_test,8.7191,48.3075,16.6667,curve_0,LaneKeeping,0.1005,0.4005,16.6667,0.0,,
2.98,pure_pursuit_60,lka_test,8.8344,48.6202,16.6667,curve_0,LaneKeeping,0.0991,0.2324,16.6667,0.0,,
3.0,pure_pursuit_60,lka_test,8.9505,48.9327,16.6667,curve_0,LaneKeeping,0.1549,1.7081,16.6667,0.0,,
3.02,pure_pursuit_60,lka_test,9.0675,49.2448,16.6667,curve_0,LaneKeeping,0.1459,1.5532,16.6667,0.0,,
3.04,pure_pursuit_60,lka_test,9.1853,49.5566,16.6667,curve_0,LaneKeeping,0.1377,1.4044,16.6667,0.0,,
3.06,pure_pursuit_60,lka_test,9.3039,49.8682,16.6667,curve_0,LaneKeeping,0.1304,1.2615,16.6667,0.0,,
3.08,pure_pursuit_60,lka_test,9.4232,50.1794,16.6667,curve_0,LaneKeeping,0.1239,1.124,16.6667,0.0,,
3.1,pure_pursuit_60,lka_test,9.5432,50.4904,16.6667,curve_0,LaneKeeping,0.1181,0.9917,16.6667,0.0,,
3.12,pure_pursuit_60,lka_test,9.664,50.8011,16.6667,curve_0,LaneKeeping,0.1131,0.8643,16.6667,0.0,,
3.14,pure_pursuit_60,lka_test,9.7854,51.1115,16.6667,curve_0,LaneKeeping,0.1087,0.7415,16.6667,0.0,,
3.16,pure_pursuit_60,lka_test,9.9074,51.4217,16.6667,curve_0,LaneKeeping,0.1051,0.6232,16.6667,0.0,,
3.18,pure_pursuit_60,lka_test,10.0301,51.7317,16.6667,curve_0,LaneKeeping,0.1022,0.5089,16.6667,0.0,,
3.2,pure_pursuit_60,lka_test,10.1533,52.0414,16.6667,curve_0,LaneKeeping,0.0998,0.3985,16.6667,0.0,,
3.22,pure_pursuit_60,lka_test,10.2775,52.3507,16.6667,curve_0,LaneKeeping,0.0985,0.2303,16.6667,0.0,,
3.24,pure_pursuit_60,lka_test,10.4025,52.6597,16.6667,curve_0,LaneKeeping,0.1542,1.7059,16.6667,0.0,,
3.26,pure_pursuit_60,lka_test,10.5284,52.9684,16.6667,curve_0,LaneKeeping,0.1452,1.551,16.6667,0.0,,
3.28,pure_pursuit_60,lka_test,10.6551,53.2767,16.6667,curve_0,LaneKeeping,0.1371,1.4022,16.6667,0.0,,
3.3,pure_pursuit_60,lka_test,10.7825,53.5847,16.6667,curve_0,LaneKeeping,0.1297,1.2591,16.6667,0.0,,
3.32,pure_pursuit_60,lka_test,10.9107,53.8924,16.6667,curve_0,LaneKeeping,0.1232,1.1216,16.6667,0.0,,
3.34,pure_pursuit_60,lka_test,11.0396,54.1998,16.6667,curve_0,LaneKeeping,0.1174,0.9893,16.6667,0.0,,
3.36,pure_pursuit_60,lka_test,11.1692,54.5069,16.6667,curve_0,LaneKeeping,0.1124,0.8618,16.6667,0.0,,
3.38,pure_pursuit_60,lka_test,11.2994,54.8138,16.6667,curve_0,LaneKeeping,0.1081,0.739,16.6667,0.0,,
3.4,pure_pursuit_60,lka_test,11.4303,55.1203,16.6667,curve_0,LaneKeeping,0.1045,0.6206,16.6667,0.0,,
3.42,pure_pursuit_60,lka_test,11.5617,55.4266,16.6667,curve_0,LaneKeeping,0.1016,0.5063,16.6667,0.0,,
3.44,pure_pursuit_60,lka_test,11.6938,55.7327,16.6667,curve_0,LaneKeeping,0.0993,0.3958,16.6667,0.0,,
3.46,pure_pursuit_60,lka_test,11.8268,56.0384,16.6667,curve_0,LaneKeeping,0.098,0.2276,16.6667,0.0,,
3.48,pure_pursuit_60,lka_test,11.9606,56.3436,16.6667,curve_0,LaneKeeping,0.1536,1.7032,16.6667,0.0,,
3.5,pure_pursuit_60,lka_test,12.0952,56.6486,16.6667,curve_0,LaneKeeping,0.1446,1.5483,16.6667,0.0,,
3.52,pure_pursuit_60,lka_test,12.2307,56.9531,16.6667,curve_0,LaneKeeping,0.1365,1.3995,16.6667,0.0,,
3.54,pure_pursuit_60,lka_test,12.3669,57.2574,16.6667,curve_0,LaneKeeping,0.1292,1.2565,16.6667,0.0,,
3.56,pure_pursuit_60,lka_test,12.5038,57.5613,16.6667,curve_0,LaneKeeping,0.1226,1.1189,16.6667,0.0,,
3.58,pure_pursuit_60,lka_test,12.6415,57.8649,16.6667,curve_0,LaneKeeping,0.1169,0.9866,16.6667,0.0,,
3.6,pure_pursuit_60,lka_test,12.7798,58.1682,16.6667,curve_0,LaneKeeping,0.1119,0.8591,16.6667,0.0,,
3.62,pure_pursuit_60,lka_test,12.9187,58.4712,16.6667,curve_0,LaneKeeping,0.1076,0.7363,16.6667,0.0,,
3.64,pure_pursuit_60,lka_test,13.0583,58.7739,16.6667,curve_0,LaneKeeping,0.104,0.6179,16.6667,0.0,,
3.66,pure_pursuit_60,lka_test,13.1985,59.0763,16.6667,curve_0,LaneKeeping,0.1011,0.5035,16.6667,0.0,,
3.68,pure_pursuit_60,lka_test,13.3393,59.3784,16.6667,curve_0,LaneKeeping,0.0988,0.3931,16.6667,0.0,,
3.7,pure_pursuit_60,lka_test,13.4809,59.6802,16.6667,curve_0,LaneKeeping,0.0975,0.2249,16.6667,0.0,,
3.72,pure_pursuit_60,lka_test,13.6234,59.9815,16.6667,curve_0,LaneKeeping,0.1531,1.7005,16.6667,0.0,,
3.74,pure_pursuit_60,lka_test,13.7668,60.2824,16.6667,curve_0,LaneKeeping,0.1441,1.5456,16.6667,0.0,,
3.76,pure_pursuit_60,lka_test,13.9109,60.583,16.6667,curve_0,LaneKeeping,0.136,1.3968,16.6667,0.0,,
3.78,pure_pursuit_60,lka_test,14.0557,60.8832,16.6667,curve_0,LaneKeeping,0.1287,1.2538,16.6667,0.0,,
3.8,pure_pursuit_60,lka_test,14.2013,61.1831,16.6667,curve_0,LaneKeeping,0.1222,1.1163,16.6667,0.0,,
3.82,pure_pursuit_60,lka_test,14.3475,61.4826,16.6667,curve_0,LaneKeeping,0.1165,0.984,16.6667,0.0,,
3.84,pure_pursuit_60,lka_test,14.4945,61.7818,16.6667,curve_0,LaneKeeping,0.1115,0.8566,16.6667,0.0,,
3.86,pure_pursuit_60,lka_test,14.6421,62.0807,16.6667,curve_0,LaneKeeping,0.1072,0.7338,16.6667,0.0,,
3.88,pure_pursuit_60,lka_test,14.7902,62.3793,16.6667,curve_0,LaneKeeping,0.1036,0.6153,16.6667,0.0,,
3.9,pure_pursuit_60,lka_test,14.939,62.6776,16.6667,curve_0,LaneKeeping,0.1007,0.501,16.6667,0.0,,
3.92,pure_pursuit_60,lka_test,15.0884,62.9756,16.6667,curve_0,LaneKeeping,0.0984,0.3906,16.6667,0.0,,
3.94,pure_pursuit_60,lka_test,15.2386,63.2731,16.6667,curve_0,LaneKeeping,0.0971,0.2224,16.6667,0.0,,
3.96,pure_pursuit_60,lka_test,15.3897,63.5703,16.6667,curve_0,LaneKeeping,0.1527,1.6981,16.6667,0.0,,
3.98,pure_pursuit_60,lka_test,15.5416,63.867,16.6667,curve_0,LaneKeeping,0.1437,1.5432,16.6667,0.0,,
4.0,pure_pursuit_60,lka_test,15.6942,64.1633,16.6667,curve_0,LaneKeeping,0.1356,1.3944,16.6667,0.0,,
4.02,pure_pursuit_60,lka_test,15.8476,64.4593,16.6667,curve_0,LaneKeeping,0.1283,1.2515,16.6667,0.0,,
4.04,pure_pursuit_60,lka_test,16.0017,64.7549,16.6667,curve_0,LaneKeeping,0.1218,1.114,16.6667,0.0,,
4.06,pure_pursuit_60,lka_test,16.1564,65.0501,16.6667,curve_0,LaneKeeping,0.1161,0.9817,16.6667,0.0,,
4.08,pure_pursuit_60,lka_test,16.3119,65.345,16.6667,curve_0,LaneKeeping,0.1111,0.8543,16.6667,0.0,,
4.1,pure_pursuit_60,lka_test,16.4679,65.6395,16.6667,curve_0,LaneKeeping,0.1069,0.7315,16.6667,0.0,,
4.12,pure_pursuit_60,lka_test,16.6246,65.9337,16.6667,curve_0,LaneKeeping,0.1033,0.6131,16.6667,0.0,,
4.14,pure_pursuit_60,lka_test,16.7819,66.2276,16.6667,curve_0,LaneKeeping,0.1004,0.4988,16.6667,0.0,,
4.16,pure_pursuit_60,lka_test,16.9397,66.5212,16.6667,curve_0,LaneKeeping,0.0981,0.3883,16.6667,0.0,,
4.18,pure_pursuit_60,lka_test,17.0984,66.8144,16.6667,curve_0,LaneKeeping,0.0969,0.2202,16.6667,0.0,,
4.2,pure_pursuit_60,lka_test,17.2579,67.1071,16.6667,curve_0,LaneKeeping,0.1523,1.6959,16.6667,0.0,,
4.22,pure_pursuit_60,lka_test,17.4182,67.3993,16.6667,curve_0,LaneKeeping,0.1433,1.5411,16.6667,0.0,,
4.24,pure_pursuit_60,lka_test,17.5792,67.6912,16.6667,curve_0,LaneKeeping,0.1352,1.3923,16.6667,0.0,,
4.26,pure_pursuit_60,lka_test,17.741,67.9826,16.6667,curve_0,LaneKeeping,0.128,1.2494,16.6667,0.0,,
4.28,pure_pursuit_60,lka_test,17.9035,68.2737,16.6667,curve_0,LaneKeeping,0.1215,1.1119,16.6667,0.0,,
4.3,pure_pursuit_60,lka_test,18.0666,68.5643,16.6667,curve_0,LaneKeeping,0.1158,0.9796,16.6667,0.0,,
4.32,pure_pursuit_60,lka_test,18.2304,68.8547,16.6667,curve_0,LaneKeeping,0.1108,0.8522,16.6667,0.0,,
4.34,pure_pursuit_60,lka_test,18.3949,69.1446,16.6667,curve_0,LaneKeeping,0.1066,0.7295,16.6667,0.0,,
4.36,pure_pursuit_60,lka_test,18.5599,69.4342,16.6667,curve_0,LaneKeeping,0.103,0.6111,16.6667,0.0,,
4.38,pure_pursuit_60,lka_test,18.7255,69.7235,16.6667,curve_0,LaneKeeping,0.1001,0.4968,16.6667,0.0,,
4.4,pure_pursuit_60,lka_test,18.8916,70.0125,16.6667,curve_0,LaneKeeping,0.0979,0.3864,16.6667,0.0,,
4.42,pure_pursuit_60,lka_test,19.0586,70.301,16.6667,curve_0,LaneKeeping,0.0966,0.2183,16.6667,0.0,,
4.44,pure_pursuit_60,lka_test,19.2265,70.589,16.6667,curve_0,LaneKeeping,0.152,1.694,16.6667,0.0,,
4.46,pure_pursuit_60,lka_test,19.3951,70.8765,16.6667,curve_0,LaneKeeping,0.143,1.5392,16.6667,0.0,,
4.48,pure_pursuit_60,lka_test,19.5644,71.1637,16.6667,curve_0,LaneKeeping,0.1349,1.3905,16.6667,0.0,,
4.5,pure_pursuit_60,lka_test,19.7344,71.4503,16.6667,curve_0,LaneKeeping,0.1277,1.2476,16.6667,0.0,,
4.52,pure_pursuit_60,lka_test,19.9052,71.7366,16.6667,curve_0,LaneKeeping,0.1212,1.1101,16.6667,0.0,,
4.54,pure_pursuit_60,lka_test,20.0766,72.0225,16.6667,curve_0,LaneKeeping,0.1155,0.9779,16.6667,0.0,,
4.56,pure_pursuit_60,lka_test,20.2486,72.308,16.6667,curve_0,LaneKeeping,0.1106,0.8505,16.6667,0.0,,
4.58,pure_pursuit_60,lka_test,20.4213,72.5932,16.6667,curve_0,LaneKeeping,0.1063,0.7277,16.6667,0.0,,
4.6,pure_pursuit_60,lka_test,20.5945,72.8779,16.6667,curve_0,LaneKeeping,0.1028,0.6094,16.6667,0.0,,
4.62,pure_pursuit_60,lka_test,20.7683,73.1624,16.6667,curve_0,LaneKeeping,0.0999,0.4951,16.6667,0.0,,
4.64,pure_pursuit_60,lka_test,20.9427,73.4465,16.6667,curve_0,LaneKeeping,0.0977,0.3847,16.6667,0.0,,
4.66,pure_pursuit_60,lka_test,21.1178,73.7301,16.6667,curve_0,LaneKeeping,0.0964,0.2166,16.6667,0.0,,
4.68,pure_pursuit_60,lka_test,21.2938,74.0132,16.6667,curve_0,LaneKeeping,0.1517,1.6924,16.6667,0.0,,
4.7,pure_pursuit_60,lka_test,21.4706,74.2958,16.6667,curve_0,LaneKeeping,0.1427,1.5376,16.6667,0.0,,
4.72,pure_pursuit_60,lka_test,21.648,74.5779,16.6667,curve_0,LaneKeeping,0.1347,1.3889,16.6667,0.0,,
4.74,pure_pursuit_60,lka_test,21.8262,74.8597,16.6667,curve_0,LaneKeeping,0.1274,1.246,16.6667,0.0,,
4.76,pure_pursuit_60,lka_test,22.0051,75.1409,16.6667,curve_0,LaneKeeping,0.121,1.1085,16.6667,0.0,,
4.78,pure_pursuit_60,lka_test,22.1846,75.4218,16.6667,curve_0,LaneKeeping,0.1153,0.9763,16.6667,0.0,,
4.8,pure_pursuit_60,lka_test,22.3647,75.7023,16.6667,curve_0,LaneKeeping,0.1104,0.8489,16.6667,0.0,,
4.82,pure_pursuit_60,lka_test,22.5454,75.9824,16.6667,curve_0,LaneKeeping,0.1061,0.7262,16.6667,0.0,,
4.84,pure_pursuit_60,lka_test,22.7268,76.2621,16.6667,curve_0,LaneKeeping,0.1026,0.6078,16.6667,0.0,,
4.86,pure_pursuit_60,lka_test,22.9086,76.5414,16.6667,curve_0,LaneKeeping,0.0997,0.4936,16.6667,0.0,,
4.88,pure_pursuit_60,lka_test,23.091,76.8204,16.6667,curve_0,LaneKeeping,0.0975,0.3832,16.6667,0.0,,
4.9,pure_pursuit_60,lka_test,23.2742,77.0989,16.6667,curve_0,LaneKeeping,0.0962,0.2151,16.6667,0.0,,
4.92,pure_pursuit_60,lka_test,23.4582,77.3768,16.6667,curve_0,LaneKeeping,0.1514,1.6909,16.6667,0.0,,
4.94,pure_pursuit_60,lka_test,23.643,77.6543,16.6667,curve_0,LaneKeeping,0.1425,1.5361,16.6667,0.0,,
4.96,pure_pursuit_60,lka_test,23.8285,77.9313,16.6667,curve_0,LaneKeeping,0.1344,1.3874,16.6667,0.0,,
4.98,pure_pursuit_60,lka_test,24.0146,78.2078,16.6667,curve_0,LaneKeeping,0.1272,1.2445,16.6667,0.0,,
5.0,pure_pursuit_60,lka_test,24.2015,78.4838,16.6667,curve_0,LaneKeeping,0.1207,1.1071,16.6667,0.0,,
5.02,pure_pursuit_60,lka_test,24.3889,78.7594,16.6667,curve_0,LaneKeeping,0.1151,0.9748,16.6667,0.0,,
5.04,pure_pursuit_60,lka_test,24.577,79.0346,16.6667,curve_0,LaneKeeping,0.1101,0.8475,16.6667,0.0,,
5.06,pure_pursuit_60,lka_test,24.7657,79.3094,16.6667,curve_0,LaneKeeping,0.1059,0.7248,16.6667,0.0,,
5.08,pure_pursuit_60,lka_test,24.9549,79.5839,16.6667,curve_0,LaneKeeping,0.1024,0.6064,16.6667,0.0,,
5.1,pure_pursuit_60,lka_test,25.1447,79.8579,16.6667,curve_0,LaneKeeping,0.0995,0.4921,16.6667,0.0,,
5.12,pure_pursuit_60,lka_test,25.335,80.1316,16.6667,curve_0,LaneKeeping,0.0973,0.3818,16.6667,0.0,,
5.14,pure_pursuit_60,lka_test,25.5261,80.4047,16.6667,curve_0,LaneKeeping,0.0961,0.2137,16.6667,0.0,,
5.16,pure_pursuit_60,lka_test,25.718,80.6772,16.6667,curve_0,LaneKeeping,0.1512,1.6895,16.6667,0.0,,
5.18,pure_pursuit_60,lka_test,25.9106,80.9493,16.6667,curve_0,LaneKeeping,0.1422,1.5347,16.6667,0.0,,
5.2,pure_pursuit_60,lka_test,26.1039,81.2208,16.6667,curve_0,LaneKeeping,0.1342,1.386,16.6667,0.0,,
5.22,pure_pursuit_60,lka_test,26.2979,81.4919,16.6667,curve_0,LaneKeeping,0.127,1.2432,16.6667,0.0,,
5.24,pure_pursuit_60,lka_test,26.4925,81.7625,16.6667,curve_0,LaneKeeping,0.1205,1.1057,16.6667,0.0,,
5.26,pure_pursuit_60,lka_test,26.6878,82.0327,16.6667,curve_0,LaneKeeping,0.1149,0.9735,16.6667,0.0,,
5.28,pure_pursuit_60,lka_test,26.8837,82.3024,16.6667,curve_0,LaneKeeping,0.1099,0.8462,16.6667,0.0,,
5.3,pure_pursuit_60,lka_test,27.0801,82.5717,16.6667,curve_0,LaneKeeping,0.1057,0.7234,16.6667,0.0,,
5.32,pure_pursuit_60,lka_test,27.2771,82.8406,16.6667,curve_0,LaneKeeping,0.1022,0.6051,16.6667,0.0,,
5.34,pure_pursuit_60,lka_test,27.4746,83.1091,16.6667,curve_0,LaneKeeping,0.0993,0.4908,16.6667,0.0,,
5.36,pure_pursuit_60,lka_test,27.6727,83.3772,16.6667,curve_0,LaneKeeping,0.0971,0.3804,16.6667,0.0,,
5.38,pure_pursuit_60,lka_test,27.8715,83.6447,16.6667,curve_0,LaneKeeping,0.0959,0.2124,16.6667,0.0,,
5.4,pure_pursuit_60,lka_test,28.0711,83.9117,16.6667,curve_0,LaneKeeping,0.1509,1.6882,16.6667,0.0,,
5.42,pure_pursuit_60,lka_test,28.2714,84.1781,16.6667,curve_0,LaneKeeping,0.142,1.5334,16.6667,0.0,,
5.44,pure_pursuit_60,lka_test,28.4724,84.444,16.6667,curve_0,LaneKeeping,0.1339,1.3847,16.6667,0.0,,
5.46,pure_pursuit_60,lka_test,28.6741,84.7095,16.6667,curve_0,LaneKeeping,0.1267,1.2419,16.6667,0.0,,
5.48,pure_pursuit_60,lka_test,28.8764,84.9744,16.6667,curve_0,LaneKeeping,0.1203,1.1044,16.6667,0.0,,
5.5,pure_pursuit_60,lka_test,29.0793,85.2388,16.6667,curve_0,LaneKeeping,0.1146,0.9722,16.6667,0.0,,
5.52,pure_pursuit_60,lka_test,29.2828,85.5028,16.6667,curve_0,LaneKeeping,0.1097,0.8449,16.6667,0.0,,
5.54,pure_pursuit_60,lka_test,29.4869,85.7664,16.6667,curve_0,LaneKeeping,0.1055,0.7221,16.6667,0.0,,
5.56,pure_pursuit_60,lka_test,29.6915,86.0296,16.6667,curve_0,LaneKeeping,0.102,0.6038,16.6667,0.0,,
5.58,pure_pursuit_60,lka_test,29.8966,86.2923,16.6667,curve_0,LaneKeeping,0.0992,0.4895,16.6667,0.0,,
5.6,pure_pursuit_60,lka_test,30.1022,86.5546,16.6667,curve_0,LaneKeeping,0.097,0.3791,16.6667,0.0,,
5.62,pure_pursuit_60,lka_test,30.3086,86.8164,16.6667,curve_0,LaneKeeping,0.0957,0.2111,16.6667,0.0,,
5.64,pure_pursuit_60,lka_test,30.5158,87.0775,16.6667,curve_0,LaneKeeping,0.1507,1.6869,16.6667,0.0,,
5.66,pure_pursuit_60,lka_test,30.7236,87.3381,16.6667,curve_0,LaneKeeping,0.1418,1.5321,16.6667,0.0,,
5.68,pure_pursuit_60,lka_test,30.9322,87.5982,16.6667,curve_0,LaneKeeping,0.1337,1.3835,16.6667,0.0,,
5.7,pure_pursuit_60,lka_test,31.1413,87.8577,16.6667,curve_0,LaneKeeping,0.1265,1.2406,16.6667,0.0,,
5.72,pure_pursuit_60,lka_test,31.3511,88.1168,16.6667,curve_0,LaneKeeping,0.1201,1.1032,16.6667,0.0,,
5.74,pure_pursuit_60,lka_test,31.5615,88.3753,16.6667,curve_0,LaneKeeping,0.1144,0.9709,16.6667,0.0,,
5.76,pure_pursuit_60,lka_test,31.7725,88.6334,16.6667,curve_0,LaneKeeping,0.1095,0.8436,16.6667,0.0,,
5.78,pure_pursuit_60,lka_test,31.984,88.891,16.6667,curve_0,LaneKeeping,0.1053,0.7209,16.6667,0.0,,
5.8,pure_pursuit_60,lka_test,32.196,89.1482,16.6667,curve_0,LaneKeeping,0.1018,0.6025,16.6667,0.0,,
5.82,pure_pursuit_60,lka_test,32.4086,89.405,16.6667,curve_0,LaneKeeping,0.099,0.4882,16.6667,0.0,,
5.84,pure_pursuit_60,lka_test,32.6216,89.6614,16.6667,curve_0,LaneKeeping,0.0968,0.3778,16.6667,0.0,,
5.86,pure_pursuit_60,lka_test,32.8354,89.9171,16.6667,curve_0,LaneKeeping,0.0956,0.2098,16.6667,0.0,,
5.88,pure_pursuit_60,lka_test,33.05,90.1722,16.6667,curve_0,LaneKeeping,0.1504,1.6856,16.6667,0.0,,
5.9,pure_pursuit_60,lka_test,33.2652,90.4268,16.6667,curve_0,LaneKeeping,0.1415,1.5309,16.6667,0.0,,
5.92,pure_pursuit_60,lka_test,33.481,90.6808,16.6667,curve_0,LaneKeeping,0.1335,1.3822,16.6667,0.0,,
5.94,pure_pursuit_60,lka_test,33.6975,90.9342,16.6667,curve_0,LaneKeeping,0.1263,1.2393,16.6667,0.0,,
5.96,pure_pursuit_60,lka_test,33.9147,91.1871,16.6667,curve_0,LaneKeeping,0.1199,1.1019,16.6667,0.0,,
5.98,pure_pursuit_60,lka_test,34.1324,91.4396,16.6667,curve_0,LaneKeeping,0.1142,0.9697,16.6667,0.0,,
6.0,pure_pursuit_60,lka_test,34.3506,91.6915,16.6667,curve_0,LaneKeeping,0.1093,0.8423,16.6667,0.0,,
6.02,pure_pursuit_60,lka_test,34.5694,91.943,16.6667,curve_0,LaneKeeping,0.1051,0.7196,16.6667,0.0,,
6.04,pure_pursuit_60,lka_test,34.7887,92.194,16.6667,curve_0,LaneKeeping,0.1016,0.6012,16.6667,0.0,,
6.06,pure_pursuit_60,lka_test,35.0085,92.4446,16.6667,curve_0,LaneKeeping,0.0988,0.487,16.6667,0.0,,
6.08,pure_pursuit_60,lka_test,35.2288,92.6948,16.6667,curve_0,LaneKeeping,0.0966,0.3766,16.6667,0.0,,
6.1,pure_pursuit_60,lka_test,35.4499,92.9443,16.6667,curve_0,LaneKeeping,0.0954,0.2086,16.6667,0.0,,
6.12,pure_pursuit_60,lka_test,35.6716,93.1932,16.6667,curve_0,LaneKeeping,0.1502,1.6844,16.6667,0.0,,
6.14,pure_pursuit_60,lka_test,35.894,93.4415,16.6667,curve_0,LaneKeeping,0.1413,1.5296,16.6667,0.0,,
6.16,pure_pursuit_60,lka_test,36.117,93.6892,16.6667,curve_0,LaneKeeping,0.1332,1.3809,16.6667,0.0,,
6.18,pure_pursuit_60,lka_test,36.3407,93.9363,16.6667,curve_0,LaneKeeping,0.126,1.2381,16.6667,0.0,,
6.2,pure_pursuit_60,lka_test,36.5649,94.1829,16.6667,curve_0,LaneKeeping,0.1196,1.1006,16.6667,0.0,,
6.22,pure_pursuit_60,lka_test,36.7898,94.429,16.6667,curve_0,LaneKeeping,0.114,0.9684,16.6667,0.0,,
6.24,pure_pursuit_60,lka_test,37.0151,94.6746,16.6667,curve_0,LaneKeeping,0.1091,0.8411,16.6667,0.0,,
6.26,pure_pursuit_60,lka_test,37.241,94.9198,16.6667,curve_0,LaneKeeping,0.1049,0.7183,16.6667,0.0,,
6.28,pure_pursuit_60,lka_test,37.4674,95.1644,16.6667,curve_0,LaneKeeping,0.1014,0.6,16.6667,0.0,,
6.3,pure_pursuit_60,lka_test,37.6943,95.4086,16.6667,curve_0,LaneKeeping,0.0986,0.4857,16.6667,0.0,,
6.32,pure_pursuit_60,lka_test,37.9217,95.6524,16.6667,curve_0,LaneKeeping,0.0964,0.3753,16.6667,0.0,,
6.34,pure_pursuit_60,lka_test,38.1497,95.8955,16.6667,curve_0,LaneKeeping,0.0952,0.2073,16.6667,0.0,,
6.36,pure_pursuit_60,lka_test,38.3785,96.1379,16.6667,curve_0,LaneKeeping,0.1499,1.6831,16.6667,0.0,,
6.38,pure_pursuit_60,lka_test,38.6079,96.3798,16.6667,curve_0,LaneKeeping,0.141,1.5283,16.6667,0.0,,
6.4,pure_pursuit_60,lka_test,38.8379,96.621,16.6667,curve_0,LaneKeeping,0.133,1.3797,16.6667,0.0,,
6.42,pure_pursuit_60,lka_test,39.0686,96.8617,16.6667,curve_0,LaneKeeping,0.1258,1.2368,16.6667,0.0,,
6.44,pure_pursuit_60,lka_test,39.2998,97.1018,16.6667,curve_0,LaneKeeping,0.1194,1.0994,16.6667,0.0,,
6.46,pure_pursuit_60,lka_test,39.5316,97.3413,16.6667,curve_0,LaneKeeping,0.1138,0.9671,16.6667,0.0,,
6.48,pure_pursuit_60,lka_test,39.7639,97.5804,16.6667,curve_0,LaneKeeping,0.1089,0.8398,16.6667,0.0,,
6.5,pure_pursuit_60,lka_test,39.9967,97.819,16.6667,curve_0,LaneKeeping,0.1047,0.7171,16.6667,0.0,,
6.52,pure_pursuit_60,lka_test,40.23,98.057,16.6667,curve_0,LaneKeeping,0.1012,0.5987,16.6667,0.0,,
6.54,pure_pursuit_60,lka_test,40.4637,98.2946,16.6667,curve_0,LaneKeeping,0.0984,0.4844,16.6667,0.0,,
6.56,pure_pursuit_60,lka_test,40.698,98.5318,16.6667,curve_0,LaneKeeping,0.0962,0.374,16.6667,0.0,,
6.58,pure_pursuit_60,lka_test,40.9329,98.7683,16.6667,curve_0,LaneKeeping,0.095,0.206,16.6667,0.0,,
6.6,pure_pursuit_60,lka_test,41.1685,99.0041,16.6667,curve_0,LaneKeeping,0.1497,1.6818,16.6667,0.0,,
6.62,pure_pursuit_60,lka_test,41.4047,99.2393,16.6667,curve_0,LaneKeeping,0.1408,1.5271,16.6667,0.0,,
6.64,pure_pursuit_60,lka_test,41.6416,99.4738,16.6667,curve_0,LaneKeeping,0.1328,1.3784,16.6667,0.0,,
6.66,pure_pursuit_60,lka_test,41.879,99.7078,16.6667,curve_0,LaneKeeping,0.1256,1.2355,16.6667,0.0,,
6.68,pure_pursuit_60,lka_test,42.117,99.9412,16.6667,curve_0,LaneKeeping,0.1192,1.0981,16.6667,0.0,,
6.7,pure_pursuit_60,lka_test,42.3555,100.174,16.6667,curve_0,LaneKeeping,0.1136,0.9659,16.6667,0.0,,
6.72,pure_pursuit_60,lka_test,42.5945,100.4064,16.6667,curve_0,LaneKeeping,0.1087,0.8385,16.6667,0.0,,
6.74,pure_pursuit_60,lka_test,42.8341,100.6382,16.6667,curve_0,LaneKeeping,0.1045,0.7158,16.6667,0.0,,
6.76,pure_pursuit_60,lka_test,43.0741,100.8695,16.6667,curve_0,LaneKeeping,0.101,0.5974,16.6667,0.0,,
6.78,pure_pursuit_60,lka_test,43.3145,101.1003,16.6667,curve_0,LaneKeeping,0.0982,0.4831,16.6667,0.0,,
6.8,pure_pursuit_60,lka_test,43.5555,101.3307,16.6667,curve_0,LaneKeeping,0.0961,0.3727,16.6667,0.0,,
6.82,pure_pursuit_60,lka_test,43.7971,101.5603,16.6667,curve_0,LaneKeeping,0.0949,0.2047,16.6667,0.0,,
6.84,pure_pursuit_60,lka_test,44.0393,101.7893,16.6667,curve_0,LaneKeeping,0.1494,1.6805,16.6667,0.0,,
6.86,pure_pursuit_60,lka_test,44.2821,102.0177,16.6667,curve_0,LaneKeeping,0.1405,1.5258,16.6667,0.0,,
6.88,pure_pursuit_60,lka_test,44.5256,102.2453,16.6667,curve_0,LaneKeeping,0.1325,1.3771,16.6667,0.0,,
6.9,pure_pursuit_60,lka_test,44.7696,102.4724,16.6667,curve_0,LaneKeeping,0.1253,1.2343,16.6667,0.0,,
6.92,pure_pursuit_60,lka_test,45.0142,102.6989,16.6667,curve_0,LaneKeeping,0.119,1.0969,16.6667,0.0,,
6.94,pure_pursuit_60,lka_test,45.2592,102.9249,16.6667,curve_0,LaneKeeping,0.1133,0.9646,16.6667,0.0,,
6.96,pure_pursuit_60,lka_test,45.5048,103.1503,16.6667,curve_0,LaneKeeping,0.1085,0.8373,16.6667,0.0,,
6.98,pure_pursuit_60,lka_test,45.7509,103.3751,16.6667,curve_0,LaneKeeping,0.1043,0.7145,16.6667,0.0,,
7.0,pure_pursuit_60,lka_test,45.9974,103.5995,16.6667,curve_0,LaneKeeping,0.1008,0.5961,16.6667,0.0,,
7.02,pure_pursuit_60,lka_test,46.2444,103.8233,16.6667,curve_0,LaneKeeping,0.098,0.4819,16.6667,0.0,,
7.04,pure_pursuit_60,lka_test,46.4918,104.0467,16.6667,curve_0,LaneKeeping,0.0959,0.3715,16.6667,0.0,,
7.06,pure_pursuit_60,lka_test,46.7399,104.2694,16.6667,curve_0,LaneKeeping,0.0947,0.2034,16.6667,0.0,,
7.08,pure_pursuit_60,lka_test,46.9885,104.4913,16.6667,curve_0,LaneKeeping,0.1491,1.6793,16.6667,0.0,,
7.1,pure_pursuit_60,lka_test,47.2378,104.7126,16.6667,curve_0,LaneKeeping,0.1403,1.5245,16.6667,0.0,,
7.12,pure_pursuit_60,lka_test,47.4877,104.9333,16.6667,curve_0,LaneKeeping,0.1323,1.3759,16.6667,0.0,,
7.14,pure_pursuit_60,lka_test,47.7381,105.1533,16.6667,curve_0,LaneKeeping,0.1251,1.233,16.6667,0.0,,
7.16,pure_pursuit_60,lka_test,47.989,105.3727,16.6667,curve_0,LaneKeeping,0.1187,1.0956,16.6667,0.0,,
7.18,pure_pursuit_60,lka_test,48.2405,105.5915,16.6667,curve_0,LaneKeeping,0.1131,0.9633,16.6667,0.0,,
7.2,pure_pursuit_60,lka_test,48.4924,105.8098,16.6667,curve_0,LaneKeeping,0.1083,0.836,16.6667,0.0,,
7.22,pure_pursuit_60,lka_test,48.7448,106.0276,16.6667,curve_0,LaneKeeping,0.1041,0.7132,16.6667,0.0,,
7.24,pure_pursuit_60,lka_test,48.9976,106.2448,16.6667,curve_0,LaneKeeping,0.1007,0.5949,16.6667,0.0,,
7.26,pure_pursuit_60,lka_test,49.2509,106.4615,16.6667,curve_0,LaneKeeping,0.0979,0.4806,16.6667,0.0,,
7.28,pure_pursuit_60,lka_test,49.5046,106.6777,16.6667,curve_0,LaneKeeping,0.0957,0.3702,16.6667,0.0,,
7.3,pure_pursuit_60,lka_test,49.7589,106.8932,16.6667,curve_0,LaneKeeping,0.0945,0.2022,16.6667,0.0,,
7.32,pure_pursuit_60,lka_test,50.0138,107.1079,16.6667,curve_0,LaneKeeping,0.1489,1.678,16.6667,0.0,,
7.34,pure_pursuit_60,lka_test,50.2694,107.322,16.6667,curve_0,LaneKeeping,0.14,1.5232,16.6667,0.0,,
7.36,pure_pursuit_60,lka_test,50.5254,107.5354,16.6667,curve_0,LaneKeeping,0.132,1.3746,16.6667,0.0,,
7.38,pure_pursuit_60,lka_test,50.782,107.7482,16.6667,curve_0,LaneKeeping,0.1249,1.2317,16.6667,0.0,,
7.4,pure_pursuit_60,lka_test,51.0391,107.9603,16.6667,curve_0,LaneKeeping,0.1185,1.0943,16.6667,0.0,,
7.42,pure_pursuit_60,lka_test,51.2967,108.1719,16.6667,curve_0,LaneKeeping,0.1129,0.9621,16.6667,0.0,,
7.44,pure_pursuit_60,lka_test,51.5548,108.3829,16.6667,curve_0,LaneKeeping,0.1081,0.8347,16.6667,0.0,,
7.46,pure_pursuit_60,lka_test,51.8133,108.5933,16.6667,curve_0,LaneKeeping,0.1039,0.712,16.6667,0.0,,
7.48,pure_pursuit_60,lka_test,52.0722,108.8032,16.6667,curve_0,LaneKeeping,0.1005,0.5936,16.6667,0.0,,
7.5,pure_pursuit_60,lka_test,52.3316,109.0126,16.6667,curve_0,LaneKeeping,0.0977,0.4793,16.6667,0.0,,
7.52,pure_pursuit_60,lka_test,52.5914,109.2215,16.6667,curve_0,LaneKeeping,0.0955,0.3689,16.6667,0.0,,
7.54,pure_pursuit_60,lka_test,52.8518,109.4296,16.6667,curve_0,LaneKeeping,0.0944,0.2009,16.6667,0.0,,
7.56,pure_pursuit_60,lka_test,53.1127,109.637,16.6667,curve_0,LaneKeeping,0.1486,1.6767,16.6667,0.0,,
7.58,pure_pursuit_60,lka_test,53.3742,109.8437,16.6667,curve_0,LaneKeeping,0.1398,1.522,16.6667,0.0,,
7.6,pure_pursuit_60,lka_test,53.6363,110.0497,16.6667,curve_0,LaneKeeping,0.1318,1.3733,16.6667,0.0,,
7.62,pure_pursuit_60,lka_test,53.8989,110.255,16.6667,curve_0,LaneKeeping,0.1246,1.2304,16.6667,0.0,,
7.64,pure_pursuit_60,lka_test,54.1619,110.4597,16.6667,curve_0,LaneKeeping,0.1183,1.093,16.6667,0.0,,
7.66,pure_pursuit_60,lka_test,54.4255,110.6638,16.6667,curve_0,LaneKeeping,0.1127,0.9608,16.6667,0.0,,
7.68,pure_pursuit_60,lka_test,54.6895,110.8673,16.6667,curve_0,LaneKeeping,0.1078,0.8334,16.6667,0.0,,
7.7,pure_pursuit_60,lka_test,54.9539,111.0703,16.6667,curve_0,LaneKeeping,0.1037,0.7107,16.6667,0.0,,
7.72,pure_pursuit_60,lka_test,55.2187,111.2727,16.6667,curve_0,LaneKeeping,0.1003,0.5923,16.6667,0.0,,
7.74,pure_pursuit_60,lka_test,55.484,111.4746,16.6667,curve_0,LaneKeeping,0.0975,0.478,16.6667,0.0,,
7.76,pure_pursuit_60,lka_test,55.7496,111.676,16.6667,curve_0,LaneKeeping,0.0953,0.3676,16.6667,0.0,,
7.78,pure_pursuit_60,lka_test,56.0158,111.8765,16.6667,curve_0,LaneKeeping,0.0942,0.1996,16.6667,0.0,,
7.8,pure_pursuit_60,lka_test,56.2826,112.0764,16.6667,curve_0,LaneKeeping,0.1484,1.6754,16.6667,0.0,,
7.82,pure_pursuit_60,lka_test,56.55,112.2755,16.6667,curve_0,LaneKeeping,0.1395,1.5207,16.6667,0.0,,
7.84,pure_pursuit_60,lka_test,56.8178,112.4739,16.6667,curve_0,LaneKeeping,0.1316,1.372,16.6667,0.0,,
7.86,pure_pursuit_60,lka_test,57.0861,112.6717,16.6667,curve_0,LaneKeeping,0.1244,1.2292,16.6667,0.0,,
7.88,pure_pursuit_60,lka_test,57.3549,112.8688,16.6667,curve_0,LaneKeeping,0.1181,1.0918,16.6667,0.0,,
7.9,pure_pursuit_60,lka_test,57.6242,113.0653,16.6667,curve_0,LaneKeeping,0.1125,0.9595,16.6667,0.0,,
7.92,pure_pursuit_60,lka_test,57.8939,113.2612,16.6667,curve_0,LaneKeeping,0.1076,0.8322,16.6667,0.0,,
7.94,pure_pursuit_60,lka_test,58.164,113.4565,16.6667,curve_0,LaneKeeping,0.1035,0.7094,16.6667,0.0,,
7.96,pure_pursuit_60,lka_test,58.4345,113.6512,16.6667,curve_0,LaneKeeping,0.1001,0.591,16.6667,0.0,,
7.98,pure_pursuit_60,lka_test,58.7055,113.8454,16.6667,curve_0,LaneKeeping,0.0973,0.4767,16.6667,0.0,,
8.0,pure_pursuit_60,lka_test,58.9767,114.0391,16.6667,curve_0,LaneKeeping,0.0952,0.3663,16.6667,0.0,,
8.02,pure_pursuit_60,lka_test,59.2486,114.232,16.6667,curve_0,LaneKeeping,0.094,0.1983,16.6667,0.0,,
8.04,pure_pursuit_60,lka_test,59.521,114.4242,16.6667,curve_0,LaneKeeping,0.1481,1.6742,16.6667,0.0,,
8.06,pure_pursuit_60,lka_test,59.7939,114.6156,16.6667,curve_0,LaneKeeping,0.1393,1.5194,16.6667,0.0,,
8.08,pure_pursuit_60,lka_test,60.0673,114.8062,16.6667,curve_0,LaneKeeping,0.1313,1.3708,16.6667,0.0,,
8.1,pure_pursuit_60,lka_test,60.3412,114.9962,16.6667,curve_0,LaneKeeping,0.1242,1.2279,16.6667,0.0,,
8.12,pure_pursuit_60,lka_test,60.6155,115.1856,16.6667,curve_0,LaneKeeping,0.1178,1.0905,16.6667,0.0,,
8.14,pure_pursuit_60,lka_test,60.8903,115.3743,16.6667,curve_0,LaneKeeping,0.1123,0.9583,16.6667,0.0,,
8.16,pure_pursuit_60,lka_test,61.1655,115.5624,16.6667,curve_0,LaneKeeping,0.1074,0.8309,16.6667,0.0,,
8.18,pure_pursuit_60,lka_test,61.4411,115.7499,16.6667,curve_0,LaneKeeping,0.1033,0.7081,16.6667,0.0,,
8.2,pure_pursuit_60,lka_test,61.717,115.9368,16.6667,curve_0,LaneKeeping,0.0999,0.5897,16.6667,0.0,,
8.22,pure_pursuit_60,lka_test,61.9934,116.1232,16.6667,curve_0,LaneKeeping,0.0971,0.4755,16.6667,0.0,,
8.24,pure_pursuit_60,lka_test,62.2701,116.3091,16.6667,curve_0,LaneKeeping,0.095,0.365,16.6667,0.0,,
8.26,pure_pursuit_60,lka_test,62.5474,116.4941,16.6667,curve_0,LaneKeeping,0.0938,0.197,16.6667,0.0,,
8.28,pure_pursuit_60,lka_test,62.8251,116.6784,16.6667,curve_0,LaneKeeping,0.1479,1.6729,16.6667,0.0,,
8.3,pure_pursuit_60,lka_test,63.1034,116.8619,16.6667,curve_0,LaneKeeping,0.139,1.5181,16.6667,0.0,,
8.32,pure_pursuit_60,lka_test,63.3822,117.0447,16.6667,curve_0,LaneKeeping,0.1311,1.3695,16.6667,0.0,,
8.34,pure_pursuit_60,lka_test,63.6614,117.2268,16.6667,curve_0,LaneKeeping,0.1239,1.2266,16.6667,0.0,,
8.36,pure_pursuit_60,lka_test,63.941,117.4082,16.6667,curve_0,LaneKeeping,0.1176,1.0892,16.6667,0.0,,
8.38,pure_pursuit_60,lka_test,64.221,117.589,16.6667,curve_0,LaneKeeping,0.112,0.957,16.6667,0.0,,
8.4,pure_pursuit_60,lka_test,64.5015,117.7691,16.6667,curve_0,LaneKeeping,0.1072,0.8296,16.6667,0.0,,
8.42,pure_pursuit_60,lka_test,64.7823,117.9487,16.6667,curve_0,LaneKeeping,0.1031,0.7069,16.6667,0.0,,
8.44,pure_pursuit_60,lka_test,65.0636,118.1277,16.6667,curve_0,LaneKeeping,0.0997,0.5885,16.6667,0.0,,
8.46,pure_pursuit_60,lka_test,65.3451,118.3061,16.6667,curve_0,LaneKeeping,0.0969,0.4742,16.6667,0.0,,
8.48,pure_pursuit_60,lka_test,65.627,118.484,16.6667,curve_0,LaneKeeping,0.0948,0.3637,16.6667,0.0,,
8.5,pure_pursuit_60,lka_test,65.9095,118.661,16.6667,curve_0,LaneKeeping,0.0937,0.1958,16.6667,0.0,,
8.52,pure_pursuit_60,lka_test,66.1924,118.8372,16.6667,curve_0,LaneKeeping,0.1476,1.6716,16.6667,0.0,,
8.54,pure_pursuit_60,lka_test,66.4758,119.0127,16.6667,curve_0,LaneKeeping,0.1388,1.5169,16.6667,0.0,,
8.56,pure_pursuit_60,lka_test,66.7597,119.1875,16.6667,curve_0,LaneKeeping,0.1308,1.3682,16.6667,0.0,,
8.58,pure_pursuit_60,lka_test,67.0439,119.3615,16.6667,curve_0,LaneKeeping,0.1237,1.2254,16.6667,0.0,,
8.6,pure_pursuit_60,lka_test,67.3287,119.5349,16.6667,curve_0,LaneKeeping,0.1174,1.088,16.6667,0.0,,
8.62,pure_pursuit_60,lka_test,67.6138,119.7076,16.6667,curve_0,LaneKeeping,0.1118,0.9557,16.6667,0.0,,
8.64,pure_pursuit_60,lka_test,67.8993,119.8796,16.6667,curve_0,LaneKeeping,0.107,0.8284,16.6667,0.0,,
8.66,pure_pursuit_60,lka_test,68.1851,120.0511,16.6667,curve_0,LaneKeeping,0.1029,0.7056,16.6667,0.0,,
8.68,pure_pursuit_60,lka_test,68.4713,120.2219,16.6667,curve_0,LaneKeeping,0.0995,0.5872,16.6667,0.0,,
8.7,pure_pursuit_60,lka_test,68.7579,120.3922,16.6667,curve_0,LaneKeeping,0.0967,0.4729,16.6667,0.0,,
8.72,pure_pursuit_60,lka_test,69.0448,120.562,16.6667,curve_0,LaneKeeping,0.0946,0.3625,16.6667,0.0,,
8.74,pure_pursuit_60,lka_test,69.3321,120.7309,16.6667,curve_0,LaneKeeping,0.0935,0.1945,16.6667,0.0,,
8.76,pure_pursuit_60,lka_test,69.62,120.8989,16.6667,curve_0,LaneKeeping,0.1474,1.6703,16.6667,0.0,,
8.78,pure_pursuit_60,lka_test,69.9083,121.0662,16.6667,curve_0,LaneKeeping,0.1386,1.5156,16.6667,0.0,,
8.8,pure_pursuit_60,lka_test,70.197,121.2328,16.6667,curve_0,LaneKeeping,0.1306,1.367,16.6667,0.0,,
8.82,pure_pursuit_60,lka_test,70.4862,121.3986,16.6667,curve_0,LaneKeeping,0.1235,1.2241,16.6667,0.0,,
8.84,pure_pursuit_60,lka_test,70.7757,121.5638,16.6667,curve_0,LaneKeeping,0.1172,1.0867,16.6667,0.0,,
8.86,pure_pursuit_60,lka_test,71.0657,121.7283,16.6667,curve_0,LaneKeeping,0.1116,0.9545,16.6667,0.0,,
8.88,pure_pursuit_60,lka_test,71.356,121.8921,16.6667,curve_0,LaneKeeping,0.1068,0.8271,16.6667,0.0,,
8.9,pure_pursuit_60,lka_test,71.6466,122.0553,16.6667,curve_0,LaneKeeping,0.1027,0.7043,16.6667,0.0,,
8.92,pure_pursuit_60,lka_test,71.9376,122.2179,16.6667,curve_0,LaneKeeping,0.0993,0.5859,16.6667,0.0,,
8.94,pure_pursuit_60,lka_test,72.2289,122.3799,16.6667,curve_0,LaneKeeping,0.0965,0.4716,16.6667,0.0,,
8.96,pure_pursuit_60,lka_test,72.5205,122.5414,16.6667,curve_0,LaneKeeping,0.0944,0.3612,16.6667,0.0,,
8.98,pure_pursuit_60,lka_test,72.8126,122.702,16.6667,curve_0,LaneKeeping,0.0933,0.1932,16.6667,0.0,,
9.0,pure_pursuit_60,lka_test,73.1051,122.8618,16.6667,curve_0,LaneKeeping,0.1471,1.6691,16.6667,0.0,,
9.02,pure_pursuit_60,lka_test,73.3981,123.0208,16.6667,curve_0,LaneKeeping,0.1383,1.5143,16.6667,0.0,,
9.04,pure_pursuit_60,lka_test,73.6915,123.179,16.6667,curve_0,LaneKeeping,0.1304,1.3657,16.6667,0.0,,
9.06,pure_pursuit_60,lka_test,73.9853,123.3365,16.6667,curve_0,LaneKeeping,0.1233,1.2228,16.6667,0.0,,
9.08,pure_pursuit_60,lka_test,74.2794,123.4933,16.6667,curve_0,LaneKeeping,0.1169,1.0854,16.6667,0.0,,
9.1,pure_pursuit_60,lka_test,74.5739,123.6495,16.6667,curve_0,LaneKeeping,0.1114,0.9532,16.6667,0.0,,
9.12,pure_pursuit_60,lka_test,74.8688,123.8049,16.6667,curve_0,LaneKeeping,0.1066,0.8258,16.6667,0.0,,
9.14,pure_pursuit_60,lka_test,75.164,123.9598,16.6667,curve_0,LaneKeeping,0.1025,0.7031,16.6667,0.0,,
9.16,pure_pursuit_60,lka_test,75.4595,124.114,16.6667,curve_0,LaneKeeping,0.0991,0.5847,16.6667,0.0,,
9.18,pure_pursuit_60,lka_test,75.7553,124.2676,16.6667,curve_0,LaneKeeping,0.0964,0.4703,16.6667,0.0,,
9.2,pure_pursuit_60,lka_test,76.0514,124.4207,16.6667,curve_0,LaneKeeping,0.0943,0.3599,16.6667,0.0,,
9.22,pure_pursuit_60,lka_test,76.348,124.5729,16.6667,curve_0,LaneKeeping,0.0931,0.1919,16.6667,0.0,,
9.24,pure_pursuit_60,lka_test,76.645,124.7242,16.6667,curve_0,LaneKeeping,0.1469,1.6678,16.6667,0.0,,
9.26,pure_pursuit_60,lka_test,76.9424,124.8748,16.6667,curve_0,LaneKeeping,0.1381,1.5131,16.6667,0.0,,
9.28,pure_pursuit_60,lka_test,77.2401,125.0246,16.6667,curve_0,LaneKeeping,0.1301,1.3644,16.6667,0.0,,
9.3,pure_pursuit_60,lka_test,77.5383,125.1736,16.6667,curve_0,LaneKeeping,0.123,1.2216,16.6667,0.0,,
9.32,pure_pursuit_60,lka_test,77.8368,125.3219,16.6667,curve_0,LaneKeeping,0.1167,1.0842,16.6667,0.0,,
9.34,pure_pursuit_60,lka_test,78.1357,125.4696,16.6667,curve_0,LaneKeeping,0.1112,0.9519,16.6667,0.0,,
9.36,pure_pursuit_60,lka_test,78.4348,125.6165,16.6667,curve_0,LaneKeeping,0.1064,0.8246,16.6667,0.0,,
9.38,pure_pursuit_60,lka_test,78.7343,125.7629,16.6667,curve_0,LaneKeeping,0.1023,0.7018,16.6667,0.0,,
9.4,pure_pursuit_60,lka_test,79.0341,125.9086,16.6667,curve_0,LaneKeeping,0.0989,0.5834,16.6667,0.0,,
9.42,pure_pursuit_60,lka_test,79.3342,126.0537,16.6667,curve_0,LaneKeeping,0.0962,0.4691,16.6667,0.0,,
9.44,pure_pursuit_60,lka_test,79.6346,126.1982,16.6667,curve_0,LaneKeeping,0.0941,0.3586,16.6667,0.0,,
9.46,pure_pursuit_60,lka_test,79.9354,126.3419,16.6667,curve_0,LaneKeeping,0.093,0.1907,16.6667,0.0,,
9.48,pure_pursuit_60,lka_test,80.2366,126.4847,16.6667,curve_0,LaneKeeping,0.1466,1.6665,16.6667,0.0,,
9.5,pure_pursuit_60,lka_test,80.5382,126.6267,16.6667,curve_0,LaneKeeping,0.1378,1.5118,16.6667,0.0,,
9.52,pure_pursuit_60,lka_test,80.8401,126.7679,16.6667,curve_0,LaneKeeping,0.1299,1.3632,16.6667,0.0,,
9.54,pure_pursuit_60,lka_test,81.1424,126.9083,16.6667,curve_0,LaneKeeping,0.1228,1.2203,16.6667,0.0,,
9.56,pure_pursuit_60,lka_test,81.445,127.0481,16.6667,curve_0,LaneKeeping,0.1165,1.0829,16.6667,0.0,,
9.58,pure_pursuit_60,lka_test,81.748,127.1871,16.6667,curve_0,LaneKeeping,0.111,0.9507,16.6667,0.0,,
9.6,pure_pursuit_60,lka_test,82.0513,127.3255,16.6667,curve_0,LaneKeeping,0.1062,0.8233,16.6667,0.0,,
9.62,pure_pursuit_60,lka_test,82.3548,127.4632,16.6667,curve_0,LaneKeeping,0.1021,0.7005,16.6667,0.0,,
9.64,pure_pursuit_60,lka_test,82.6587,127.6002,16.6667,curve_0,LaneKeeping,0.0987,0.5821,16.6667,0.0,,
9.66,pure_pursuit_60,lka_test,82.9628,127.7367,16.6667,curve_0,LaneKeeping,0.096,0.4678,16.6667,0.0,,
9.68,pure_pursuit_60,lka_test,83.2672,127.8726,16.6667,curve_0,LaneKeeping,0.0939,0.3574,16.6667,0.0,,
9.7,pure_pursuit_60,lka_test,83.5719,128.0076,16.6667,curve_0,LaneKeeping,0.0928,0.1894,16.6667,0.0,,
9.72,pure_pursuit_60,lka_test,83.8771,128.1417,16.6667,curve_0,LaneKeeping,0.1464,1.6653,16.6667,0.0,,
9.74,pure_pursuit_60,lka_test,84.1826,128.275,16.6667,curve_0,LaneKeeping,0.1376,1.5106,16.6667,0.0,,
9.76,pure_pursuit_60,lka_test,84.4885,128.4076,16.6667,curve_0,LaneKeeping,0.1297,1.3619,16.6667,0.0,,
9.78,pure_pursuit_60,lka_test,84.7946,128.5393,16.6667,curve_0,LaneKeeping,0.1226,1.2191,16.6667,0.0,,
9.8,pure_pursuit_60,lka_test,85.1011,128.6703,16.6667,curve_0,LaneKeeping,0.1163,1.0817,16.6667,0.0,,
9.82,pure_pursuit_60,lka_test,85.408,128.8007,16.6667,curve_0,LaneKeeping,0.1107,0.9494,16.6667,0.0,,
9.84,pure_pursuit_60,lka_test,85.715,128.9303,16.6667,curve_0,LaneKeeping,0.106,0.822,16.6667,0.0,,
9.86,pure_pursuit_60,lka_test,86.0224,129.0593,16.6667,curve_0,LaneKeeping,0.1019,0.6993,16.6667,0.0,,
9.88,pure_pursuit_60,lka_test,86.3301,129.1876,16.6667,curve_0,LaneKeeping,0.0985,0.5809,16.6667,0.0,,
9.9,pure_pursuit_60,lka_test,86.6379,129.3153,16.6667,curve_0,LaneKeeping,0.0958,0.4665,16.6667,0.0,,
9.92,pure_pursuit_60,lka_test,86.9461,129.4424,16.6667,curve_0,LaneKeeping,0.0937,0.3561,16.6667,0.0,,
9.94,pure_pursuit_60,lka_test,87.2546,129.5687,16.6667,curve_0,LaneKeeping,0.0926,0.1881,16.6667,0.0,,
9.96,pure_pursuit_60,lka_test,87.5635,129.694,16.6667,curve_0,LaneKeeping,0.1461,1.664,16.6667,0.0,,
9.98,pure_pursuit_60,lka_test,87.8727,129.8185,16.6667,curve_0,LaneKeeping,0.1373,1.5093,16.6667,0.0,,
10.0,pure_pursuit_60,lka_test,88.1822,129.9423,16.6667,curve_0,LaneKeeping,0.1294,1.3607,16.6667,0.0,,
10.02,pure_pursuit_60,lka_test,88.492,130.0652,16.6667,curve_0,LaneKeeping,0.1223,1.2178,16.6667,0.0,,
10.04,pure_pursuit_60,lka_test,88.8021,130.1874,16.6667,curve_0,LaneKeeping,0.1161,1.0804,16.6667,0.0,,
10.06,pure_pursuit_60,lka_test,89.1125,130.3089,16.6667,curve_0,LaneKeeping,0.1105,0.9482,16.6667,0.0,,
10.08,pure_pursuit_60,lka_test,89.4232,130.4297,16.6667,curve_0,LaneKeeping,0.1058,0.8208,16.6667,0.0,,
10.1,pure_pursuit_60,lka_test,89.7342,130.5498,16.6667,curve_0,LaneKeeping,0.1017,0.698,16.6667,0.0,,
10.12,pure_pursuit_60,lka_test,90.0453,130.6693,16.6667,curve_0,LaneKeeping,0.0983,0.5796,16.6667,0.0,,
10.14,pure_pursuit_60,lka_test,90.3567,130.7882,16.6667,curve_0,LaneKeeping,0.0956,0.4653,16.6667,0.0,,
10.16,pure_pursuit_60,lka_test,90.6684,130.9065,16.6667,curve_0,LaneKeeping,0.0936,0.3548,16.6667,0.0,,
10.18,pure_pursuit_60,lka_test,90.9804,131.0238,16.6667,curve_0,LaneKeeping,0.0925,0.1869,16.6667,0.0,,
10.2,pure_pursuit_60,lka_test,91.2927,131.1403,16.6667,curve_0,LaneKeeping,0.1459,1.6628,16.6667,0.0,,
10.22,pure_pursuit_60,lka_test,91.6053,131.2559,16.6667,curve_0,LaneKeeping,0.1371,1.508,16.6667,0.0,,
10.24,pure_pursuit_60,lka_test,91.9183,131.3707,16.6667,curve_0,LaneKeeping,0.1292,1.3594,16.6667,0.0,,
10.26,pure_pursuit_60,lka_test,92.2315,131.4848,16.6667,curve_0,LaneKeeping,0.1221,1.2166,16.6667,0.0,,
10.28,pure_pursuit_60,lka_test,92.545,131.5981,16.6667,curve_0,LaneKeeping,0.1158,1.0792,16.6667,0.0,,
10.3,pure_pursuit_60,lka_test,92.8587,131.7106,16.6667,curve_0,LaneKeeping,0.1103,0.9469,16.6667,0.0,,
10.32,pure_pursuit_60,lka_test,93.1727,131.8225,16.6667,curve_0,LaneKeeping,0.1056,0.8195,16.6667,0.0,,
10.34,pure_pursuit_60,lka_test,93.487,131.9337,16.6667,curve_0,LaneKeeping,0.1015,0.6968,16.6667,0.0,,
10.36,pure_pursuit_60,lka_test,93.8015,132.0442,16.6667,curve_0,LaneKeeping,0.0981,0.5783,16.6667,0.0,,
10.38,pure_pursuit_60,lka_test,94.1161,132.1542,16.6667,curve_0,LaneKeeping,0.0954,0.464,16.6667,0.0,,
10.4,pure_pursuit_60,lka_test,94.431,132.2635,16.6667,curve_0,LaneKeeping,0.0934,0.3535,16.6667,0.0,,
10.42,pure_pursuit_60,lka_test,94.7463,132.3719,16.6667,curve_0,LaneKeeping,0.0923,0.1856,16.6667,0.0,,
10.44,pure_pursuit_60,lka_test,95.0618,132.4794,16.6667,curve_0,LaneKeeping,0.1456,1.6615,16.6667,0.0,,
10.46,pure_pursuit_60,lka_test,95.3776,132.586,16.6667,curve_0,LaneKeeping,0.1369,1.5068,16.6667,0.0,,
10.48,pure_pursuit_60,lka_test,95.6937,132.6918,16.6667,curve_0,LaneKeeping,0.129,1.3582,16.6667,0.0,,
10.5,pure_pursuit_60,lka_test,96.01,132.7969,16.6667,curve_0,LaneKeeping,0.1219,1.2153,16.6667,0.0,,
10.52,pure_pursuit_60,lka_test,96.3266,132.9011,16.6667,curve_0,LaneKeeping,0.1156,1.0779,16.6667,0.0,,
10.54,pure_pursuit_60,lka_test,96.6435,133.0047,16.6667,curve_0,LaneKeeping,0.1101,0.9457,16.6667,0.0,,
10.56,pure_pursuit_60,lka_test,96.9606,133.1075,16.6667,curve_0,LaneKeeping,0.1053,0.8183,16.6667,0.0,,
10.58,pure_pursuit_60,lka_test,97.2778,133.2097,16.6667,curve_0,LaneKeeping,0.1013,0.6955,16.6667,0.0,,
10.6,pure_pursuit_60,lka_test,97.5953,133.3112,16.6667,curve_0,LaneKeeping,0.0979,0.5771,16.6667,0.0,,
10.62,pure_pursuit_60,lka_test,97.913,133.4121,16.6667,curve_0,LaneKeeping,0.0953,0.4628,16.6667,0.0,,
10.64,pure_pursuit_60,lka_test,98.2309,133.5124,16.6667,curve_0,LaneKeeping,0.0932,0.3523,16.6667,0.0,,
10.66,pure_pursuit_60,lka_test,98.5491,133.6117,16.6667,curve_0,LaneKeeping,0.0921,0.1844,16.6667,0.0,,
10.68,pure_pursuit_60,lka_test,98.8676,133.7101,16.6667,curve_0,LaneKeeping,0.1454,1.6602,16.6667,0.0,,
10.7,pure_pursuit_60,lka_test,99.1863,133.8077,16.6667,curve_0,LaneKeeping,0.1366,1.5055,16.6667,0.0,,
10.72,pure_pursuit_60,lka_test,99.5053,133.9044,16.6667,curve_0,LaneKeeping,0.1287,1.3569,16.6667,0.0,,
10.74,pure_pursuit_60,lka_test,99.8245,134.0004,16.6667,curve_0,LaneKeeping,0.1217,1.2141,16.6667,0.0,,
10.76,pure_pursuit_60,lka_test,100.144,134.0956,16.6667,curve_0,LaneKeeping,0.1154,1.0767,16.6667,0.0,,
10.78,pure_pursuit_60,lka_test,100.4637,134.19,16.6667,curve_0,LaneKeeping,0.1099,0.9444,16.6667,0.0,,
10.8,pure_pursuit_60,lka_test,100.7836,134.2838,16.6667,curve_0,LaneKeeping,0.1051,0.817,16.6667,0.0,,
10.82,pure_pursuit_60,lka_test,101.1036,134.3768,16.6667,curve_0,LaneKeeping,0.1011,0.6943,16.6667,0.0,,
10.84,pure_pursuit_60,lka_test,101.4239,134.4692,16.6667,curve_0,LaneKeeping,0.0978,0.5758,16.6667,0.0,,
10.86,pure_pursuit_60,lka_test,101.7444,134.561,16.6667,curve_0,LaneKeeping,0.0951,0.4615,16.6667,0.0,,
10.88,pure_pursuit_60,lka_test,102.065,134.6521,16.6667,curve_0,LaneKeeping,0.093,0.351,16.6667,0.0,,
10.9,pure_pursuit_60,lka_test,102.3859,134.7423,16.6667,curve_0,LaneKeeping,0.092,0.1831,16.6667,0.0,,
10.92,pure_pursuit_60,lka_test,102.7071,134.8316,16.6667,curve_0,LaneKeeping,0.1451,1.659,16.6667,0.0,,
10.94,pure_pursuit_60,lka_test,103.0284,134.92,16.6667,curve_0,LaneKeeping,0.1364,1.5043,16.6667,0.0,,
10.96,pure_pursuit_60,lka_test,103.3501,135.0076,16.6667,curve_0,LaneKeeping,0.1285,1.3557,16.6667,0.0,,
10.98,pure_pursuit_60,lka_test,103.6719,135.0944,16.6667,curve_0,LaneKeeping,0.1214,1.2128,16.6667,0.0,,
11.0,pure_pursuit_60,lka_test,103.9939,135.1804,16.6667,curve_0,LaneKeeping,0.1152,1.0754,16.6667,0.0,,
11.02,pure_pursuit_60,lka_test,104.3162,135.2656,16.6667,curve_0,LaneKeeping,0.1097,0.9432,16.6667,0.0,,
11.04,pure_pursuit_60,lka_test,104.6386,135.3502,16.6667,curve_0,LaneKeeping,0.1049,0.8158,16.6667,0.0,,
11.06,pure_pursuit_60,lka_test,104.9612,135.4341,16.6667,curve_0,LaneKeeping,0.1009,0.693,16.6667,0.0,,
11.08,pure_pursuit_60,lka_test,105.284,135.5173,16.6667,curve_0,LaneKeeping,0.0976,0.5746,16.6667,0.0,,
11.1,pure_pursuit_60,lka_test,105.607,135.5998,16.6667,curve_0,LaneKeeping,0.0949,0.4602,16.6667,0.0,,
11.12,pure_pursuit_60,lka_test,105.9301,135.6817,16.6667,curve_0,LaneKeeping,0.0929,0.3498,16.6667,0.0,,
11.14,pure_pursuit_60,lka_test,106.2534,135.7627,16.6667,curve_0,LaneKeeping,0.0918,0.1818,16.6667,0.0,,
11.16,pure_pursuit_60,lka_test,106.577,135.8428,16.6667,curve_0,LaneKeeping,0.1449,1.6577,16.6667,0.0,,
11.18,pure_pursuit_60,lka_test,106.9008,135.922,16.6667,curve_0,LaneKeeping,0.1361,1.503,16.6667,0.0,,
11.2,pure_pursuit_60,lka_test,107.2248,136.0003,16.6667,curve_0,LaneKeeping,0.1283,1.3544,16.6667,0.0,,
11.22,pure_pursuit_60,lka_test,107.549,136.0779,16.6667,curve_0,LaneKeeping,0.1212,1.2116,16.6667,0.0,,
11.24,pure_pursuit_60,lka_test,107.8733,136.1547,16.6667,curve_0,LaneKeeping,0.115,1.0742,16.6667,0.0,,
11.26,pure_pursuit_60,lka_test,108.1979,136.2307,16.6667,curve_0,LaneKeeping,0.1095,0.9419,16.6667,0.0,,
11.28,pure_pursuit_60,lka_test,108.5226,136.306,16.6667,curve_0,LaneKeeping,0.1047,0.8145,16.6667,0.0,,
11.3,pure_pursuit_60,lka_test,108.8475,136.3806,16.6667,curve_0,LaneKeeping,0.1007,0.6918,16.6667,0.0,,
11.32,pure_pursuit_60,lka_test,109.1725,136.4545,16.6667,curve_0,LaneKeeping,0.0974,0.5733,16.6667,0.0,,
11.34,pure_pursuit_60,lka_test,109.4977,136.5278,16.6667,curve_0,LaneKeeping,0.0947,0.459,16.6667,0.0,,
0.0,pure_pursuit_80,lka_test,0.0,0.0,22.2222,curve_0,LaneKeeping,0.0,0.8185,22.2222,0.0,,
0.02,pure_pursuit_80,lka_test,0.0018,0.4444,22.2222,curve_0,LaneKeeping,-0.0046,0.5928,22.2222,0.0,,
0.04,pure_pursuit_80,lka_test,0.0052,0.8889,22.2222,curve_0,LaneKeeping,-0.0075,0.3767,22.2222,0.0,,
0.06,pure_pursuit_80,lka_test,0.0102,1.3333,22.2222,curve_0,LaneKeeping,-0.0088,0.1695,22.2222,0.0,,
0.08,pure_pursuit_80,lka_test,0.0168,1.7777,22.2222,curve_0,LaneKeeping,-0.0086,-0.0292,22.2222,0.0,,
0.1,pure_pursuit_80,lka_test,0.0248,2.2221,22.2222,curve_0,LaneKeeping,0.0439,1.417,22.2222,0.0,,
0.12,pure_pursuit_80,lka_test,0.0343,2.6664,22.2222,curve_0,LaneKeeping,0.0343,1.2336,22.2222,0.0,,
0.14,pure_pursuit_80,lka_test,0.0452,3.1107,22.2222,curve_0,LaneKeeping,0.0261,1.0572,22.2222,0.0,,
0.16,pure_pursuit_80,lka_test,0.0578,3.555,22.2222,curve_0,LaneKeeping,0.0197,0.83,22.2222,0.0,,
0.18,pure_pursuit_80,lka_test,0.0721,3.9992,22.2222,curve_0,LaneKeeping,0.0149,0.6129,22.2222,0.0,,
0.2,pure_pursuit_80,lka_test,0.088,4.4434,22.2222,curve_0,LaneKeeping,0.0118,0.405,22.2222,0.0,,
0.22,pure_pursuit_80,lka_test,0.1054,4.8875,22.2222,curve_0,LaneKeeping,0.0102,0.206,22.2222,0.0,,
0.24,pure_pursuit_80,lka_test,0.1243,5.3315,22.2222,curve_0,LaneKeeping,0.0101,0.0152,22.2222,0.0,,
0.26,pure_pursuit_80,lka_test,0.1447,5.7755,22.2222,curve_0,LaneKeeping,0.0114,-0.1678,22.2222,0.0,,
0.28,pure_pursuit_80,lka_test,0.1664,6.2194,22.2222,curve_0,LaneKeeping,0.0648,1.2935,22.2222,0.0,,
0.3,pure_pursuit_80,lka_test,0.1894,6.6632,22.2222,curve_0,LaneKeeping,0.0561,1.1246,22.2222,0.0,,
0.32,pure_pursuit_80,lka_test,0.2137,7.107,22.2222,curve_0,LaneKeeping,0.0486,0.962,22.2222,0.0,,
0.34,pure_pursuit_80,lka_test,0.2396,7.5507,22.2222,curve_0,LaneKeeping,0.0428,0.7467,22.2222,0.0,,
0.36,pure_pursuit_80,lka_test,0.2671,7.9943,22.2222,curve_0,LaneKeeping,0.0386,0.5408,22.2222,0.0,,
0.38,pure_pursuit_80,lka_test,0.2962,8.4378,22.2222,curve_0,LaneKeeping,0.036,0.3438,22.2222,0.0,,
0.4,pure_pursuit_80,lka_test,0.3267,8.8812,22.2222,curve_0,LaneKeeping,0.0348,0.1551,22.2222,0.0,,
0.42,pure_pursuit_80,lka_test,0.3586,9.3245,22.2222,curve_0,LaneKeeping,0.035,-0.0258,22.2222,0.0,,
0.44,pure_pursuit_80,lka_test,0.3919,9.7677,22.2222,curve_0,LaneKeeping,0.0365,-0.1993,22.2222,0.0,,
0.46,pure_pursuit_80,lka_test,0.4264,10.2108,22.2222,curve_0,LaneKeeping,0.0901,1.2711,22.2222,0.0,,
0.48,pure_pursuit_80,lka_test,0.4622,10.6538,22.2222,curve_0,LaneKeeping,0.0815,1.111,22.2222,0.0,,
0.5,pure_pursuit_80,lka_test,0.4992,11.0967,22.2222,curve_0,LaneKeeping,0.074,0.9569,22.2222,0.0,,
0.52,pure_pursuit_80,lka_test,0.5378,11.5394,22.2222,curve_0,LaneKeeping,0.0682,0.7479,22.2222,0.0,,
0.54,pure_pursuit_80,lka_test,0.5779,11.9821,22.2222,curve_0,LaneKeeping,0.064,0.548,22.2222,0.0,,
0.56,pure_pursuit_80,lka_test,0.6196,12.4246,22.2222,curve_0,LaneKeeping,0.0612,0.3567,22.2222,0.0,,
0.58,pure_pursuit_80,lka_test,0.6626,12.8669,22.2222,curve_0,LaneKeeping,0.0599,0.1735,22.2222,0.0,,
0.6,pure_pursuit_80,lka_test,0.707,13.3091,22.2222,curve_0,LaneKeeping,0.0599,-0.0021,22.2222,0.0,,
0.62,pure_pursuit_80,lka_test,0.7527,13.7512,22.2222,curve_0,LaneKeeping,0.0612,-0.1706,22.2222,0.0,,
0.64,pure_pursuit_80,lka_test,0.7996,14.1932,22.2222,curve_0,LaneKeeping,0.1144,1.3047,22.2222,0.0,,
0.66,pure_pursuit_80,lka_test,0.8477,14.635,22.2222,curve_0,LaneKeeping,0.1055,1.1492,22.2222,0.0,,
0.68,pure_pursuit_80,lka_test,0.897,15.0767,22.2222,curve_0,LaneKeeping,0.0978,0.9996,22.2222,0.0,,
0.7,pure_pursuit_80,lka_test,0.9479,15.5183,22.2222,curve_0,LaneKeeping,0.0916,0.7932,22.2222,0.0,,
0.72,pure_pursuit_80,lka_test,1.0003,15.9596,22.2222,curve_0,LaneKeeping,0.087,0.5958,22.2222,0.0,,
0.74,pure_pursuit_80,lka_test,1.0542,16.4008,22.2222,curve_0,LaneKeeping,0.0839,0.4068,22.2222,0.0,,
0.76,pure_pursuit_80,lka_test,1.1094,16.8418,22.2222,curve_0,LaneKeeping,0.0821,0.2259,22.2222,0.0,,
0.78,pure_pursuit_80,lka_test,1.166,17.2826,22.2222,curve_0,LaneKeeping,0.0817,0.0525,22.2222,0.0,,
0.8,pure_pursuit_80,lka_test,1.2238,17.7233,22.2222,curve_0,LaneKeeping,0.0826,-0.1139,22.2222,0.0,,
0.82,pure_pursuit_80,lka_test,1.2829,18.1638,22.2222,curve_0,LaneKeeping,0.1353,1.3634,22.2222,0.0,,
0.84,pure_pursuit_80,lka_test,1.3432,18.6041,22.2222,curve_0,LaneKeeping,0.1259,1.2098,22.2222,0.0,,
0.86,pure_pursuit_80,lka_test,1.4046,19.0443,22.2222,curve_0,LaneKeeping,0.1177,1.0621,22.2222,0.0,,
0.88,pure_pursuit_80,lka_test,1.4676,19.4842,22.2222,curve_0,LaneKeeping,0.111,0.856,22.2222,0.0,,
0.9,pure_pursuit_80,lka_test,1.5321,19.924,22.2222,curve_0,LaneKeeping,0.1059,0.6589,22.2222,0.0,,
0.92,pure_pursuit_80,lka_test,1.5981,20.3635,22.2222,curve_0,LaneKeeping,0.1023,0.4702,22.2222,0.0,,
0.94,pure_pursuit_80,lka_test,1.6654,20.8028,22.2222,curve_0,LaneKeeping,0.1,0.2896,22.2222,0.0,,
0.96,pure_pursuit_80,lka_test,1.734,21.2419,22.2222,curve_0,LaneKeeping,0.0991,0.1164,22.2222,0.0,,
0.98,pure_pursuit_80,lka_test,1.804,21.6808,22.2222,curve_0,LaneKeeping,0.0995,-0.0497,22.2222,0.0,,
1.0,pure_pursuit_80,lka_test,1.8751,22.1195,22.2222,curve_0,LaneKeeping,0.1516,1.4278,22.2222,0.0,,
1.02,pure_pursuit_80,lka_test,1.9475,22.5581,22.2222,curve_0,LaneKeeping,0.1417,1.2745,22.2222,0.0,,
1.04,pure_pursuit_80,lka_test,2.0209,22.9964,22.2222,curve_0,LaneKeeping,0.133,1.127,22.2222,0.0,,
1.06,pure_pursuit_80,lka_test,2.096,23.4345,22.2222,curve_0,LaneKeeping,0.1259,0.9199,22.2222,0.0,,
1.08,pure_pursuit_80,lka_test,2.1725,23.8723,22.2222,curve_0,LaneKeeping,0.1203,0.7219,22.2222,0.0,,
1.1,pure_pursuit_80,lka_test,2.2505,24.3098,22.2222,curve_0,LaneKeeping,0.1161,0.5325,22.2222,0.0,,
1.12,pure_pursuit_80,lka_test,2.3299,24.7471,22.2222,curve_0,LaneKeeping,0.1134,0.351,22.2222,0.0,,
1.14,pure_pursuit_80,lka_test,2.4106,25.1841,22.2222,curve_0,LaneKeeping,0.112,0.1771,22.2222,0.0,,
1.16,pure_pursuit_80,lka_test,2.4926,25.621,22.2222,curve_0,LaneKeeping,0.112,0.0102,22.2222,0.0,,
1.18,pure_pursuit_80,lka_test,2.5758,26.0576,22.2222,curve_0,LaneKeeping,0.1635,1.487,22.2222,0.0,,
1.2,pure_pursuit_80,lka_test,2.6602,26.4939,22.2222,curve_0,LaneKeeping,0.1532,1.333,22.2222,0.0,,
1.22,pure_pursuit_80,lka_test,2.7457,26.9301,22.2222,curve_0,LaneKeeping,0.144,1.1849,22.2222,0.0,,
1.24,pure_pursuit_80,lka_test,2.8328,27.3659,22.2222,curve_0,LaneKeeping,0.1364,0.9764,22.2222,0.0,,
1.26,pure_pursuit_80,lka_test,2.9214,27.8014,22.2222,curve_0,LaneKeeping,0.1304,0.777,22.2222,0.0,,
1.28,pure_pursuit_80,lka_test,3.0115,28.2366,22.2222,curve_0,LaneKeeping,0.1258,0.5862,22.2222,0.0,,
1.3,pure_pursuit_80,lka_test,3.1029,28.6716,22.2222,curve_0,LaneKeeping,0.1227,0.4035,22.2222,0.0,,
1.32,pure_pursuit_80,lka_test,3.1957,29.1062,22.2222,curve_0,LaneKeeping,0.1209,0.2283,22.2222,0.0,,
1.34,pure_pursuit_80,lka_test,3.2898,29.5406,22.2222,curve_0,LaneKeeping,0.1205,0.0603,22.2222,0.0,,
1.36,pure_pursuit_80,lka_test,3.3851,29.9747,22.2222,curve_0,LaneKeeping,0.1715,1.536,22.2222,0.0,,
1.38,pure_pursuit_80,lka_test,3.4815,30.4086,22.2222,curve_0,LaneKeeping,0.1608,1.3809,22.2222,0.0,,
1.4,pure_pursuit_80,lka_test,3.5791,30.8422,22.2222,curve_0,LaneKeeping,0.1513,1.2317,22.2222,0.0,,
1.42,pure_pursuit_80,lka_test,3.6783,31.2754,22.2222,curve_0,LaneKeeping,0.1433,1.0217,22.2222,0.0,,
1.44,pure_pursuit_80,lka_test,3.7789,31.7083,22.2222,curve_0,LaneKeeping,0.137,0.8208,22.2222,0.0,,
1.46,pure_pursuit_80,lka_test,3.8811,32.1408,22.2222,curve_0,LaneKeeping,0.1321,0.6286,22.2222,0.0,,
1.48,pure_pursuit_80,lka_test,3.9846,32.573,22.2222,curve_0,LaneKeeping,0.1287,0.4445,22.2222,0.0,,
1.5,pure_pursuit_80,lka_test,4.0895,33.0049,22.2222,curve_0,LaneKeeping,0.1266,0.268,22.2222,0.0,,
1.52,pure_pursuit_80,lka_test,4.1956,33.4365,22.2222,curve_0,LaneKeeping,0.1258,0.0987,22.2222,0.0,,
1.54,pure_pursuit_80,lka_test,4.303,33.8678,22.2222,curve_0,LaneKeeping,0.1765,1.5732,22.2222,0.0,,
1.56,pure_pursuit_80,lka_test,4.4115,34.2988,22.2222,curve_0,LaneKeeping,0.1655,1.417,22.2222,0.0,,
1.58,pure_pursuit_80,lka_test,4.5212,34.7295,22.2222,curve_0,LaneKeeping,0.1557,1.2666,22.2222,0.0,,
1.6,pure_pursuit_80,lka_test,4.6324,35.1598,22.2222,curve_0,LaneKeeping,0.1475,1.0552,22.2222,0.0,,
1.62,pure_pursuit_80,lka_test,4.7452,35.5897,22.2222,curve_0,LaneKeeping,0.1409,0.853,22.2222,0.0,,
1.64,pure_pursuit_80,lka_test,4.8594,36.0192,22.2222,curve_0,LaneKeeping,0.1357,0.6595,22.2222,0.0,,
1.66,pure_pursuit_80,lka_test,4.975,36.4484,22.2222,curve_0,LaneKeeping,0.1321,0.4741,22.2222,0.0,,
1.68,pure_pursuit_80,lka_test,5.092,36.8771,22.2222,curve_0,LaneKeeping,0.1298,0.2965,22.2222,0.0,,
1.7,pure_pursuit_80,lka_test,5.2102,37.3056,22.2222,curve_0,LaneKeeping,0.1288,0.1261,22.2222,0.0,,
1.72,pure_pursuit_80,lka_test,5.3296,37.7337,22.2222,curve_0,LaneKeeping,0.1791,1.5994,22.2222,0.0,,
1.74,pure_pursuit_80,lka_test,5.4502,38.1614,22.2222,curve_0,LaneKeeping,0.1679,1.4421,22.2222,0.0,,
1.76,pure_pursuit_80,lka_test,5.572,38.5889,22.2222,curve_0,LaneKeeping,0.1579,1.2908,22.2222,0.0,,
1.78,pure_pursuit_80,lka_test,5.6953,39.0159,22.2222,curve_0,LaneKeeping,0.1496,1.0782,22.2222,0.0,,
1.8,pure_pursuit_80,lka_test,5.8202,39.4424,22.2222,curve_0,LaneKeeping,0.1428,0.8749,22.2222,0.0,,
1.82,pure_pursuit_80,lka_test,5.9465,39.8685,22.2222,curve_0,LaneKeeping,0.1375,0.6803,22.2222,0.0,,
1.84,pure_pursuit_80,lka_test,6.0741,40.2943,22.2222,curve_0,LaneKeeping,0.1337,0.4939,22.2222,0.0,,
1.86,pure_pursuit_80,lka_test,6.2031,40.7196,22.2222,curve_0,LaneKeeping,0.1312,0.3153,22.2222,0.0,,
1.88,pure_pursuit_80,lka_test,6.3334,41.1445,22.2222,curve_0,LaneKeeping,0.1301,0.1439,22.2222,0.0,,
1.9,pure_pursuit_80,lka_test,6.4649,41.569,22.2222,curve_0,LaneKeeping,0.1802,1.6164,22.2222,0.0,,
1.92,pure_pursuit_80,lka_test,6.5976,41.9932,22.2222,curve_0,LaneKeeping,0.1689,1.4582,22.2222,0.0,,
1.94,pure_pursuit_80,lka_test,6.7314,42.417,22.2222,curve_0,LaneKeeping,0.1588,1.306,22.2222,0.0,,
1.96,pure_pursuit_80,lka_test,6.8667,42.8404,22.2222,curve_0,LaneKeeping,0.1503,1.0925,22.2222,0.0,,
1.98,pure_pursuit_80,lka_test,7.0036,43.2632,22.2222,curve_0,LaneKeeping,0.1434,0.8884,22.2222,0.0,,
2.0,pure_pursuit_80,lka_test,7.1419,43.6856,22.2222,curve_0,LaneKeeping,0.138,0.693,22.2222,0.0,,
2.02,pure_pursuit_80,lka_test,7.2816,44.1075,22.2222,curve_0,LaneKeeping,0.1341,0.5059,22.2222,0.0,,
2.04,pure_pursuit_80,lka_test,7.4227,44.529,22.2222,curve_0,LaneKeeping,0.1316,0.3265,22.2222,0.0,,
2.06,pure_pursuit_80,lka_test,7.5649,44.95,22.2222,curve_0,LaneKeeping,0.1304,0.1544,22.2222,0.0,,
2.08,pure_pursuit_80,lka_test,7.7084,45.3707,22.2222,curve_0,LaneKeeping,0.1803,1.6262,22.2222,0.0,,
2.1,pure_pursuit_80,lka_test,7.8531,45.7909,22.2222,curve_0,LaneKeeping,0.1689,1.4673,22.2222,0.0,,
2.12,pure_pursuit_80,lka_test,7.9989,46.2108,22.2222,curve_0,LaneKeeping,0.1587,1.3145,22.2222,0.0,,
2.14,pure_pursuit_80,lka_test,8.1462,46.6301,22.2222,curve_0,LaneKeeping,0.1502,1.1004,22.2222,0.0,,
2.16,pure_pursuit_80,lka_test,8.2951,47.0489,22.2222,curve_0,LaneKeeping,0.1432,0.8956,22.2222,0.0,,
2.18,pure_pursuit_80,lka_test,8.4454,47.4671,22.2222,curve_0,LaneKeeping,0.1378,0.6996,22.2222,0.0,,
2.2,pure_pursuit_80,lka_test,8.597,47.8849,22.2222,curve_0,LaneKeeping,0.1338,0.5119,22.2222,0.0,,
2.22,pure_pursuit_80,lka_test,8.75,48.3022,22.2222,curve_0,LaneKeeping,0.1312,0.332,22.2222,0.0,,
2.24,pure_pursuit_80,lka_test,8.9042,48.719,22.2222,curve_0,LaneKeeping,0.13,0.1594,22.2222,0.0,,
2.26,pure_pursuit_80,lka_test,9.0596,49.1354,22.2222,curve_0,LaneKeeping,0.1798,1.6307,22.2222,0.0,,
2.28,pure_pursuit_80,lka_test,9.2162,49.5514,22.2222,curve_0,LaneKeeping,0.1683,1.4714,22.2222,0.0,,
2.3,pure_pursuit_80,lka_test,9.3739,49.9669,22.2222,curve_0,LaneKeeping,0.1581,1.3181,22.2222,0.0,,
2.32,pure_pursuit_80,lka_test,9.5331,50.3818,22.2222,curve_0,LaneKeeping,0.1496,1.1036,22.2222,0.0,,
2.34,pure_pursuit_80,lka_test,9.6939,50.7962,22.2222,curve_0,LaneKeeping,0.1426,0.8984,22.2222,0.0,,
2.36,pure_pursuit_80,lka_test,9.856,51.21,22.2222,curve_0,LaneKeeping,0.1371,0.7021,22.2222,0.0,,
2.38,pure_pursuit_80,lka_test,10.0195,51.6233,22.2222,curve_0,LaneKeeping,0.1332,0.514,22.2222,0.0,,
2.4,pure_pursuit_80,lka_test,10.1843,52.036,22.2222,curve_0,LaneKeeping,0.1306,0.3337,22.2222,0.0,,
2.42,pure_pursuit_80,lka_test,10.3504,52.4483,22.2222,curve_0,LaneKeeping,0.1293,0.1608,22.2222,0.0,,
2.44,pure_pursuit_80,lka_test,10.5176,52.8601,22.2222,curve_0,LaneKeeping,0.1789,1.6317,22.2222,0.0,,
2.46,pure_pursuit_80,lka_test,10.686,53.2714,22.2222,curve_0,LaneKeeping,0.1675,1.4721,22.2222,0.0,,
2.48,pure_pursuit_80,lka_test,10.8555,53.6822,22.2222,curve_0,LaneKeeping,0.1573,1.3185,22.2222,0.0,,
2.5,pure_pursuit_80,lka_test,11.0266,54.0924,22.2222,curve_0,LaneKeeping,0.1487,1.1037,22.2222,0.0,,
2.52,pure_pursuit_80,lka_test,11.1991,54.502,22.2222,curve_0,LaneKeeping,0.1418,0.8983,22.2222,0.0,,
2.54,pure_pursuit_80,lka_test,11.373,54.911,22.2222,curve_0,LaneKeeping,0.1363,0.7017,22.2222,0.0,,
2.56,pure_pursuit_80,lka_test,11.5482,55.3195,22.2222,curve_0,LaneKeeping,0.1323,0.5135,22.2222,0.0,,
2.58,pure_pursuit_80,lka_test,11.7248,55.7274,22.2222,curve_0,LaneKeeping,0.1298,0.333,22.2222,0.0,,
2.6,pure_pursuit_80,lka_test,11.9025,56.1347,22.2222,curve_0,LaneKeeping,0.1285,0.1598,22.2222,0.0,,
2.62,pure_pursuit_80,lka_test,12.0815,56.5415,22.2222,curve_0,LaneKeeping,0.178,1.6306,22.2222,0.0,,
2.64,pure_pursuit_80,lka_test,12.2616,56.9478,22.2222,curve_0,LaneKeeping,0.1666,1.4707,22.2222,0.0,,
2.66,pure_pursuit_80,lka_test,12.4427,57.3537,22.2222,curve_0,LaneKeeping,0.1564,1.3169,22.2222,0.0,,
2.68,pure_pursuit_80,lka_test,12.6254,57.7588,22.2222,curve_0,LaneKeeping,0.1479,1.102,22.2222,0.0,,
2.7,pure_pursuit_80,lka_test,12.8096,58.1633,22.2222,curve_0,LaneKeeping,0.1409,0.8965,22.2222,0.0,,
2.72,pure_pursuit_80,lka_test,12.9951,58.5672,22.2222,curve_0,LaneKeeping,0.1355,0.6998,22.2222,0.0,,
2.74,pure_pursuit_80,lka_test,13.182,58.9705,22.2222,curve_0,LaneKeeping,0.1315,0.5114,22.2222,0.0,,
2.76,pure_pursuit_80,lka_test,13.3701,59.3731,22.2222,curve_0,LaneKeeping,0.129,0.3308,22.2222,0.0,,
2.78,pure_pursuit_80,lka_test,13.5595,59.7752,22.2222,curve_0,LaneKeeping,0.1277,0.1576,22.2222,0.0,,
2.8,pure_pursuit_80,lka_test,13.75,60.1768,22.2222,curve_0,LaneKeeping,0.1772,1.6282,22.2222,0.0,,
2.82,pure_pursuit_80,lka_test,13.9416,60.5778,22.2222,curve_0,LaneKeeping,0.1658,1.4683,22.2222,0.0,,
2.84,pure_pursuit_80,lka_test,14.1343,60.9783,22.2222,curve_0,LaneKeeping,0.1556,1.3144,22.2222,0.0,,
2.86,pure_pursuit_80,lka_test,14.3286,61.378,22.2222,curve_0,LaneKeeping,0.147,1.0994,22.2222,0.0,,
2.88,pure_pursuit_80,lka_test,14.5242,61.7771,22.2222,curve_0,LaneKeeping,0.1401,0.8938,22.2222,0.0,,
2.9,pure_pursuit_80,lka_test,14.7212,62.1755,22.2222,curve_0,LaneKeeping,0.1347,0.6971,22.2222,0.0,,
2.92,pure_pursuit_80,lka_test,14.9195,62.5732,22.2222,curve_0,LaneKeeping,0.1308,0.5086,22.2222,0.0,,
2.94,pure_pursuit_80,lka_test,15.1191,62.9703,22.2222,curve_0,LaneKeeping,0.1282,0.328,22.2222,0.0,,
2.96,pure_pursuit_80,lka_test,15.3199,63.3668,22.2222,curve_0,LaneKeeping,0.127,0.1547,22.2222,0.0,,
2.98,pure_pursuit_80,lka_test,15.5218,63.7628,22.2222,curve_0,LaneKeeping,0.1763,1.6253,22.2222,0.0,,
3.0,pure_pursuit_80,lka_test,15.7249,64.1581,22.2222,curve_0,LaneKeeping,0.165,1.4653,22.2222,0.0,,
3.02,pure_pursuit_80,lka_test,15.929,64.5529,22.2222,curve_0,LaneKeeping,0.1548,1.3113,22.2222,0.0,,
3.04,pure_pursuit_80,lka_test,16.1345,64.947,22.2222,curve_0,LaneKeeping,0.1463,1.0964,22.2222,0.0,,
3.06,pure_pursuit_80,lka_test,16.3415,65.3403,22.2222,curve_0,LaneKeeping,0.1394,0.8908,22.2222,0.0,,
3.08,pure_pursuit_80,lka_test,16.5499,65.7329,22.2222,curve_0,LaneKeeping,0.134,0.6941,22.2222,0.0,,
3.1,pure_pursuit_80,lka_test,16.7595,66.1248,22.2222,curve_0,LaneKeeping,0.1301,0.5056,22.2222,0.0,,
3.12,pure_pursuit_80,lka_test,16.9704,66.516,22.2222,curve_0,LaneKeeping,0.1276,0.325,22.2222,0.0,,
3.14,pure_pursuit_80,lka_test,17.1824,66.9066,22.2222,curve_0,LaneKeeping,0.1264,0.1516,22.2222,0.0,,
3.16,pure_pursuit_80,lka_test,17.3956,67.2966,22.2222,curve_0,LaneKeeping,0.1756,1.6222,22.2222,0.0,,
3.18,pure_pursuit_80,lka_test,17.6098,67.686,22.2222,curve_0,LaneKeeping,0.1643,1.4622,22.2222,0.0,,
3.2,pure_pursuit_80,lka_test,17.8252,68.0748,22.2222,curve_0,LaneKeeping,0.1541,1.3083,22.2222,0.0,,
3.22,pure_pursuit_80,lka_test,18.0419,68.4628,22.2222,curve_0,LaneKeeping,0.1457,1.0933,22.2222,0.0,,
3.24,pure_pursuit_80,lka_test,18.2601,68.85,22.2222,curve_0,LaneKeeping,0.1388,0.8878,22.2222,0.0,,
3.26,pure_pursuit_80,lka_test,18.4796,69.2365,22.2222,curve_0,LaneKeeping,0.1334,0.691,22.2222,0.0,,
3.28,pure_pursuit_80,lka_test,18.7003,69.6222,22.2222,curve_0,LaneKeeping,0.1295,0.5026,22.2222,0.0,,
3.3,pure_pursuit_80,lka_test,18.9223,70.0072,22.2222,curve_0,LaneKeeping,0.127,0.322,22.2222,0.0,,
3.32,pure_pursuit_80,lka_test,19.1454,70.3916,22.2222,curve_0,LaneKeeping,0.1259,0.1487,22.2222,0.0,,
3.34,pure_pursuit_80,lka_test,19.3697,70.7753,22.2222,curve_0,LaneKeeping,0.175,1.6193,22.2222,0.0,,
3.36,pure_pursuit_80,lka_test,19.595,71.1584,22.2222,curve_0,LaneKeeping,0.1637,1.4593,22.2222,0.0,,
3.38,pure_pursuit_80,lka_test,19.8214,71.5409,22.2222,curve_0,LaneKeeping,0.1536,1.3053,22.2222,0.0,,
3.4,pure_pursuit_80,lka_test,20.0492,71.9226,22.2222,curve_0,LaneKeeping,0.1451,1.0905,22.2222,0.0,,
3.42,pure_pursuit_80,lka_test,20.2783,72.3034,22.2222,curve_0,LaneKeeping,0.1382,0.8849,22.2222,0.0,,
3.44,pure_pursuit_80,lka_test,20.5088,72.6834,22.2222,curve_0,LaneKeeping,0.1329,0.6882,22.2222,0.0,,
3.46,pure_pursuit_80,lka_test,20.7405,73.0627,22.2222,curve_0,LaneKeeping,0.129,0.4998,22.2222,0.0,,
3.48,pure_pursuit_80,lka_test,20.9734,73.4412,22.2222,curve_0,LaneKeeping,0.1266,0.3192,22.2222,0.0,,
3.5,pure_pursuit_80,lka_test,21.2074,73.819,22.2222,curve_0,LaneKeeping,0.1254,0.1459,22.2222,0.0,,
3.52,pure_pursuit_80,lka_test,21.4426,74.1962,22.2222,curve_0,LaneKeeping,0.1745,1.6166,22.2222,0.0,,
3.54,pure_pursuit_80,lka_test,21.6787,74.5727,22.2222,curve_0,LaneKeeping,0.1632,1.4566,22.2222,0.0,,
3.56,pure_pursuit_80,lka_test,21.9159,74.9485,22.2222,curve_0,LaneKeeping,0.1531,1.3027,22.2222,0.0,,
3.58,pure_pursuit_80,lka_test,22.1546,75.3235,22.2222,curve_0,LaneKeeping,0.1446,1.0878,22.2222,0.0,,
3.6,pure_pursuit_80,lka_test,22.3945,75.6976,22.2222,curve_0,LaneKeeping,0.1378,0.8823,22.2222,0.0,,
3.62,pure_pursuit_80,lka_test,22.6358,76.0709,22.2222,curve_0,LaneKeeping,0.1325,0.6857,22.2222,0.0,,
3.64,pure_pursuit_80,lka_test,22.8782,76.4433,22.2222,curve_0,LaneKeeping,0.1286,0.4973,22.2222,0.0,,
3.66,pure_pursuit_80,lka_test,23.1218,76.815,22.2222,curve_0,LaneKeeping,0.1262,0.3167,22.2222,0.0,,
3.68,pure_pursuit_80,lka_test,23.3666,77.186,22.2222,curve_0,LaneKeeping,0.125,0.1434,22.2222,0.0,,
3.7,pure_pursuit_80,lka_test,23.6124,77.5563,22.2222,curve_0,LaneKeeping,0.174,1.6141,22.2222,0.0,,
3.72,pure_pursuit_80,lka_test,23.8593,77.9259,22.2222,curve_0,LaneKeeping,0.1627,1.4541,22.2222,0.0,,
3.74,pure_pursuit_80,lka_test,24.1072,78.2948,22.2222,curve_0,LaneKeeping,0.1526,1.3002,22.2222,0.0,,
3.76,pure_pursuit_80,lka_test,24.3564,78.6628,22.2222,curve_0,LaneKeeping,0.1442,1.0854,22.2222,0.0,,
3.78,pure_pursuit_80,lka_test,24.607,79.0298,22.2222,curve_0,LaneKeeping,0.1374,0.88,22.2222,0.0,,
3.8,pure_pursuit_80,lka_test,24.8588,79.3961,22.2222,curve_0,LaneKeeping,0.1321,0.6833,22.2222,0.0,,
3.82,pure_pursuit_80,lka_test,25.1118,79.7615,22.2222,curve_0,LaneKeeping,0.1283,0.495,22.2222,0.0,,
3.84,pure_pursuit_80,lka_test,25.366,80.1261,22.2222,curve_0,LaneKeeping,0.1258,0.3144,22.2222,0.0,,
3.86,pure_pursuit_80,lka_test,25.6212,80.4899,22.2222,curve_0,LaneKeeping,0.1247,0.1412,22.2222,0.0,,
3.88,pure_pursuit_80,lka_test,25.8776,80.853,22.2222,curve_0,LaneKeeping,0.1736,1.6119,22.2222,0.0,,
3.9,pure_pursuit_80,lka_test,26.1349,81.2153,22.2222,curve_0,LaneKeeping,0.1623,1.4519,22.2222,0.0,,
3.92,pure_pursuit_80,lka_test,26.3932,81.577,22.2222,curve_0,LaneKeeping,0.1523,1.298,22.2222,0.0,,
3.94,pure_pursuit_80,lka_test,26.6529,81.9377,22.2222,curve_0,LaneKeeping,0.1439,1.0832,22.2222,0.0,,
3.96,pure_pursuit_80,lka_test,26.9138,82.2975,22.2222,curve_0,LaneKeeping,0.137,0.8778,22.2222,0.0,,
3.98,pure_pursuit_80,lka_test,27.176,82.6563,22.2222,curve_0,LaneKeeping,0.1318,0.6812,22.2222,0.0,,
4.0,pure_pursuit_80,lka_test,27.4394,83.0143,22.2222,curve_0,LaneKeeping,0.1279,0.4929,22.2222,0.0,,
4.02,pure_pursuit_80,lka_test,27.7039,83.3715,22.2222,curve_0,LaneKeeping,0.1255,0.3124,22.2222,0.0,,
4.04,pure_pursuit_80,lka_test,27.9695,83.7279,22.2222,curve_0,LaneKeeping,0.1244,0.1391,22.2222,0.0,,
4.06,pure_pursuit_80,lka_test,28.2361,84.0835,22.2222,curve_0,LaneKeeping,0.1732,1.6098,22.2222,0.0,,
4.08,pure_pursuit_80,lka_test,28.5037,84.4383,22.2222,curve_0,LaneKeeping,0.162,1.4499,22.2222,0.0,,
4.1,pure_pursuit_80,lka_test,28.7722,84.7925,22.2222,curve_0,LaneKeeping,0.1519,1.296,22.2222,0.0,,
4.12,pure_pursuit_80,lka_test,29.0421,85.1456,22.2222,curve_0,LaneKeeping,0.1435,1.0813,22.2222,0.0,,
4.14,pure_pursuit_80,lka_test,29.3132,85.4978,22.2222,curve_0,LaneKeeping,0.1367,0.8759,22.2222,0.0,,
4.16,pure_pursuit_80,lka_test,29.5856,85.849,22.2222,curve_0,LaneKeeping,0.1315,0.6793,22.2222,0.0,,
4.18,pure_pursuit_80,lka_test,29.8591,86.1993,22.2222,curve_0,LaneKeeping,0.1276,0.491,22.2222,0.0,,
4.2,pure_pursuit_80,lka_test,30.1337,86.5488,22.2222,curve_0,LaneKeeping,0.1252,0.3105,22.2222,0.0,,
4.22,pure_pursuit_80,lka_test,30.4093,86.8974,22.2222,curve_0,LaneKeeping,0.1242,0.1373,22.2222,0.0,,
4.24,pure_pursuit_80,lka_test,30.686,87.2452,22.2222,curve_0,LaneKeeping,0.1728,1.608,22.2222,0.0,,
4.26,pure_pursuit_80,lka_test,30.9636,87.5923,22.2222,curve_0,LaneKeeping,0.1616,1.4481,22.2222,0.0,,
4.28,pure_pursuit_80,lka_test,31.2422,87.9386,22.2222,curve_0,LaneKeeping,0.1516,1.2942,22.2222,0.0,,
4.3,pure_pursuit_80,lka_test,31.5221,88.2839,22.2222,curve_0,LaneKeeping,0.1432,1.0794,22.2222,0.0,,
4.32,pure_pursuit_80,lka_test,31.8032,88.6281,22.2222,curve_0,LaneKeeping,0.1364,0.8741,22.2222,0.0,,
4.34,pure_pursuit_80,lka_test,32.0855,88.9714,22.2222,curve_0,LaneKeeping,0.1312,0.6775,22.2222,0.0,,
4.36,pure_pursuit_80,lka_test,32.3689,89.3138,22.2222,curve_0,LaneKeeping,0.1274,0.4892,22.2222,0.0,,
4.38,pure_pursuit_80,lka_test,32.6533,89.6552,22.2222,curve_0,LaneKeeping,0.125,0.3087,22.2222,0.0,,
4.4,pure_pursuit_80,lka_test,32.9389,89.9959,22.2222,curve_0,LaneKeeping,0.1239,0.1355,22.2222,0.0,,
4.42,pure_pursuit_80,lka_test,33.2254,90.3356,22.2222,curve_0,LaneKeeping,0.1725,1.6062,22.2222,0.0,,
4.44,pure_pursuit_80,lka_test,33.5128,90.6746,22.2222,curve_0,LaneKeeping,0.1613,1.4463,22.2222,0.0,,
4.46,pure_pursuit_80,lka_test,33.8012,91.0128,22.2222,curve_0,LaneKeeping,0.1512,1.2924,22.2222,0.0,,
4.48,pure_pursuit_80,lka_test,34.0908,91.3499,22.2222,curve_0,LaneKeeping,0.1429,1.0777,22.2222,0.0,,
4.5,pure_pursuit_80,lka_test,34.3816,91.686,22.2222,curve_0,LaneKeeping,0.1361,0.8723,22.2222,0.0,,
4.52,pure_pursuit_80,lka_test,34.6736,92.0211,22.2222,curve_0,LaneKeeping,0.1309,0.6758,22.2222,0.0,,
4.54,pure_pursuit_80,lka_test,34.9667,92.3552,22.2222,curve_0,LaneKeeping,0.1271,0.4875,22.2222,0.0,,
4.56,pure_pursuit_80,lka_test,35.2608,92.6884,22.2222,curve_0,LaneKeeping,0.1247,0.307,22.2222,0.0,,
4.58,pure_pursuit_80,lka_test,35.556,93.0207,22.2222,curve_0,LaneKeeping,0.1237,0.1338,22.2222,0.0,,
4.6,pure_pursuit_80,lka_test,35.8521,93.3521,22.2222,curve_0,LaneKeeping,0.1721,1.6045,22.2222,0.0,,
4.62,pure_pursuit_80,lka_test,36.1491,93.6828,22.2222,curve_0,LaneKeeping,0.1609,1.4446,22.2222,0.0,,
4.64,pure_pursuit_80,lka_test,36.447,94.0126,22.2222,curve_0,LaneKeeping,0.1509,1.2908,22.2222,0.0,,
4.66,pure_pursuit_80,lka_test,36.7461,94.3413,22.2222,curve_0,LaneKeeping,0.1426,1.0761,22.2222,0.0,,
4.68,pure_pursuit_80,lka_test,37.0465,94.6689,22.2222,curve_0,LaneKeeping,0.1358,0.8707,22.2222,0.0,,
4.7,pure_pursuit_80,lka_test,37.3479,94.9955,22.2222,curve_0,LaneKeeping,0.1306,0.6741,22.2222,0.0,,
4.72,pure_pursuit_80,lka_test,37.6504,95.3211,22.2222,curve_0,LaneKeeping,0.1268,0.4859,22.2222,0.0,,
4.74,pure_pursuit_80,lka_test,37.954,95.6457,22.2222,curve_0,LaneKeeping,0.1245,0.3054,22.2222,0.0,,
4.76,pure_pursuit_80,lka_test,38.2585,95.9695,22.2222,curve_0,LaneKeeping,0.1234,0.1322,22.2222,0.0,,
4.78,pure_pursuit_80,lka_test,38.5639,96.2923,22.2222,curve_0,LaneKeeping,0.1718,1.6029,22.2222,0.0,,
4.8,pure_pursuit_80,lka_test,38.8703,96.6143,22.2222,curve_0,LaneKeeping,0.1606,1.443,22.2222,0.0,,
4.82,pure_pursuit_80,lka_test,39.1775,96.9354,22.2222,curve_0,LaneKeeping,0.1506,1.2891,22.2222,0.0,,
4.84,pure_pursuit_80,lka_test,39.4859,97.2555,22.2222,curve_0,LaneKeeping,0.1423,1.0744,22.2222,0.0,,
4.86,pure_pursuit_80,lka_test,39.7955,97.5744,22.2222,curve_0,LaneKeeping,0.1355,0.8691,22.2222,0.0,,
4.88,pure_pursuit_80,lka_test,40.1062,97.8922,22.2222,curve_0,LaneKeeping,0.1303,0.6725,22.2222,0.0,,
4.9,pure_pursuit_80,lka_test,40.4179,98.209,22.2222,curve_0,LaneKeeping,0.1266,0.4843,22.2222,0.0,,
4.92,pure_pursuit_80,lka_test,40.7306,98.5248,22.2222,curve_0,LaneKeeping,0.1242,0.3038,22.2222,0.0,,
4.94,pure_pursuit_80,lka_test,41.0442,98.8397,22.2222,curve_0,LaneKeeping,0.1232,0.1306,22.2222,0.0,,
4.96,pure_pursuit_80,lka_test,41.3588,99.1537,22.2222,curve_0,LaneKeeping,0.1715,1.6013,22.2222,0.0,,
4.98,pure_pursuit_80,lka_test,41.6742,99.4668,22.2222,curve_0,LaneKeeping,0.1603,1.4414,22.2222,0.0,,
5.0,pure_pursuit_80,lka_test,41.9905,99.7791,22.2222,curve_0,LaneKeeping,0.1503,1.2875,22.2222,0.0,,
5.02,pure_pursuit_80,lka_test,42.308,100.0901,22.2222,curve_0,LaneKeeping,0.142,1.0728,22.2222,0.0,,
5.04,pure_pursuit_80,lka_test,42.6265,100.4,22.2222,curve_0,LaneKeeping,0.1353,0.8675,22.2222,0.0,,
5.06,pure_pursuit_80,lka_test,42.9461,100.7089,22.2222,curve_0,LaneKeeping,0.13,0.6709,22.2222,0.0,,
5.08,pure_pursuit_80,lka_test,43.2668,101.0166,22.2222,curve_0,LaneKeeping,0.1263,0.4827,22.2222,0.0,,
5.1,pure_pursuit_80,lka_test,43.5884,101.3234,22.2222,curve_0,LaneKeeping,0.124,0.3022,22.2222,0.0,,
5.12,pure_pursuit_80,lka_test,43.9109,101.6292,22.2222,curve_0,LaneKeeping,0.123,0.129,22.2222,0.0,,
5.14,pure_pursuit_80,lka_test,44.2343,101.934,22.2222,curve_0,LaneKeeping,0.1711,1.5997,22.2222,0.0,,
5.16,pure_pursuit_80,lka_test,44.5586,102.238,22.2222,curve_0,LaneKeeping,0.16,1.4398,22.2222,0.0,,
5.18,pure_pursuit_80,lka_test,44.8837,102.5411,22.2222,curve_0,LaneKeeping,0.15,1.2859,22.2222,0.0,,
5.2,pure_pursuit_80,lka_test,45.2099,102.8429,22.2222,curve_0,LaneKeeping,0.1417,1.0713,22.2222,0.0,,
5.22,pure_pursuit_80,lka_test,45.5372,103.1436,22.2222,curve_0,LaneKeeping,0.135,0.8659,22.2222,0.0,,
5.24,pure_pursuit_80,lka_test,45.8655,103.4432,22.2222,curve_0,LaneKeeping,0.1298,0.6694,22.2222,0.0,,
5.26,pure_pursuit_80,lka_test,46.1948,103.7416,22.2222,curve_0,LaneKeeping,0.126,0.4811,22.2222,0.0,,
5.28,pure_pursuit_80,lka_test,46.525,104.0391,22.2222,curve_0,LaneKeeping,0.1237,0.3006,22.2222,0.0,,
5.3,pure_pursuit_80,lka_test,46.8562,104.3355,22.2222,curve_0,LaneKeeping,0.1227,0.1274,22.2222,0.0,,
5.32,pure_pursuit_80,lka_test,47.1882,104.631,22.2222,curve_0,LaneKeeping,0.1708,1.5981,22.2222,0.0,,
5.34,pure_pursuit_80,lka_test,47.521,104.9255,22.2222,curve_0,LaneKeeping,0.1596,1.4382,22.2222,0.0,,
5.36,pure_pursuit_80,lka_test,47.8546,105.2192,22.2222,curve_0,LaneKeeping,0.1497,1.2844,22.2222,0.0,,
5.38,pure_pursuit_80,lka_test,48.1893,105.5116,22.2222,curve_0,LaneKeeping,0.1414,1.0697,22.2222,0.0,,
5.4,pure_pursuit_80,lka_test,48.5251,105.8028,22.2222,curve_0,LaneKeeping,0.1347,0.8643,22.2222,0.0,,
5.42,pure_pursuit_80,lka_test,48.8618,106.0928,22.2222,curve_0,LaneKeeping,0.1295,0.6678,22.2222,0.0,,
5.44,pure_pursuit_80,lka_test,49.1995,106.3818,22.2222,curve_0,LaneKeeping,0.1258,0.4795,22.2222,0.0,,
5.46,pure_pursuit_80,lka_test,49.5381,106.6697,22.2222,curve_0,LaneKeeping,0.1235,0.299,22.2222,0.0,,
5.48,pure_pursuit_80,lka_test,49.8776,106.9565,22.2222,curve_0,LaneKeeping,0.1225,0.1259,22.2222,0.0,,
5.5,pure_pursuit_80,lka_test,50.2179,107.2424,22.2222,curve_0,LaneKeeping,0.1704,1.5966,22.2222,0.0,,
5.52,pure_pursuit_80,lka_test,50.559,107.5273,22.2222,curve_0,LaneKeeping,0.1593,1.4367,22.2222,0.0,,
5.54,pure_pursuit_80,lka_test,50.9009,107.8113,22.2222,curve_0,LaneKeeping,0.1494,1.2828,22.2222,0.0,,
5.56,pure_pursuit_80,lka_test,51.2439,108.094,22.2222,curve_0,LaneKeeping,0.1411,1.0681,22.2222,0.0,,
5.58,pure_pursuit_80,lka_test,51.5878,108.3755,22.2222,curve_0,LaneKeeping,0.1344,0.8628,22.2222,0.0,,
5.6,pure_pursuit_80,lka_test,51.9327,108.6558,22.2222,curve_0,LaneKeeping,0.1292,0.6662,22.2222,0.0,,
5.62,pure_pursuit_80,lka_test,52.2785,108.9349,22.2222,curve_0,LaneKeeping,0.1255,0.478,22.2222,0.0,,
5.64,pure_pursuit_80,lka_test,52.6252,109.213,22.2222,curve_0,LaneKeeping,0.1232,0.2975,22.2222,0.0,,
5.66,pure_pursuit_80,lka_test,52.9728,109.49,22.2222,curve_0,LaneKeeping,0.1222,0.1243,22.2222,0.0,,
5.68,pure_pursuit_80,lka_test,53.3211,109.7661,22.2222,curve_0,LaneKeeping,0.1701,1.595,22.2222,0.0,,
5.7,pure_pursuit_80,lka_test,53.6703,110.0411,22.2222,curve_0,LaneKeeping,0.159,1.4351,22.2222,0.0,,
5.72,pure_pursuit_80,lka_test,54.0201,110.3152,22.2222,curve_0,LaneKeeping,0.149,1.2812,22.2222,0.0,,
5.74,pure_pursuit_80,lka_test,54.371,110.588,22.2222,curve_0,LaneKeeping,0.1408,1.0665,22.2222,0.0,,
5.76,pure_pursuit_80,lka_test,54.7228,110.8595,22.2222,curve_0,LaneKeeping,0.1341,0.8612,22.2222,0.0,,
5.78,pure_pursuit_80,lka_test,55.0756,111.1299,22.2222,curve_0,LaneKeeping,0.1289,0.6646,22.2222,0.0,,
5.8,pure_pursuit_80,lka_test,55.4293,111.399,22.2222,curve_0,LaneKeeping,0.1252,0.4764,22.2222,0.0,,
5.82,pure_pursuit_80,lka_test,55.7838,111.6671,22.2222,curve_0,LaneKeeping,0.1229,0.2959,22.2222,0.0,,
5.84,pure_pursuit_80,lka_test,56.1391,111.934,22.2222,curve_0,LaneKeeping,0.122,0.1227,22.2222,0.0,,
5.86,pure_pursuit_80,lka_test,56.4952,112.2,22.2222,curve_0,LaneKeeping,0.1698,1.5934,22.2222,0.0,,
5.88,pure_pursuit_80,lka_test,56.8521,112.4649,22.2222,curve_0,LaneKeeping,0.1586,1.4335,22.2222,0.0,,
5.9,pure_pursuit_80,lka_test,57.2096,112.7289,22.2222,curve_0,LaneKeeping,0.1487,1.2796,22.2222,0.0,,
5.92,pure_pursuit_80,lka_test,57.5682,112.9916,22.2222,curve_0,LaneKeeping,0.1405,1.0649,22.2222,0.0,,
5.94,pure_pursuit_80,lka_test,57.9276,113.2529,22.2222,curve_0,LaneKeeping,0.1338,0.8596,22.2222,0.0,,
5.96,pure_pursuit_80,lka_test,58.288,113.513,22.2222,curve_0,LaneKeeping,0.1286,0.6631,22.2222,0.0,,
5.98,pure_pursuit_80,lka_test,58.6492,113.772,22.2222,curve_0,LaneKeeping,0.125,0.4748,22.2222,0.0,,
6.0,pure_pursuit_80,lka_test,59.0113,114.0298,22.2222,curve_0,LaneKeeping,0.1227,0.2943,22.2222,0.0,,
6.02,pure_pursuit_80,lka_test,59.3741,114.2865,22.2222,curve_0,LaneKeeping,0.1217,0.1211,22.2222,0.0,,
6.04,pure_pursuit_80,lka_test,59.7376,114.5421,22.2222,curve_0,LaneKeeping,0.1694,1.5918,22.2222,0.0,,
6.06,pure_pursuit_80,lka_test,60.1019,114.7968,22.2222,curve_0,LaneKeeping,0.1583,1.4319,22.2222,0.0,,
6.08,pure_pursuit_80,lka_test,60.4669,115.0504,22.2222,curve_0,LaneKeeping,0.1484,1.278,22.2222,0.0,,
6.1,pure_pursuit_80,lka_test,60.8328,115.3027,22.2222,curve_0,LaneKeeping,0.1402,1.0633,22.2222,0.0,,
6.12,pure_pursuit_80,lka_test,61.1996,115.5537,22.2222,curve_0,LaneKeeping,0.1335,0.858,22.2222,0.0,,
6.14,pure_pursuit_80,lka_test,61.5672,115.8034,22.2222,curve_0,LaneKeeping,0.1284,0.6615,22.2222,0.0,,
6.16,pure_pursuit_80,lka_test,61.9357,116.0519,22.2222,curve_0,LaneKeeping,0.1247,0.4732,22.2222,0.0,,
6.18,pure_pursuit_80,lka_test,62.305,116.2992,22.2222,curve_0,LaneKeeping,0.1224,0.2927,22.2222,0.0,,
6.2,pure_pursuit_80,lka_test,62.675,116.5455,22.2222,curve_0,LaneKeeping,0.1215,0.1195,22.2222,0.0,,
6.22,pure_pursuit_80,lka_test,63.0457,116.7906,22.2222,curve_0,LaneKeeping,0.1691,1.5902,22.2222,0.0,,
6.24,pure_pursuit_80,lka_test,63.4171,117.0347,22.2222,curve_0,LaneKeeping,0.158,1.4303,22.2222,0.0,,
6.26,pure_pursuit_80,lka_test,63.7891,117.2778,22.2222,curve_0,LaneKeeping,0.1481,1.2764,22.2222,0.0,,
6.28,pure_pursuit_80,lka_test,64.1621,117.5196,22.2222,curve_0,LaneKeeping,0.1398,1.0617,22.2222,0.0,,
6.3,pure_pursuit_80,lka_test,64.5359,117.76,22.2222,curve_0,LaneKeeping,0.1332,0.8564,22.2222,0.0,,
6.32,pure_pursuit_80,lka_test,64.9106,117.999,22.2222,curve_0,LaneKeeping,0.1281,0.6599,22.2222,0.0,,
6.34,pure_pursuit_80,lka_test,65.286,118.2369,22.2222,curve_0,LaneKeeping,0.1244,0.4716,22.2222,0.0,,
6.36,pure_pursuit_80,lka_test,65.6622,118.4736,22.2222,curve_0,LaneKeeping,0.1222,0.2911,22.2222,0.0,,
6.38,pure_pursuit_80,lka_test,66.0391,118.7091,22.2222,curve_0,LaneKeeping,0.1213,0.118,22.2222,0.0,,
6.4,pure_pursuit_80,lka_test,66.4167,118.9436,22.2222,curve_0,LaneKeeping,0.1687,1.5886,22.2222,0.0,,
6.42,pure_pursuit_80,lka_test,66.7949,119.177,22.2222,curve_0,LaneKeeping,0.1577,1.4287,22.2222,0.0,,
6.44,pure_pursuit_80,lka_test,67.1738,119.4094,22.2222,curve_0,LaneKeeping,0.1478,1.2748,22.2222,0.0,,
6.46,pure_pursuit_80,lka_test,67.5535,119.6403,22.2222,curve_0,LaneKeeping,0.1395,1.0601,22.2222,0.0,,
6.48,pure_pursuit_80,lka_test,67.934,119.8699,22.2222,curve_0,LaneKeeping,0.1329,0.8548,22.2222,0.0,,
6.5,pure_pursuit_80,lka_test,68.3154,120.0982,22.2222,curve_0,LaneKeeping,0.1278,0.6583,22.2222,0.0,,
6.52,pure_pursuit_80,lka_test,68.6974,120.3252,22.2222,curve_0,LaneKeeping,0.1242,0.4701,22.2222,0.0,,
6.54,pure_pursuit_80,lka_test,69.0802,120.5511,22.2222,curve_0,LaneKeeping,0.1219,0.2896,22.2222,0.0,,
6.56,pure_pursuit_80,lka_test,69.4637,120.7757,22.2222,curve_0,LaneKeeping,0.121,0.1164,22.2222,0.0,,
6.58,pure_pursuit_80,lka_test,69.8478,120.9993,22.2222,curve_0,LaneKeeping,0.1684,1.5871,22.2222,0.0,,
6.6,pure_pursuit_80,lka_test,70.2326,121.2218,22.2222,curve_0,LaneKeeping,0.1573,1.4271,22.2222,0.0,,
6.62,pure_pursuit_80,lka_test,70.6179,121.4432,22.2222,curve_0,LaneKeeping,0.1474,1.2732,22.2222,0.0,,
6.64,pure_pursuit_80,lka_test,71.0041,121.6632,22.2222,curve_0,LaneKeeping,0.1392,1.0586,22.2222,0.0,,
6.66,pure_pursuit_80,lka_test,71.3911,121.8818,22.2222,curve_0,LaneKeeping,0.1326,0.8533,22.2222,0.0,,
6.68,pure_pursuit_80,lka_test,71.7788,122.0991,22.2222,curve_0,LaneKeeping,0.1275,0.6567,22.2222,0.0,,
6.7,pure_pursuit_80,lka_test,72.1672,122.3151,22.2222,curve_0,LaneKeeping,0.1239,0.4685,22.2222,0.0,,
6.72,pure_pursuit_80,lka_test,72.5563,122.5299,22.2222,curve_0,LaneKeeping,0.1217,0.288,22.2222,0.0,,
6.74,pure_pursuit_80,lka_test,72.946,122.7435,22.2222,curve_0,LaneKeeping,0.1208,0.1148,22.2222,0.0,,
6.76,pure_pursuit_80,lka_test,73.3364,122.956,22.2222,curve_0,LaneKeeping,0.168,1.5855,22.2222,0.0,,
6.78,pure_pursuit_80,lka_test,73.7273,123.1674,22.2222,curve_0,LaneKeeping,0.157,1.4255,22.2222,0.0,,
6.8,pure_pursuit_80,lka_test,74.1189,123.3778,22.2222,curve_0,LaneKeeping,0.1471,1.2716,22.2222,0.0,,
6.82,pure_pursuit_80,lka_test,74.5112,123.5866,22.2222,curve_0,LaneKeeping,0.1389,1.057,22.2222,0.0,,
6.84,pure_pursuit_80,lka_test,74.9042,123.7941,22.2222,curve_0,LaneKeeping,0.1323,0.8517,22.2222,0.0,,
6.86,pure_pursuit_80,lka_test,75.298,124.0002,22.2222,curve_0,LaneKeeping,0.1272,0.6551,22.2222,0.0,,
6.88,pure_pursuit_80,lka_test,75.6924,124.205,22.2222,curve_0,LaneKeeping,0.1236,0.4669,22.2222,0.0,,
6.9,pure_pursuit_80,lka_test,76.0875,124.4086,22.2222,curve_0,LaneKeeping,0.1214,0.2864,22.2222,0.0,,
6.92,pure_pursuit_80,lka_test,76.4832,124.611,22.2222,curve_0,LaneKeeping,0.1205,0.1132,22.2222,0.0,,
6.94,pure_pursuit_80,lka_test,76.8795,124.8122,22.2222,curve_0,LaneKeeping,0.1677,1.5839,22.2222,0.0,,
6.96,pure_pursuit_80,lka_test,77.2763,125.0123,22.2222,curve_0,LaneKeeping,0.1567,1.424,22.2222,0.0,,
6.98,pure_pursuit_80,lka_test,77.6737,125.2114,22.2222,curve_0,LaneKeeping,0.1468,1.27,22.2222,0.0,,
7.0,pure_pursuit_80,lka_test,78.0718,125.409,22.2222,curve_0,LaneKeeping,0.1386,1.0554,22.2222,0.0,,
7.02,pure_pursuit_80,lka_test,78.4706,125.6051,22.2222,curve_0,LaneKeeping,0.132,0.8501,22.2222,0.0,,
7.04,pure_pursuit_80,lka_test,78.8701,125.7999,22.2222,curve_0,LaneKeeping,0.127,0.6536,22.2222,0.0,,
7.06,pure_pursuit_80,lka_test,79.2703,125.9933,22.2222,curve_0,LaneKeeping,0.1234,0.4653,22.2222,0.0,,
7.08,pure_pursuit_80,lka_test,79.671,126.1855,22.2222,curve_0,LaneKeeping,0.1211,0.2848,22.2222,0.0,,
7.1,pure_pursuit_80,lka_test,80.0723,126.3765,22.2222,curve_0,LaneKeeping,0.1203,0.1116,22.2222,0.0,,
7.12,pure_pursuit_80,lka_test,80.4742,126.5663,22.2222,curve_0,LaneKeeping,0.1674,1.5823,22.2222,0.0,,
7.14,pure_pursuit_80,lka_test,80.8766,126.755,22.2222,curve_0,LaneKeeping,0.1563,1.4224,22.2222,0.0,,
7.16,pure_pursuit_80,lka_test,81.2795,126.9426,22.2222,curve_0,LaneKeeping,0.1465,1.2684,22.2222,0.0,,
7.18,pure_pursuit_80,lka_test,81.6831,127.1287,22.2222,curve_0,LaneKeeping,0.1383,1.0538,22.2222,0.0,,
7.2,pure_pursuit_80,lka_test,82.0874,127.3134,22.2222,curve_0,LaneKeeping,0.1317,0.8485,22.2222,0.0,,
7.22,pure_pursuit_80,lka_test,82.4923,127.4966,22.2222,curve_0,LaneKeeping,0.1267,0.652,22.2222,0.0,,
7.24,pure_pursuit_80,lka_test,82.8978,127.6786,22.2222,curve_0,LaneKeeping,0.1231,0.4637,22.2222,0.0,,
7.26,pure_pursuit_80,lka_test,83.3038,127.8592,22.2222,curve_0,LaneKeeping,0.1209,0.2833,22.2222,0.0,,
7.28,pure_pursuit_80,lka_test,83.7105,128.0387,22.2222,curve_0,LaneKeeping,0.12,0.1101,22.2222,0.0,,
7.3,pure_pursuit_80,lka_test,84.1176,128.2169,22.2222,curve_0,LaneKeeping,0.167,1.5807,22.2222,0.0,,
7.32,pure_pursuit_80,lka_test,84.5252,128.394,22.2222,curve_0,LaneKeeping,0.156,1.4208,22.2222,0.0,,
7.34,pure_pursuit_80,lka_test,84.9333,128.57,22.2222,curve_0,LaneKeeping,0.1462,1.2668,22.2222,0.0,,
7.36,pure_pursuit_80,lka_test,85.3421,128.7445,22.2222,curve_0,LaneKeeping,0.138,1.0522,22.2222,0.0,,
7.38,pure_pursuit_80,lka_test,85.7515,128.9175,22.2222,curve_0,LaneKeeping,0.1315,0.8469,22.2222,0.0,,
7.4,pure_pursuit_80,lka_test,86.1614,129.0892,22.2222,curve_0,LaneKeeping,0.1264,0.6504,22.2222,0.0,,
7.42,pure_pursuit_80,lka_test,86.572,129.2594,22.2222,curve_0,LaneKeeping,0.1228,0.4622,22.2222,0.0,,
7.44,pure_pursuit_80,lka_test,86.9831,129.4284,22.2222,curve_0,LaneKeeping,0.1206,0.2817,22.2222,0.0,,
7.46,pure_pursuit_80,lka_test,87.3946,129.5961,22.2222,curve_0,LaneKeeping,0.1198,0.1085,22.2222,0.0,,
7.48,pure_pursuit_80,lka_test,87.8067,129.7627,22.2222,curve_0,LaneKeeping,0.1667,1.5792,22.2222,0.0,,
7.5,pure_pursuit_80,lka_test,88.2192,129.928,22.2222,curve_0,LaneKeeping,0.1557,1.4192,22.2222,0.0,,
7.52,pure_pursuit_80,lka_test,88.6322,130.0923,22.2222,curve_0,LaneKeeping,0.1459,1.2653,22.2222,0.0,,
7.54,pure_pursuit_80,lka_test,89.0458,130.255,22.2222,curve_0,LaneKeeping,0.1377,1.0506,22.2222,0.0,,
7.56,pure_pursuit_80,lka_test,89.4599,130.4163,22.2222,curve_0,LaneKeeping,0.1312,0.8454,22.2222,0.0,,
7.58,pure_pursuit_80,lka_test,89.8747,130.5761,22.2222,curve_0,LaneKeeping,0.1261,0.6489,22.2222,0.0,,
7.6,pure_pursuit_80,lka_test,90.2899,130.7346,22.2222,curve_0,LaneKeeping,0.1226,0.4606,22.2222,0.0,,
7.62,pure_pursuit_80,lka_test,90.7056,130.8917,22.2222,curve_0,LaneKeeping,0.1204,0.2801,22.2222,0.0,,
7.64,pure_pursuit_80,lka_test,91.1218,131.0476,22.2222,curve_0,LaneKeeping,0.1196,0.1069,22.2222,0.0,,
7.66,pure_pursuit_80,lka_test,91.5385,131.2023,22.2222,curve_0,LaneKeeping,0.1664,1.5776,22.2222,0.0,,
7.68,pure_pursuit_80,lka_test,91.9556,131.3558,22.2222,curve_0,LaneKeeping,0.1554,1.4176,22.2222,0.0,,
7.7,pure_pursuit_80,lka_test,92.3731,131.5082,22.2222,curve_0,LaneKeeping,0.1456,1.2637,22.2222,0.0,,
7.72,pure_pursuit_80,lka_test,92.7912,131.659,22.2222,curve_0,LaneKeeping,0.1374,1.0491,22.2222,0.0,,
7.74,pure_pursuit_80,lka_test,93.2098,131.8084,22.2222,curve_0,LaneKeeping,0.1309,0.8438,22.2222,0.0,,
7.76,pure_pursuit_80,lka_test,93.6289,131.9563,22.2222,curve_0,LaneKeeping,0.1259,0.6473,22.2222,0.0,,
7.78,pure_pursuit_80,lka_test,94.0485,132.1028,22.2222,curve_0,LaneKeeping,0.1223,0.459,22.2222,0.0,,
7.8,pure_pursuit_80,lka_test,94.4685,132.248,22.2222,curve_0,LaneKeeping,0.1201,0.2785,22.2222,0.0,,
7.82,pure_pursuit_80,lka_test,94.889,132.3919,22.2222,curve_0,LaneKeeping,0.1193,0.1053,22.2222,0.0,,
7.84,pure_pursuit_80,lka_test,95.3099,132.5346,22.2222,curve_0,LaneKeeping,0.166,1.576,22.2222,0.0,,
7.86,pure_pursuit_80,lka_test,95.7312,132.6761,22.2222,curve_0,LaneKeeping,0.155,1.4161,22.2222,0.0,,
7.88,pure_pursuit_80,lka_test,96.1529,132.8165,22.2222,curve_0,LaneKeeping,0.1452,1.2621,22.2222,0.0,,
7.9,pure_pursuit_80,lka_test,96.5751,132.9553,22.2222,curve_0,LaneKeeping,0.1371,1.0475,22.2222,0.0,,
7.92,pure_pursuit_80,lka_test,96.9978,133.0926,22.2222,curve_0,LaneKeeping,0.1306,0.8422,22.2222,0.0,,
7.94,pure_pursuit_80,lka_test,97.421,133.2285,22.2222,curve_0,LaneKeeping,0.1256,0.6457,22.2222,0.0,,
7.96,pure_pursuit_80,lka_test,97.8446,133.363,22.2222,curve_0,LaneKeeping,0.122,0.4575,22.2222,0.0,,
7.98,pure_pursuit_80,lka_test,98.2687,133.4961,22.2222,curve_0,LaneKeeping,0.1199,0.277,22.2222,0.0,,
8.0,pure_pursuit_80,lka_test,98.6931,133.6279,22.2222,curve_0,LaneKeeping,0.1191,0.1038,22.2222,0.0,,
8.02,pure_pursuit_80,lka_test,99.1179,133.7585,22.2222,curve_0,LaneKeeping,0.1657,1.5744,22.2222,0.0,,
8.04,pure_pursuit_80,lka_test,99.5431,133.888,22.2222,curve_0,LaneKeeping,0.1547,1.4145,22.2222,0.0,,
8.06,pure_pursuit_80,lka_test,99.9686,134.0162,22.2222,curve_0,LaneKeeping,0.1449,1.2605,22.2222,0.0,,
8.08,pure_pursuit_80,lka_test,100.3947,134.1429,22.2222,curve_0,LaneKeeping,0.1368,1.0459,22.2222,0.0,,
8.1,pure_pursuit_80,lka_test,100.8211,134.2681,22.2222,curve_0,LaneKeeping,0.1303,0.8407,22.2222,0.0,,
8.12,pure_pursuit_80,lka_test,101.248,134.3918,22.2222,curve_0,LaneKeeping,0.1253,0.6442,22.2222,0.0,,
8.14,pure_pursuit_80,lka_test,101.6753,134.5141,22.2222,curve_0,LaneKeeping,0.1218,0.4559,22.2222,0.0,,
8.16,pure_pursuit_80,lka_test,102.103,134.635,22.2222,curve_0,LaneKeeping,0.1196,0.2754,22.2222,0.0,,
8.18,pure_pursuit_80,lka_test,102.531,134.7547,22.2222,curve_0,LaneKeeping,0.1188,0.1022,22.2222,0.0,,
8.2,pure_pursuit_80,lka_test,102.9594,134.8731,22.2222,curve_0,LaneKeeping,0.1653,1.5729,22.2222,0.0,,
8.22,pure_pursuit_80,lka_test,103.3881,134.9903,22.2222,curve_0,LaneKeeping,0.1544,1.4129,22.2222,0.0,,
8.24,pure_pursuit_80,lka_test,103.8171,135.1063,22.2222,curve_0,LaneKeeping,0.1446,1.259,22.2222,0.0,,
8.26,pure_pursuit_80,lka_test,104.2466,135.2208,22.2222,curve_0,LaneKeeping,0.1365,1.0444,22.2222,0.0,,
8.28,pure_pursuit_80,lka_test,104.6764,135.3337,22.2222,curve_0,LaneKeeping,0.13,0.8391,22.2222,0.0,,
8.3,pure_pursuit_80,lka_test,105.1067,135.4452,22.2222,curve_0,LaneKeeping,0.125,0.6426,22.2222,0.0,,
8.32,pure_pursuit_80,lka_test,105.5373,135.5552,22.2222,curve_0,LaneKeeping,0.1215,0.4544,22.2222,0.0,,
8.34,pure_pursuit_80,lka_test,105.9682,135.6638,22.2222,curve_0,LaneKeeping,0.1194,0.2739,22.2222,0.0,,
8.36,pure_pursuit_80,lka_test,106.3995,135.7712,22.2222,curve_0,LaneKeeping,0.1186,0.1007,22.2222,0.0,,
8.38,pure_pursuit_80,lka_test,106.8311,135.8773,22.2222,curve_0,LaneKeeping,0.165,1.5713,22.2222,0.0,,
8.4,pure_pursuit_80,lka_test,107.263,135.9822,22.2222,curve_0,LaneKeeping,0.1541,1.4114,22.2222,0.0,,
8.42,pure_pursuit_80,lka_test,107.6952,136.086,22.2222,curve_0,LaneKeeping,0.1443,1.2574,22.2222,0.0,,
8.44,pure_pursuit_80,lka_test,108.1277,136.1881,22.2222,curve_0,LaneKeeping,0.1362,1.0428,22.2222,0.0,,
8.46,pure_pursuit_80,lka_test,108.5606,136.2887,22.2222,curve_0,LaneKeeping,0.1297,0.8375,22.2222,0.0,,
8.48,pure_pursuit_80,lka_test,108.9939,136.3878,22.2222,curve_0,LaneKeeping,0.1248,0.641,22.2222,0.0,,
8.5,pure_pursuit_80,lka_test,109.4275,136.4854,22.2222,curve_0,LaneKeeping,0.1212,0.4528,22.2222,0.0,,
0.0,pure_pursuit_100,lka_test,0.0,0.0,27.7778,curve_0,LaneKeeping,0.0,0.8185,27.7778,0.0,,
0.02,pure_pursuit_100,lka_test,0.0023,0.5556,27.7778,curve_0,LaneKeeping,-0.0056,0.5779,27.7778,0.0,,
0.04,pure_pursuit_100,lka_test,0.0069,1.1111,27.7778,curve_0,LaneKeeping,-0.009,0.3469,27.7778,0.0,,
0.06,pure_pursuit_100,lka_test,0.0142,1.6666,27.7778,curve_0,LaneKeeping,-0.0096,0.0647,27.7778,0.0,,
0.08,pure_pursuit_100,lka_test,0.0241,2.2221,27.7778,curve_0,LaneKeeping,0.0432,1.4324,27.7778,0.0,,
0.1,pure_pursuit_100,lka_test,0.0366,2.7775,27.7778,curve_0,LaneKeeping,0.0318,1.1749,27.7778,0.0,,
0.12,pure_pursuit_100,lka_test,0.0514,3.3328,27.7778,curve_0,LaneKeeping,0.0228,0.9287,27.7778,0.0,,
0.14,pure_pursuit_100,lka_test,0.0684,3.8881,27.7778,curve_0,LaneKeeping,0.0161,0.693,27.7778,0.0,,
0.16,pure_pursuit_100,lka_test,0.0877,4.4434,27.7778,curve_0,LaneKeeping,0.0115,0.467,27.7778,0.0,,
0.18,pure_pursuit_100,lka_test,0.1091,4.9985,27.7778,curve_0,LaneKeeping,0.0091,0.2502,27.7778,0.0,,
0.2,pure_pursuit_100,lka_test,0.1331,5.5535,27.7778,curve_0,LaneKeeping,0.0093,-0.0194,27.7778,0.0,,
0.22,pure_pursuit_100,lka_test,0.1596,6.1085,27.7778,curve_0,LaneKeeping,0.0659,1.3602,27.7778,0.0,,
0.24,pure_pursuit_100,lka_test,0.1884,6.6633,27.7778,curve_0,LaneKeeping,0.0551,1.1144,27.7778,0.0,,
0.26,pure_pursuit_100,lka_test,0.2196,7.2179,27.7778,curve_0,LaneKeeping,0.0466,0.8793,27.7778,0.0,,
0.28,pure_pursuit_100,lka_test,0.2529,7.7725,27.7778,curve_0,LaneKeeping,0.0402,0.6543,27.7778,0.0,,
0.3,pure_pursuit_100,lka_test,0.2883,8.3269,27.7778,curve_0,LaneKeeping,0.036,0.4386,27.7778,0.0,,
0.32,pure_pursuit_100,lka_test,0.3257,8.8812,27.7778,curve_0,LaneKeeping,0.0337,0.2317,27.7778,0.0,,
0.34,pure_pursuit_100,lka_test,0.3656,9.4353,27.7778,curve_0,LaneKeeping,0.034,-0.0297,27.7778,0.0,,
0.36,pure_pursuit_100,lka_test,0.408,9.9893,27.7778,curve_0,LaneKeeping,0.0938,1.3579,27.7778,0.0,,
0.38,pure_pursuit_100,lka_test,0.4526,10.543,27.7778,curve_0,LaneKeeping,0.083,1.1196,27.7778,0.0,,
0.4,pure_pursuit_100,lka_test,0.4995,11.0966,27.7778,curve_0,LaneKeeping,0.0743,0.8918,27.7778,0.0,,
0.42,pure_pursuit_100,lka_test,0.5485,11.65,27.7778,curve_0,LaneKeeping,0.0678,0.6738,27.7778,0.0,,
0.44,pure_pursuit_100,lka_test,0.5994,12.2032,27.7778,curve_0,LaneKeeping,0.0633,0.4649,27.7778,0.0,,
0.46,pure_pursuit_100,lka_test,0.6523,12.7562,27.7778,curve_0,LaneKeeping,0.0607,0.2646,27.7778,0.0,,
0.48,pure_pursuit_100,lka_test,0.7071,13.3091,27.7778,curve_0,LaneKeeping,0.06,0.0722,27.7778,0.0,,
0.5,pure_pursuit_100,lka_test,0.7643,13.8617,27.7778,curve_0,LaneKeeping,0.0617,-0.1775,27.7778,0.0,,
0.52,pure_pursuit_100,lka_test,0.8238,14.4141,27.7778,curve_0,LaneKeeping,0.1101,1.2212,27.7778,0.0,,
0.54,pure_pursuit_100,lka_test,0.8854,14.9662,27.7778,curve_0,LaneKeeping,0.1005,0.9933,27.7778,0.0,,
0.56,pure_pursuit_100,lka_test,0.9492,15.5181,27.7778,curve_0,LaneKeeping,0.0929,0.7753,27.7778,0.0,,
0.58,pure_pursuit_100,lka_test,1.015,16.0697,27.7778,curve_0,LaneKeeping,0.0874,0.5665,27.7778,0.0,,
0.6,pure_pursuit_100,lka_test,1.0827,16.6211,27.7778,curve_0,LaneKeeping,0.0839,0.3662,27.7778,0.0,,
0.62,pure_pursuit_100,lka_test,1.1522,17.1723,27.7778,curve_0,LaneKeeping,0.0822,0.1739,27.7778,0.0,,
0.64,pure_pursuit_100,lka_test,1.2242,17.7232,27.7778,curve_0,LaneKeeping,0.083,-0.0768,27.7778,0.0,,
0.66,pure_pursuit_100,lka_test,1.2985,18.2738,27.7778,curve_0,LaneKeeping,0.1334,1.3209,27.7778,0.0,,
0.68,pure_pursuit_100,lka_test,1.375,18.824,27.7778,curve_0,LaneKeeping,0.1228,1.0921,27.7778,0.0,,
0.7,pure_pursuit_100,lka_test,1.4535,19.374,27.7778,curve_0,LaneKeeping,0.1144,0.8733,27.7778,0.0,,
0.72,pure_pursuit_100,lka_test,1.5341,19.9237,27.7778,curve_0,LaneKeeping,0.1079,0.6637,27.7778,0.0,,
0.74,pure_pursuit_100,lka_test,1.6166,20.4731,27.7778,curve_0,LaneKeeping,0.1035,0.4627,27.7778,0.0,,
0.76,pure_pursuit_100,lka_test,1.701,21.0222,27.7778,curve_0,LaneKeeping,0.1008,0.2698,27.7778,0.0,,
0.78,pure_pursuit_100,lka_test,1.7877,21.5709,27.7778,curve_0,LaneKeeping,0.1007,0.0176,27.7778,0.0,,
0.8,pure_pursuit_100,lka_test,1.8768,22.1193,27.7778,curve_0,LaneKeeping,0.1533,1.4138,27.7778,0.0,,
0.82,pure_pursuit_100,lka_test,1.9681,22.6673,27.7778,curve_0,LaneKeeping,0.1418,1.1838,27.7778,0.0,,
0.84,pure_pursuit_100,lka_test,2.0615,23.2149,27.7778,curve_0,LaneKeeping,0.1325,0.9637,27.7778,0.0,,
0.86,pure_pursuit_100,lka_test,2.1569,23.7623,27.7778,curve_0,LaneKeeping,0.1252,0.753,27.7778,0.0,,
0.88,pure_pursuit_100,lka_test,2.2542,24.3092,27.7778,curve_0,LaneKeeping,0.1199,0.551,27.7778,0.0,,
0.9,pure_pursuit_100,lka_test,2.3534,24.8558,27.7778,curve_0,LaneKeeping,0.1164,0.3572,27.7778,0.0,,
0.92,pure_pursuit_100,lka_test,2.455,25.402,27.7778,curve_0,LaneKeeping,0.1154,0.1033,27.7778,0.0,,
0.94,pure_pursuit_100,lka_test,2.5589,25.9478,27.7778,curve_0,LaneKeeping,0.1703,1.498,27.7778,0.0,,
0.96,pure_pursuit_100,lka_test,2.665,26.4931,27.7778,curve_0,LaneKeeping,0.158,1.2665,27.7778,0.0,,
0.98,pure_pursuit_100,lka_test,2.7732,27.038,27.7778,curve_0,LaneKeeping,0.1479,1.0451,27.7778,0.0,,
1.0,pure_pursuit_100,lka_test,2.8835,27.5825,27.7778,curve_0,LaneKeeping,0.1398,0.8332,27.7778,0.0,,
1.02,pure_pursuit_100,lka_test,2.9956,28.1267,27.7778,curve_0,LaneKeeping,0.1337,0.6301,27.7778,0.0,,
1.04,pure_pursuit_100,lka_test,3.1096,28.6704,27.7778,curve_0,LaneKeeping,0.1295,0.4352,27.7778,0.0,,
1.06,pure_pursuit_100,lka_test,3.2261,29.2136,27.7778,curve_0,LaneKeeping,0.1277,0.1798,27.7778,0.0,,
1.08,pure_pursuit_100,lka_test,3.3448,29.7563,27.7778,curve_0,LaneKeeping,0.185,1.573,27.7778,0.0,,
1.1,pure_pursuit_100,lka_test,3.4658,30.2985,27.7778,curve_0,LaneKeeping,0.172,1.3402,27.7778,0.0,,
1.12,pure_pursuit_100,lka_test,3.5888,30.8403,27.7778,curve_0,LaneKeeping,0.1612,1.1175,27.7778,0.0,,
1.14,pure_pursuit_100,lka_test,3.7139,31.3816,27.7778,curve_0,LaneKeeping,0.1524,0.9044,27.7778,0.0,,
1.16,pure_pursuit_100,lka_test,3.8409,31.9224,27.7778,curve_0,LaneKeeping,0.1456,0.7003,27.7778,0.0,,
1.18,pure_pursuit_100,lka_test,3.9697,32.4629,27.7778,curve_0,LaneKeeping,0.1407,0.5045,27.7778,0.0,,
1.2,pure_pursuit_100,lka_test,4.1003,33.0028,27.7778,curve_0,LaneKeeping,0.1376,0.3164,27.7778,0.0,,
1.22,pure_pursuit_100,lka_test,4.2333,33.5422,27.7778,curve_0,LaneKeeping,0.137,0.0661,27.7778,0.0,,
1.24,pure_pursuit_100,lka_test,4.3685,34.0811,27.7778,curve_0,LaneKeeping,0.1825,1.4641,27.7778,0.0,,
1.26,pure_pursuit_100,lka_test,4.5059,34.6194,27.7778,curve_0,LaneKeeping,0.1705,1.2357,27.7778,0.0,,
1.28,pure_pursuit_100,lka_test,4.6453,35.1572,27.7778,curve_0,LaneKeeping,0.1606,1.017,27.7778,0.0,,
1.3,pure_pursuit_100,lka_test,4.7867,35.6944,27.7778,curve_0,LaneKeeping,0.1528,0.8076,27.7778,0.0,,
1.32,pure_pursuit_100,lka_test,4.93,36.2312,27.7778,curve_0,LaneKeeping,0.1469,0.6068,27.7778,0.0,,
1.34,pure_pursuit_100,lka_test,5.0751,36.7675,27.7778,curve_0,LaneKeeping,0.1429,0.414,27.7778,0.0,,
1.36,pure_pursuit_100,lka_test,5.2226,37.3031,27.7778,curve_0,LaneKeeping,0.1414,0.159,27.7778,0.0,,
1.38,pure_pursuit_100,lka_test,5.3723,37.8381,27.7778,curve_0,LaneKeeping,0.189,1.5526,27.7778,0.0,,
1.4,pure_pursuit_100,lka_test,5.5242,38.3725,27.7778,curve_0,LaneKeeping,0.1762,1.3199,27.7778,0.0,,
1.42,pure_pursuit_100,lka_test,5.6782,38.9063,27.7778,curve_0,LaneKeeping,0.1656,1.0973,27.7778,0.0,,
1.44,pure_pursuit_100,lka_test,5.8341,39.4395,27.7778,curve_0,LaneKeeping,0.157,0.8842,27.7778,0.0,,
1.46,pure_pursuit_100,lka_test,5.992,39.9721,27.7778,curve_0,LaneKeeping,0.1504,0.6798,27.7778,0.0,,
1.48,pure_pursuit_100,lka_test,6.1517,40.5042,27.7778,curve_0,LaneKeeping,0.1457,0.4835,27.7778,0.0,,
1.5,pure_pursuit_100,lka_test,6.3138,41.0356,27.7778,curve_0,LaneKeeping,0.1436,0.2254,27.7778,0.0,,
1.52,pure_pursuit_100,lka_test,6.4782,41.5663,27.7778,curve_0,LaneKeeping,0.1936,1.616,27.7778,0.0,,
1.54,pure_pursuit_100,lka_test,6.6447,42.0963,27.7778,curve_0,LaneKeeping,0.1803,1.3804,27.7778,0.0,,
1.56,pure_pursuit_100,lka_test,6.8134,42.6257,27.7778,curve_0,LaneKeeping,0.1691,1.1552,27.7778,0.0,,
1.58,pure_pursuit_100,lka_test,6.984,43.1544,27.7778,curve_0,LaneKeeping,0.16,0.9395,27.7778,0.0,,
1.6,pure_pursuit_100,lka_test,7.1565,43.6824,27.7778,curve_0,LaneKeeping,0.1529,0.7327,27.7778,0.0,,
1.62,pure_pursuit_100,lka_test,7.3309,44.2099,27.7778,curve_0,LaneKeeping,0.1477,0.5343,27.7778,0.0,,
1.64,pure_pursuit_100,lka_test,7.5076,44.7366,27.7778,curve_0,LaneKeeping,0.145,0.2741,27.7778,0.0,,
1.66,pure_pursuit_100,lka_test,7.6867,45.2625,27.7778,curve_0,LaneKeeping,0.1977,1.6627,27.7778,0.0,,
1.68,pure_pursuit_100,lka_test,7.8679,45.7877,27.7778,curve_0,LaneKeeping,0.1839,1.4254,27.7778,0.0,,
1.7,pure_pursuit_100,lka_test,8.0512,46.3121,27.7778,curve_0,LaneKeeping,0.1723,1.1985,27.7778,0.0,,
1.72,pure_pursuit_100,lka_test,8.2365,46.8359,27.7778,curve_0,LaneKeeping,0.1627,0.9812,27.7778,0.0,,
1.74,pure_pursuit_100,lka_test,8.4236,47.359,27.7778,curve_0,LaneKeeping,0.1553,0.773,27.7778,0.0,,
1.76,pure_pursuit_100,lka_test,8.6126,47.8814,27.7778,curve_0,LaneKeeping,0.1497,0.5733,27.7778,0.0,,
1.78,pure_pursuit_100,lka_test,8.804,48.4029,27.7778,curve_0,LaneKeeping,0.1467,0.3119,27.7778,0.0,,
1.8,pure_pursuit_100,lka_test,8.9977,48.9236,27.7778,curve_0,LaneKeeping,0.202,1.6995,27.7778,0.0,,
1.82,pure_pursuit_100,lka_test,9.1935,49.4435,27.7778,curve_0,LaneKeeping,0.1879,1.4612,27.7778,0.0,,
1.84,pure_pursuit_100,lka_test,9.3914,49.9627,27.7778,curve_0,LaneKeeping,0.1759,1.2333,27.7778,0.0,,
1.86,pure_pursuit_100,lka_test,9.5912,50.481,27.7778,curve_0,LaneKeeping,0.1661,1.0153,27.7778,0.0,,
1.88,pure_pursuit_100,lka_test,9.793,50.9987,27.7778,curve_0,LaneKeeping,0.1583,0.8063,27.7778,0.0,,
1.9,pure_pursuit_100,lka_test,9.9966,51.5156,27.7778,curve_0,LaneKeeping,0.1524,0.6059,27.7778,0.0,,
1.92,pure_pursuit_100,lka_test,10.2018,52.0318,27.7778,curve_0,LaneKeeping,0.1484,0.4134,27.7778,0.0,,
1.94,pure_pursuit_100,lka_test,10.4094,52.5471,27.7778,curve_0,LaneKeeping,0.1468,0.1581,27.7778,0.0,,
1.96,pure_pursuit_100,lka_test,10.6192,53.0616,27.7778,curve_0,LaneKeeping,0.1908,1.5514,27.7778,0.0,,
1.98,pure_pursuit_100,lka_test,10.8311,53.5751,27.7778,curve_0,LaneKeeping,0.178,1.3184,27.7778,0.0,,
2.0,pure_pursuit_100,lka_test,11.045,54.0879,27.7778,curve_0,LaneKeeping,0.1674,1.0954,27.7778,0.0,,
2.02,pure_pursuit_100,lka_test,11.2607,54.5998,27.7778,curve_0,LaneKeeping,0.1589,0.8818,27.7778,0.0,,
2.04,pure_pursuit_100,lka_test,11.4783,55.111,27.7778,curve_0,LaneKeeping,0.1523,0.6769,27.7778,0.0,,
2.06,pure_pursuit_100,lka_test,11.6977,55.6214,27.7778,curve_0,LaneKeeping,0.1477,0.4802,27.7778,0.0,,
2.08,pure_pursuit_100,lka_test,11.9194,56.1308,27.7778,curve_0,LaneKeeping,0.1455,0.2212,27.7778,0.0,,
2.1,pure_pursuit_100,lka_test,12.1432,56.6392,27.7778,curve_0,LaneKeeping,0.192,1.6109,27.7778,0.0,,
2.12,pure_pursuit_100,lka_test,12.3692,57.1468,27.7778,curve_0,LaneKeeping,0.1786,1.3744,27.7778,0.0,,
2.14,pure_pursuit_100,lka_test,12.5972,57.6534,27.7778,curve_0,LaneKeeping,0.1675,1.1483,27.7778,0.0,,
2.16,pure_pursuit_100,lka_test,12.827,58.1592,27.7778,curve_0,LaneKeeping,0.1585,0.9317,27.7778,0.0,,
2.18,pure_pursuit_100,lka_test,13.0587,58.6641,27.7778,curve_0,LaneKeeping,0.1514,0.724,27.7778,0.0,,
2.2,pure_pursuit_100,lka_test,13.2922,59.1682,27.7778,curve_0,LaneKeeping,0.1464,0.5246,27.7778,0.0,,
2.22,pure_pursuit_100,lka_test,13.528,59.6713,27.7778,curve_0,LaneKeeping,0.1438,0.2633,27.7778,0.0,,
2.24,pure_pursuit_100,lka_test,13.7659,60.1733,27.7778,curve_0,LaneKeeping,0.1929,1.6508,27.7778,0.0,,
2.26,pure_pursuit_100,lka_test,14.0059,60.6743,27.7778,curve_0,LaneKeeping,0.1792,1.4124,27.7778,0.0,,
2.28,pure_pursuit_100,lka_test,14.248,61.1744,27.7778,curve_0,LaneKeeping,0.1677,1.1844,27.7778,0.0,,
2.3,pure_pursuit_100,lka_test,14.4919,61.6735,27.7778,curve_0,LaneKeeping,0.1584,0.966,27.7778,0.0,,
2.32,pure_pursuit_100,lka_test,14.7376,62.1718,27.7778,curve_0,LaneKeeping,0.151,0.7567,27.7778,0.0,,
2.34,pure_pursuit_100,lka_test,14.9851,62.6691,27.7778,curve_0,LaneKeeping,0.1456,0.5558,27.7778,0.0,,
2.36,pure_pursuit_100,lka_test,15.2349,63.1654,27.7778,curve_0,LaneKeeping,0.1428,0.2933,27.7778,0.0,,
2.38,pure_pursuit_100,lka_test,15.4869,63.6605,27.7778,curve_0,LaneKeeping,0.1947,1.6797,27.7778,0.0,,
2.4,pure_pursuit_100,lka_test,15.7409,64.1546,27.7778,curve_0,LaneKeeping,0.1807,1.4403,27.7778,0.0,,
2.42,pure_pursuit_100,lka_test,15.9969,64.6477,27.7778,curve_0,LaneKeeping,0.169,1.2114,27.7778,0.0,,
2.44,pure_pursuit_100,lka_test,16.2547,65.1398,27.7778,curve_0,LaneKeeping,0.1593,0.9922,27.7778,0.0,,
2.46,pure_pursuit_100,lka_test,16.5144,65.6309,27.7778,curve_0,LaneKeeping,0.1518,0.7821,27.7778,0.0,,
2.48,pure_pursuit_100,lka_test,16.7758,66.1211,27.7778,curve_0,LaneKeeping,0.1461,0.5805,27.7778,0.0,,
2.5,pure_pursuit_100,lka_test,17.0394,66.6101,27.7778,curve_0,LaneKeeping,0.1431,0.3176,27.7778,0.0,,
2.52,pure_pursuit_100,lka_test,17.3052,67.098,27.7778,curve_0,LaneKeeping,0.1977,1.7036,27.7778,0.0,,
2.54,pure_pursuit_100,lka_test,17.573,67.5847,27.7778,curve_0,LaneKeeping,0.1835,1.4638,27.7778,0.0,,
2.56,pure_pursuit_100,lka_test,17.8428,68.0704,27.7778,curve_0,LaneKeeping,0.1716,1.2346,27.7778,0.0,,
2.58,pure_pursuit_100,lka_test,18.1144,68.555,27.7778,curve_0,LaneKeeping,0.1617,1.0152,27.7778,0.0,,
2.6,pure_pursuit_100,lka_test,18.3878,69.0387,27.7778,curve_0,LaneKeeping,0.1539,0.8049,27.7778,0.0,,
2.62,pure_pursuit_100,lka_test,18.6629,69.5213,27.7778,curve_0,LaneKeeping,0.1481,0.6032,27.7778,0.0,,
2.64,pure_pursuit_100,lka_test,18.9396,70.003,27.7778,curve_0,LaneKeeping,0.1441,0.4095,27.7778,0.0,,
2.66,pure_pursuit_100,lka_test,19.2185,70.4835,27.7778,curve_0,LaneKeeping,0.1426,0.1533,27.7778,0.0,,
2.68,pure_pursuit_100,lka_test,19.4995,70.9628,27.7778,curve_0,LaneKeeping,0.186,1.5457,27.7778,0.0,,
2.7,pure_pursuit_100,lka_test,19.7823,71.441,27.7778,curve_0,LaneKeeping,0.1733,1.3117,27.7778,0.0,,
2.72,pure_pursuit_100,lka_test,20.0671,71.918,27.7778,curve_0,LaneKeeping,0.1627,1.0879,27.7778,0.0,,
2.74,pure_pursuit_100,lka_test,20.3536,72.3939,27.7778,curve_0,LaneKeeping,0.1543,0.8734,27.7778,0.0,,
2.76,pure_pursuit_100,lka_test,20.6419,72.8689,27.7778,curve_0,LaneKeeping,0.1478,0.6678,27.7778,0.0,,
2.78,pure_pursuit_100,lka_test,20.9317,73.3428,27.7778,curve_0,LaneKeeping,0.1432,0.4703,27.7778,0.0,,
2.8,pure_pursuit_100,lka_test,21.2238,73.8154,27.7778,curve_0,LaneKeeping,0.1412,0.2107,27.7778,0.0,,
2.82,pure_pursuit_100,lka_test,21.5178,74.2868,27.7778,curve_0,LaneKeeping,0.1871,1.5999,27.7778,0.0,,
2.84,pure_pursuit_100,lka_test,21.8138,74.7569,27.7778,curve_0,LaneKeeping,0.1739,1.363,27.7778,0.0,,
2.86,pure_pursuit_100,lka_test,22.1117,75.2259,27.7778,curve_0,LaneKeeping,0.1629,1.1363,27.7778,0.0,,
2.88,pure_pursuit_100,lka_test,22.4113,75.6937,27.7778,curve_0,LaneKeeping,0.154,0.9192,27.7778,0.0,,
2.9,pure_pursuit_100,lka_test,22.7127,76.1604,27.7778,curve_0,LaneKeeping,0.1471,0.711,27.7778,0.0,,
2.92,pure_pursuit_100,lka_test,23.0157,76.6261,27.7778,curve_0,LaneKeeping,0.1421,0.5112,27.7778,0.0,,
2.94,pure_pursuit_100,lka_test,23.3207,77.0904,27.7778,curve_0,LaneKeeping,0.1397,0.2497,27.7778,0.0,,
2.96,pure_pursuit_100,lka_test,23.6278,77.5533,27.7778,curve_0,LaneKeeping,0.1883,1.637,27.7778,0.0,,
2.98,pure_pursuit_100,lka_test,23.9369,78.015,27.7778,curve_0,LaneKeeping,0.1747,1.3984,27.7778,0.0,,
3.0,pure_pursuit_100,lka_test,24.2478,78.4754,27.7778,curve_0,LaneKeeping,0.1634,1.1701,27.7778,0.0,,
3.02,pure_pursuit_100,lka_test,24.5604,78.9347,27.7778,curve_0,LaneKeeping,0.1542,0.9515,27.7778,0.0,,
3.04,pure_pursuit_100,lka_test,24.8747,79.3928,27.7778,curve_0,LaneKeeping,0.147,0.7419,27.7778,0.0,,
3.06,pure_pursuit_100,lka_test,25.1906,79.8498,27.7778,curve_0,LaneKeeping,0.1417,0.5408,27.7778,0.0,,
3.08,pure_pursuit_100,lka_test,25.5086,80.3053,27.7778,curve_0,LaneKeeping,0.139,0.2783,27.7778,0.0,,
3.1,pure_pursuit_100,lka_test,25.8286,80.7595,27.7778,curve_0,LaneKeeping,0.1904,1.6647,27.7778,0.0,,
3.12,pure_pursuit_100,lka_test,26.1505,81.2123,27.7778,curve_0,LaneKeeping,0.1766,1.4253,27.7778,0.0,,
3.14,pure_pursuit_100,lka_test,26.4742,81.6638,27.7778,curve_0,LaneKeeping,0.165,1.1962,27.7778,0.0,,
3.16,pure_pursuit_100,lka_test,26.7996,82.1141,27.7778,curve_0,LaneKeeping,0.1555,0.977,27.7778,0.0,,
3.18,pure_pursuit_100,lka_test,27.1266,82.5631,27.7778,curve_0,LaneKeeping,0.1481,0.7668,27.7778,0.0,,
3.2,pure_pursuit_100,lka_test,27.4553,83.0111,27.7778,curve_0,LaneKeeping,0.1426,0.5652,27.7778,0.0,,
3.22,pure_pursuit_100,lka_test,27.786,83.4575,27.7778,curve_0,LaneKeeping,0.1397,0.3023,27.7778,0.0,,
3.24,pure_pursuit_100,lka_test,28.1186,83.9024,27.7778,curve_0,LaneKeeping,0.1939,1.6884,27.7778,0.0,,
3.26,pure_pursuit_100,lka_test,28.4531,84.346,27.7778,curve_0,LaneKeeping,0.1798,1.4488,27.7778,0.0,,
3.28,pure_pursuit_100,lka_test,28.7894,84.7882,27.7778,curve_0,LaneKeeping,0.168,1.2196,27.7778,0.0,,
3.3,pure_pursuit_100,lka_test,29.1274,85.2291,27.7778,curve_0,LaneKeeping,0.1583,1.0002,27.7778,0.0,,
3.32,pure_pursuit_100,lka_test,29.467,85.6688,27.7778,curve_0,LaneKeeping,0.1507,0.79,27.7778,0.0,,
3.34,pure_pursuit_100,lka_test,29.8081,86.1073,27.7778,curve_0,LaneKeeping,0.145,0.5883,27.7778,0.0,,
3.36,pure_pursuit_100,lka_test,30.1507,86.5446,27.7778,curve_0,LaneKeeping,0.1411,0.3946,27.7778,0.0,,
3.38,pure_pursuit_100,lka_test,30.4953,86.9804,27.7778,curve_0,LaneKeeping,0.1398,0.1385,27.7778,0.0,,
3.4,pure_pursuit_100,lka_test,30.8417,87.4148,27.7778,curve_0,LaneKeeping,0.1827,1.531,27.7778,0.0,,
3.42,pure_pursuit_100,lka_test,31.1899,87.8477,27.7778,curve_0,LaneKeeping,0.1701,1.2972,27.7778,0.0,,
3.44,pure_pursuit_100,lka_test,31.5397,88.2792,27.7778,curve_0,LaneKeeping,0.1597,1.0735,27.7778,0.0,,
3.46,pure_pursuit_100,lka_test,31.8912,88.7094,27.7778,curve_0,LaneKeeping,0.1514,0.8591,27.7778,0.0,,
3.48,pure_pursuit_100,lka_test,32.2443,89.1384,27.7778,curve_0,LaneKeeping,0.145,0.6535,27.7778,0.0,,
3.5,pure_pursuit_100,lka_test,32.5988,89.5662,27.7778,curve_0,LaneKeeping,0.1406,0.4561,27.7778,0.0,,
3.52,pure_pursuit_100,lka_test,32.9552,89.9923,27.7778,curve_0,LaneKeeping,0.1387,0.1967,27.7778,0.0,,
3.54,pure_pursuit_100,lka_test,33.3135,90.4169,27.7778,curve_0,LaneKeeping,0.1841,1.5861,27.7778,0.0,,
3.56,pure_pursuit_100,lka_test,33.6735,90.84,27.7778,curve_0,LaneKeeping,0.171,1.3493,27.7778,0.0,,
3.58,pure_pursuit_100,lka_test,34.0352,91.2617,27.7778,curve_0,LaneKeeping,0.1602,1.1228,27.7778,0.0,,
3.6,pure_pursuit_100,lka_test,34.3985,91.682,27.7778,curve_0,LaneKeeping,0.1514,0.9058,27.7778,0.0,,
3.62,pure_pursuit_100,lka_test,34.7633,92.101,27.7778,curve_0,LaneKeeping,0.1446,0.6977,27.7778,0.0,,
3.64,pure_pursuit_100,lka_test,35.1296,92.5187,27.7778,curve_0,LaneKeeping,0.1398,0.498,27.7778,0.0,,
3.66,pure_pursuit_100,lka_test,35.4978,92.9347,27.7778,curve_0,LaneKeeping,0.1375,0.2366,27.7778,0.0,,
3.68,pure_pursuit_100,lka_test,35.8678,93.3492,27.7778,curve_0,LaneKeeping,0.1856,1.6241,27.7778,0.0,,
3.7,pure_pursuit_100,lka_test,36.2395,93.7621,27.7778,curve_0,LaneKeeping,0.1722,1.3857,27.7778,0.0,,
3.72,pure_pursuit_100,lka_test,36.6128,94.1735,27.7778,curve_0,LaneKeeping,0.1609,1.1575,27.7778,0.0,,
3.74,pure_pursuit_100,lka_test,36.9877,94.5834,27.7778,curve_0,LaneKeeping,0.1518,0.9391,27.7778,0.0,,
3.76,pure_pursuit_100,lka_test,37.3641,94.992,27.7778,curve_0,LaneKeeping,0.1448,0.7296,27.7778,0.0,,
3.78,pure_pursuit_100,lka_test,37.742,95.3993,27.7778,curve_0,LaneKeeping,0.1396,0.5286,27.7778,0.0,,
3.8,pure_pursuit_100,lka_test,38.1217,95.8049,27.7778,curve_0,LaneKeeping,0.137,0.2662,27.7778,0.0,,
3.82,pure_pursuit_100,lka_test,38.5031,96.2088,27.7778,curve_0,LaneKeeping,0.1879,1.6528,27.7778,0.0,,
3.84,pure_pursuit_100,lka_test,38.8863,96.611,27.7778,curve_0,LaneKeeping,0.1742,1.4135,27.7778,0.0,,
3.86,pure_pursuit_100,lka_test,39.2711,97.0118,27.7778,curve_0,LaneKeeping,0.1627,1.1846,27.7778,0.0,,
3.88,pure_pursuit_100,lka_test,39.6573,97.4111,27.7778,curve_0,LaneKeeping,0.1534,0.9654,27.7778,0.0,,
3.9,pure_pursuit_100,lka_test,40.0451,97.8089,27.7778,curve_0,LaneKeeping,0.1461,0.7554,27.7778,0.0,,
3.92,pure_pursuit_100,lka_test,40.4342,98.2054,27.7778,curve_0,LaneKeeping,0.1407,0.5538,27.7778,0.0,,
3.94,pure_pursuit_100,lka_test,40.8252,98.6001,27.7778,curve_0,LaneKeeping,0.1379,0.2911,27.7778,0.0,,
3.96,pure_pursuit_100,lka_test,41.2179,98.9931,27.7778,curve_0,LaneKeeping,0.1915,1.6774,27.7778,0.0,,
3.98,pure_pursuit_100,lka_test,41.6122,99.3845,27.7778,curve_0,LaneKeeping,0.1776,1.4378,27.7778,0.0,,
4.0,pure_pursuit_100,lka_test,42.0081,99.7742,27.7778,curve_0,LaneKeeping,0.1659,1.2087,27.7778,0.0,,
4.02,pure_pursuit_100,lka_test,42.4055,100.1625,27.7778,curve_0,LaneKeeping,0.1563,0.9894,27.7778,0.0,,
4.04,pure_pursuit_100,lka_test,42.8043,100.5493,27.7778,curve_0,LaneKeeping,0.1487,0.7793,27.7778,0.0,,
4.06,pure_pursuit_100,lka_test,43.2044,100.9346,27.7778,curve_0,LaneKeeping,0.1431,0.5777,27.7778,0.0,,
4.08,pure_pursuit_100,lka_test,43.6063,101.3182,27.7778,curve_0,LaneKeeping,0.1401,0.315,27.7778,0.0,,
4.1,pure_pursuit_100,lka_test,44.0099,101.7,27.7778,curve_0,LaneKeeping,0.1395,0.0643,27.7778,0.0,,
4.12,pure_pursuit_100,lka_test,44.4151,102.0801,27.7778,curve_0,LaneKeeping,0.1824,1.4619,27.7778,0.0,,
4.14,pure_pursuit_100,lka_test,44.8218,102.4585,27.7778,curve_0,LaneKeeping,0.1705,1.2329,27.7778,0.0,,
4.16,pure_pursuit_100,lka_test,45.23,102.8354,27.7778,curve_0,LaneKeeping,0.1606,1.0138,27.7778,0.0,,
4.18,pure_pursuit_100,lka_test,45.6395,103.2108,27.7778,curve_0,LaneKeeping,0.1528,0.8039,27.7778,0.0,,
4.2,pure_pursuit_100,lka_test,46.0503,103.5848,27.7778,curve_0,LaneKeeping,0.147,0.6026,27.7778,0.0,,
4.22,pure_pursuit_100,lka_test,46.4624,103.9574,27.7778,curve_0,LaneKeeping,0.143,0.4092,27.7778,0.0,,
4.24,pure_pursuit_100,lka_test,46.8762,104.3281,27.7778,curve_0,LaneKeeping,0.1415,0.1536,27.7778,0.0,,
4.26,pure_pursuit_100,lka_test,47.2915,104.6971,27.7778,curve_0,LaneKeeping,0.1867,1.5464,27.7778,0.0,,
4.28,pure_pursuit_100,lka_test,47.7083,105.0644,27.7778,curve_0,LaneKeeping,0.174,1.3131,27.7778,0.0,,
4.3,pure_pursuit_100,lka_test,48.1266,105.43,27.7778,curve_0,LaneKeeping,0.1634,1.0898,27.7778,0.0,,
4.32,pure_pursuit_100,lka_test,48.5462,105.7941,27.7778,curve_0,LaneKeeping,0.1549,0.8759,27.7778,0.0,,
4.34,pure_pursuit_100,lka_test,48.9671,106.1567,27.7778,curve_0,LaneKeeping,0.1484,0.6707,27.7778,0.0,,
4.36,pure_pursuit_100,lka_test,49.3893,106.5178,27.7778,curve_0,LaneKeeping,0.1438,0.4738,27.7778,0.0,,
4.38,pure_pursuit_100,lka_test,49.8131,106.8771,27.7778,curve_0,LaneKeeping,0.1417,0.2149,27.7778,0.0,,
4.4,pure_pursuit_100,lka_test,50.2384,107.2344,27.7778,curve_0,LaneKeeping,0.1894,1.6047,27.7778,0.0,,
4.42,pure_pursuit_100,lka_test,50.6653,107.5901,27.7778,curve_0,LaneKeeping,0.1761,1.3684,27.7778,0.0,,
4.44,pure_pursuit_100,lka_test,51.0935,107.944,27.7778,curve_0,LaneKeeping,0.1651,1.1423,27.7778,0.0,,
4.46,pure_pursuit_100,lka_test,51.523,108.2964,27.7778,curve_0,LaneKeeping,0.1561,0.9258,27.7778,0.0,,
4.48,pure_pursuit_100,lka_test,51.9538,108.6471,27.7778,curve_0,LaneKeeping,0.1491,0.7183,27.7778,0.0,,
4.5,pure_pursuit_100,lka_test,52.3859,108.9964,27.7778,curve_0,LaneKeeping,0.1441,0.5191,27.7778,0.0,,
4.52,pure_pursuit_100,lka_test,52.8195,109.3437,27.7778,curve_0,LaneKeeping,0.1416,0.2581,27.7778,0.0,,
4.54,pure_pursuit_100,lka_test,53.2546,109.6891,27.7778,curve_0,LaneKeeping,0.1919,1.6461,27.7778,0.0,,
4.56,pure_pursuit_100,lka_test,53.6912,110.0327,27.7778,curve_0,LaneKeeping,0.1782,1.408,27.7778,0.0,,
4.58,pure_pursuit_100,lka_test,54.1291,110.3745,27.7778,curve_0,LaneKeeping,0.1668,1.1804,27.7778,0.0,,
4.6,pure_pursuit_100,lka_test,54.5683,110.7147,27.7778,curve_0,LaneKeeping,0.1575,0.9624,27.7778,0.0,,
4.62,pure_pursuit_100,lka_test,55.0088,111.0533,27.7778,curve_0,LaneKeeping,0.1502,0.7534,27.7778,0.0,,
4.64,pure_pursuit_100,lka_test,55.4504,111.3904,27.7778,curve_0,LaneKeeping,0.1448,0.5529,27.7778,0.0,,
4.66,pure_pursuit_100,lka_test,55.8936,111.7254,27.7778,curve_0,LaneKeeping,0.142,0.2909,27.7778,0.0,,
4.68,pure_pursuit_100,lka_test,56.3382,112.0585,27.7778,curve_0,LaneKeeping,0.195,1.6779,27.7778,0.0,,
4.7,pure_pursuit_100,lka_test,56.7842,112.3897,27.7778,curve_0,LaneKeeping,0.1811,1.4389,27.7778,0.0,,
4.72,pure_pursuit_100,lka_test,57.2316,112.7191,27.7778,curve_0,LaneKeeping,0.1693,1.2105,27.7778,0.0,,
4.74,pure_pursuit_100,lka_test,57.6801,113.0469,27.7778,curve_0,LaneKeeping,0.1597,0.9917,27.7778,0.0,,
4.76,pure_pursuit_100,lka_test,58.1299,113.373,27.7778,curve_0,LaneKeeping,0.1521,0.7821,27.7778,0.0,,
4.78,pure_pursuit_100,lka_test,58.5809,113.6975,27.7778,curve_0,LaneKeeping,0.1465,0.581,27.7778,0.0,,
4.8,pure_pursuit_100,lka_test,59.0333,114.0199,27.7778,curve_0,LaneKeeping,0.1434,0.3186,27.7778,0.0,,
4.82,pure_pursuit_100,lka_test,59.4871,114.3404,27.7778,curve_0,LaneKeeping,0.1992,1.7051,27.7778,0.0,,
4.84,pure_pursuit_100,lka_test,59.9422,114.6589,27.7778,curve_0,LaneKeeping,0.185,1.4659,27.7778,0.0,,
4.86,pure_pursuit_100,lka_test,60.3986,114.9757,27.7778,curve_0,LaneKeeping,0.173,1.2371,27.7778,0.0,,
4.88,pure_pursuit_100,lka_test,60.8563,115.2907,27.7778,curve_0,LaneKeeping,0.1632,1.0182,27.7778,0.0,,
4.9,pure_pursuit_100,lka_test,61.315,115.604,27.7778,curve_0,LaneKeeping,0.1553,0.8084,27.7778,0.0,,
4.92,pure_pursuit_100,lka_test,61.7749,115.9157,27.7778,curve_0,LaneKeeping,0.1494,0.6072,27.7778,0.0,,
4.94,pure_pursuit_100,lka_test,62.2358,116.2259,27.7778,curve_0,LaneKeeping,0.1454,0.414,27.7778,0.0,,
4.96,pure_pursuit_100,lka_test,62.6981,116.534,27.7778,curve_0,LaneKeeping,0.1439,0.1582,27.7778,0.0,,
4.98,pure_pursuit_100,lka_test,63.1617,116.8401,27.7778,curve_0,LaneKeeping,0.1884,1.551,27.7778,0.0,,
5.0,pure_pursuit_100,lka_test,63.6266,117.1443,27.7778,curve_0,LaneKeeping,0.1756,1.3176,27.7778,0.0,,
5.02,pure_pursuit_100,lka_test,64.0926,117.4467,27.7778,curve_0,LaneKeeping,0.165,1.0942,27.7778,0.0,,
5.04,pure_pursuit_100,lka_test,64.5598,117.7474,27.7778,curve_0,LaneKeeping,0.1565,0.8802,27.7778,0.0,,
5.06,pure_pursuit_100,lka_test,65.028,118.0464,27.7778,curve_0,LaneKeeping,0.1499,0.6749,27.7778,0.0,,
5.08,pure_pursuit_100,lka_test,65.4973,118.3438,27.7778,curve_0,LaneKeeping,0.1453,0.4779,27.7778,0.0,,
5.1,pure_pursuit_100,lka_test,65.9679,118.639,27.7778,curve_0,LaneKeeping,0.1432,0.2187,27.7778,0.0,,
5.12,pure_pursuit_100,lka_test,66.4397,118.9322,27.7778,curve_0,LaneKeeping,0.1902,1.6083,27.7778,0.0,,
5.14,pure_pursuit_100,lka_test,66.9128,119.2235,27.7778,curve_0,LaneKeeping,0.1769,1.3718,27.7778,0.0,,
5.16,pure_pursuit_100,lka_test,67.3871,119.5129,27.7778,curve_0,LaneKeeping,0.1658,1.1455,27.7778,0.0,,
5.18,pure_pursuit_100,lka_test,67.8624,119.8005,27.7778,curve_0,LaneKeeping,0.1567,0.9288,27.7778,0.0,,
5.2,pure_pursuit_100,lka_test,68.3387,120.0864,27.7778,curve_0,LaneKeeping,0.1498,0.721,27.7778,0.0,,
5.22,pure_pursuit_100,lka_test,68.8161,120.3706,27.7778,curve_0,LaneKeeping,0.1447,0.5215,27.7778,0.0,,
5.24,pure_pursuit_100,lka_test,69.2947,120.6527,27.7778,curve_0,LaneKeeping,0.1422,0.2603,27.7778,0.0,,
5.26,pure_pursuit_100,lka_test,69.7746,120.9326,27.7778,curve_0,LaneKeeping,0.1918,1.6479,27.7778,0.0,,
5.28,pure_pursuit_100,lka_test,70.2556,121.2106,27.7778,curve_0,LaneKeeping,0.1782,1.4096,27.7778,0.0,,
5.3,pure_pursuit_100,lka_test,70.7377,121.4866,27.7778,curve_0,LaneKeeping,0.1667,1.1816,27.7778,0.0,,
5.32,pure_pursuit_100,lka_test,71.2209,121.7608,27.7778,curve_0,LaneKeeping,0.1574,0.9633,27.7778,0.0,,
5.34,pure_pursuit_100,lka_test,71.7051,122.0333,27.7778,curve_0,LaneKeeping,0.15,0.7541,27.7778,0.0,,
5.36,pure_pursuit_100,lka_test,72.1902,122.304,27.7778,curve_0,LaneKeeping,0.1447,0.5533,27.7778,0.0,,
5.38,pure_pursuit_100,lka_test,72.6765,122.5725,27.7778,curve_0,LaneKeeping,0.1419,0.291,27.7778,0.0,,
5.4,pure_pursuit_100,lka_test,73.1641,122.8389,27.7778,curve_0,LaneKeeping,0.1943,1.6776,27.7778,0.0,,
5.42,pure_pursuit_100,lka_test,73.6527,123.1032,27.7778,curve_0,LaneKeeping,0.1803,1.4384,27.7778,0.0,,
5.44,pure_pursuit_100,lka_test,74.1424,123.3656,27.7778,curve_0,LaneKeeping,0.1686,1.2096,27.7778,0.0,,
5.46,pure_pursuit_100,lka_test,74.6331,123.6261,27.7778,curve_0,LaneKeeping,0.159,0.9906,27.7778,0.0,,
5.48,pure_pursuit_100,lka_test,75.1247,123.8849,27.7778,curve_0,LaneKeeping,0.1514,0.7807,27.7778,0.0,,
5.5,pure_pursuit_100,lka_test,75.6172,124.1419,27.7778,curve_0,LaneKeeping,0.1458,0.5793,27.7778,0.0,,
5.52,pure_pursuit_100,lka_test,76.111,124.3966,27.7778,curve_0,LaneKeeping,0.1427,0.3165,27.7778,0.0,,
5.54,pure_pursuit_100,lka_test,76.6058,124.6492,27.7778,curve_0,LaneKeeping,0.1979,1.7028,27.7778,0.0,,
5.56,pure_pursuit_100,lka_test,77.1017,124.8997,27.7778,curve_0,LaneKeeping,0.1838,1.4633,27.7778,0.0,,
5.58,pure_pursuit_100,lka_test,77.5985,125.1482,27.7778,curve_0,LaneKeeping,0.1718,1.2343,27.7778,0.0,,
5.6,pure_pursuit_100,lka_test,78.0964,125.3948,27.7778,curve_0,LaneKeeping,0.162,1.015,27.7778,0.0,,
5.62,pure_pursuit_100,lka_test,78.5951,125.6396,27.7778,curve_0,LaneKeeping,0.1541,0.805,27.7778,0.0,,
5.64,pure_pursuit_100,lka_test,79.0947,125.8826,27.7778,curve_0,LaneKeeping,0.1483,0.6035,27.7778,0.0,,
5.66,pure_pursuit_100,lka_test,79.5951,126.1239,27.7778,curve_0,LaneKeeping,0.1443,0.41,27.7778,0.0,,
5.68,pure_pursuit_100,lka_test,80.0965,126.363,27.7778,curve_0,LaneKeeping,0.1428,0.1541,27.7778,0.0,,
5.7,pure_pursuit_100,lka_test,80.599,126.6,27.7778,curve_0,LaneKeeping,0.1867,1.5466,27.7778,0.0,,
5.72,pure_pursuit_100,lka_test,81.1025,126.8349,27.7778,curve_0,LaneKeeping,0.174,1.3129,27.7778,0.0,,
5.74,pure_pursuit_100,lka_test,81.6068,127.0678,27.7778,curve_0,LaneKeeping,0.1634,1.0893,27.7778,0.0,,
5.76,pure_pursuit_100,lka_test,82.1121,127.2989,27.7778,curve_0,LaneKeeping,0.1549,0.8751,27.7778,0.0,,
5.78,pure_pursuit_100,lka_test,82.6181,127.5281,27.7778,curve_0,LaneKeeping,0.1485,0.6696,27.7778,0.0,,
5.8,pure_pursuit_100,lka_test,83.125,127.7556,27.7778,curve_0,LaneKeeping,0.1439,0.4723,27.7778,0.0,,
5.82,pure_pursuit_100,lka_test,83.6328,127.9808,27.7778,curve_0,LaneKeeping,0.1418,0.213,27.7778,0.0,,
5.84,pure_pursuit_100,lka_test,84.1417,128.2038,27.7778,curve_0,LaneKeeping,0.1882,1.6024,27.7778,0.0,,
5.86,pure_pursuit_100,lka_test,84.6514,128.4247,27.7778,curve_0,LaneKeeping,0.175,1.3657,27.7778,0.0,,
5.88,pure_pursuit_100,lka_test,85.162,128.6436,27.7778,curve_0,LaneKeeping,0.1639,1.1392,27.7778,0.0,,
5.9,pure_pursuit_100,lka_test,85.6735,128.8605,27.7778,curve_0,LaneKeeping,0.155,0.9223,27.7778,0.0,,
5.92,pure_pursuit_100,lka_test,86.1857,129.0756,27.7778,curve_0,LaneKeeping,0.1481,0.7143,27.7778,0.0,,
5.94,pure_pursuit_100,lka_test,86.6987,129.2889,27.7778,curve_0,LaneKeeping,0.1431,0.5147,27.7778,0.0,,
5.96,pure_pursuit_100,lka_test,87.2126,129.4999,27.7778,curve_0,LaneKeeping,0.1406,0.2533,27.7778,0.0,,
5.98,pure_pursuit_100,lka_test,87.7275,129.7086,27.7778,curve_0,LaneKeeping,0.1897,1.6408,27.7778,0.0,,
6.0,pure_pursuit_100,lka_test,88.2432,129.9152,27.7778,curve_0,LaneKeeping,0.1761,1.4024,27.7778,0.0,,
6.02,pure_pursuit_100,lka_test,88.7597,130.1197,27.7778,curve_0,LaneKeeping,0.1647,1.1743,27.7778,0.0,,
6.04,pure_pursuit_100,lka_test,89.2771,130.3223,27.7778,curve_0,LaneKeeping,0.1554,0.9558,27.7778,0.0,,
6.06,pure_pursuit_100,lka_test,89.7951,130.5229,27.7778,curve_0,LaneKeeping,0.1482,0.7465,27.7778,0.0,,
6.08,pure_pursuit_100,lka_test,90.3139,130.7218,27.7778,curve_0,LaneKeeping,0.1429,0.5455,27.7778,0.0,,
6.1,pure_pursuit_100,lka_test,90.8335,130.9182,27.7778,curve_0,LaneKeeping,0.1402,0.2831,27.7778,0.0,,
6.12,pure_pursuit_100,lka_test,91.354,131.1124,27.7778,curve_0,LaneKeeping,0.192,1.6696,27.7778,0.0,,
6.14,pure_pursuit_100,lka_test,91.8753,131.3044,27.7778,curve_0,LaneKeeping,0.1782,1.4303,27.7778,0.0,,
6.16,pure_pursuit_100,lka_test,92.3974,131.4943,27.7778,curve_0,LaneKeeping,0.1665,1.2014,27.7778,0.0,,
6.18,pure_pursuit_100,lka_test,92.9202,131.6823,27.7778,curve_0,LaneKeeping,0.157,0.9823,27.7778,0.0,,
6.2,pure_pursuit_100,lka_test,93.4437,131.8683,27.7778,curve_0,LaneKeeping,0.1495,0.7723,27.7778,0.0,,
6.22,pure_pursuit_100,lka_test,93.9679,132.0525,27.7778,curve_0,LaneKeeping,0.144,0.5708,27.7778,0.0,,
6.24,pure_pursuit_100,lka_test,94.4928,132.2342,27.7778,curve_0,LaneKeeping,0.141,0.308,27.7778,0.0,,
6.26,pure_pursuit_100,lka_test,95.0186,132.4137,27.7778,curve_0,LaneKeeping,0.1956,1.6942,27.7778,0.0,,
6.28,pure_pursuit_100,lka_test,95.5451,132.591,27.7778,curve_0,LaneKeeping,0.1815,1.4547,27.7778,0.0,,
6.3,pure_pursuit_100,lka_test,96.0723,132.7661,27.7778,curve_0,LaneKeeping,0.1696,1.2256,27.7778,0.0,,
6.32,pure_pursuit_100,lka_test,96.6002,132.9393,27.7778,curve_0,LaneKeeping,0.1599,1.0063,27.7778,0.0,,
6.34,pure_pursuit_100,lka_test,97.1287,133.1105,27.7778,curve_0,LaneKeeping,0.1522,0.7962,27.7778,0.0,,
6.36,pure_pursuit_100,lka_test,97.6579,133.2798,27.7778,curve_0,LaneKeeping,0.1464,0.5946,27.7778,0.0,,
6.38,pure_pursuit_100,lka_test,98.1876,133.4474,27.7778,curve_0,LaneKeeping,0.1425,0.401,27.7778,0.0,,
6.4,pure_pursuit_100,lka_test,98.718,133.6125,27.7778,curve_0,LaneKeeping,0.1411,0.145,27.7778,0.0,,
6.42,pure_pursuit_100,lka_test,99.2491,133.7755,27.7778,curve_0,LaneKeeping,0.1845,1.5376,27.7778,0.0,,
6.44,pure_pursuit_100,lka_test,99.7809,133.9362,27.7778,curve_0,LaneKeeping,0.1718,1.3039,27.7778,0.0,,
6.46,pure_pursuit_100,lka_test,100.3133,134.0949,27.7778,curve_0,LaneKeeping,0.1613,1.0802,27.7778,0.0,,
6.48,pure_pursuit_100,lka_test,100.8463,134.2516,27.7778,curve_0,LaneKeeping,0.1529,0.8659,27.7778,0.0,,
6.5,pure_pursuit_100,lka_test,101.3799,134.4063,27.7778,curve_0,LaneKeeping,0.1465,0.6604,27.7778,0.0,,
6.52,pure_pursuit_100,lka_test,101.914,134.5593,27.7778,curve_0,LaneKeeping,0.1421,0.463,27.7778,0.0,,
6.54,pure_pursuit_100,lka_test,102.4488,134.7098,27.7778,curve_0,LaneKeeping,0.1401,0.2037,27.7778,0.0,,
6.56,pure_pursuit_100,lka_test,102.9842,134.858,27.7778,curve_0,LaneKeeping,0.1859,1.5931,27.7778,0.0,,
6.58,pure_pursuit_100,lka_test,103.5202,135.004,27.7778,curve_0,LaneKeeping,0.1728,1.3564,27.7778,0.0,,
6.6,pure_pursuit_100,lka_test,104.0568,135.1478,27.7778,curve_0,LaneKeeping,0.1618,1.1299,27.7778,0.0,,
6.62,pure_pursuit_100,lka_test,104.594,135.2897,27.7778,curve_0,LaneKeeping,0.153,0.9129,27.7778,0.0,,
6.64,pure_pursuit_100,lka_test,105.1316,135.4296,27.7778,curve_0,LaneKeeping,0.1461,0.7049,27.7778,0.0,,
6.66,pure_pursuit_100,lka_test,105.6698,135.5676,27.7778,curve_0,LaneKeeping,0.1412,0.5052,27.7778,0.0,,
6.68,pure_pursuit_100,lka_test,106.2085,135.7031,27.7778,curve_0,LaneKeeping,0.1389,0.2439,27.7778,0.0,,
6.7,pure_pursuit_100,lka_test,106.7479,135.8363,27.7778,curve_0,LaneKeeping,0.1874,1.6314,27.7778,0.0,,
6.72,pure_pursuit_100,lka_test,107.2878,135.9673,27.7778,curve_0,LaneKeeping,0.1739,1.393,27.7778,0.0,,
6.74,pure_pursuit_100,lka_test,107.8282,136.0961,27.7778,curve_0,LaneKeeping,0.1626,1.1649,27.7778,0.0,,
6.76,pure_pursuit_100,lka_test,108.3691,136.2228,27.7778,curve_0,LaneKeeping,0.1534,0.9464,27.7778,0.0,,
6.78,pure_pursuit_100,lka_test,108.9105,136.3476,27.7778,curve_0,LaneKeeping,0.1463,0.737,27.7778,0.0,,
6.8,pure_pursuit_100,lka_test,109.4523,136.4705,27.7778,curve_0,LaneKeeping,0.1411,0.536,27.7778,0.0,,
0.0,stanley_40,lka_test,0.0,0.0,11.1111,curve_0,LaneKeeping,0.0,0.8185,11.1111,0.0,,
0.02,stanley_40,lka_test,0.0003,0.2222,11.1111,curve_0,LaneKeeping,-0.0029,0.7511,11.1111,0.0,,
0.04,stanley_40,lka_test,0.0008,0.4444,11.1111,curve_0,LaneKeeping,-0.0056,0.6876,11.1111,0.0,,
0.06,stanley_40,lka_test,0.0015,0.6667,11.1111,curve_0,LaneKeeping,-0.008,0.6278,11.1111,0.0,,
0.08,stanley_40,lka_test,0.0025,0.8889,11.1111,curve_0,LaneKeeping,-0.0102,0.5714,11.1111,0.0,,
0.1,stanley_40,lka_test,0.0036,1.1111,11.1111,curve_0,LaneKeeping,-0.0122,0.5184,11.1111,0.0,,
0.12,stanley_40,lka_test,0.005,1.3333,11.1111,curve_0,LaneKeeping,-0.0141,0.4686,11.1111,0.0,,
0.14,stanley_40,lka_test,0.0065,1.5555,11.1111,curve_0,LaneKeeping,-0.0157,0.4218,11.1111,0.0,,
0.16,stanley_40,lka_test,0.0082,1.7778,11.1111,curve_0,LaneKeeping,-0.0172,0.3779,11.1111,0.0,,
0.18,stanley_40,lka_test,0.0101,2.0,11.1111,curve_0,LaneKeeping,-0.0185,0.3368,11.1111,0.0,,
0.2,stanley_40,lka_test,0.0121,2.2222,11.1111,curve_0,LaneKeeping,0.0312,1.9353,11.1111,0.0,,
0.22,stanley_40,lka_test,0.0147,2.4444,11.1111,curve_0,LaneKeeping,0.0242,1.7942,11.1111,0.0,,
0.24,stanley_40,lka_test,0.0178,2.6666,11.1111,curve_0,LaneKeeping,0.0178,1.6606,11.1111,0.0,,
0.26,stanley_40,lka_test,0.0213,2.8888,11.1111,curve_0,LaneKeeping,0.0118,1.5343,11.1111,0.0,,
0.28,stanley_40,lka_test,0.0254,3.111,11.1111,curve_0,LaneKeeping,0.0063,1.4149,11.1111,0.0,,
0.3,stanley_40,lka_test,0.0299,3.3331,11.1111,curve_0,LaneKeeping,0.0013,1.3021,11.1111,0.0,,
0.32,stanley_40,lka_test,0.0347,3.5553,11.1111,curve_0,LaneKeeping,-0.0034,1.1957,11.1111,0.0,,
0.34,stanley_40,lka_test,0.04,3.7775,11.1111,curve_0,LaneKeeping,-0.0076,1.0953,11.1111,0.0,,
0.36,stanley_40,lka_test,0.0457,3.9996,11.1111,curve_0,LaneKeeping,-0.0115,1.0007,11.1111,0.0,,
0.38,stanley_40,lka_test,0.0516,4.2218,11.1111,curve_0,LaneKeeping,-0.015,0.9116,11.1111,0.0,,
0.4,stanley_40,lka_test,0.058,4.4439,11.1111,curve_0,LaneKeeping,-0.0182,0.8278,11.1111,0.0,,
0.42,stanley_40,lka_test,0.0646,4.666,11.1111,curve_0,LaneKeeping,-0.0211,0.749,11.1111,0.0,,
0.44,stanley_40,lka_test,0.0715,4.8881,11.1111,curve_0,LaneKeeping,-0.0237,0.675,11.1111,0.0,,
0.46,stanley_40,lka_test,0.0787,5.1102,11.1111,curve_0,LaneKeeping,-0.0261,0.6056,11.1111,0.0,,
0.48,stanley_40,lka_test,0.0861,5.3323,11.1111,curve_0,LaneKeeping,-0.0282,0.5405,11.1111,0.0,,
0.5,stanley_40,lka_test,0.0937,5.5544,11.1111,curve_0,LaneKeeping,-0.0301,0.4795,11.1111,0.0,,
0.52,stanley_40,lka_test,0.1016,5.7765,11.1111,curve_0,LaneKeeping,-0.0317,0.4225,11.1111,0.0,,
0.54,stanley_40,lka_test,0.1097,5.9986,11.1111,curve_0,LaneKeeping,-0.0331,0.3692,11.1111,0.0,,
0.56,stanley_40,lka_test,0.118,6.2207,11.1111,curve_0,LaneKeeping,0.0164,1.9565,11.1111,0.0,,
0.58,stanley_40,lka_test,0.1269,6.4427,11.1111,curve_0,LaneKeeping,0.0094,1.805,11.1111,0.0,,
0.6,stanley_40,lka_test,0.1363,6.6647,11.1111,curve_0,LaneKeeping,0.003,1.662,11.1111,0.0,,
0.62,stanley_40,lka_test,0.1462,6.8867,11.1111,curve_0,LaneKeeping,-0.0029,1.5269,11.1111,0.0,,
0.64,stanley_40,lka_test,0.1567,7.1087,11.1111,curve_0,LaneKeeping,-0.0083,1.3995,11.1111,0.0,,
0.66,stanley_40,lka_test,0.1676,7.3307,11.1111,curve_0,LaneKeeping,-0.0133,1.2794,11.1111,0.0,,
0.68,stanley_40,lka_test,0.1789,7.5526,11.1111,curve_0,LaneKeeping,-0.0178,1.1663,11.1111,0.0,,
0.7,stanley_40,lka_test,0.1907,7.7745,11.1111,curve_0,LaneKeeping,-0.0219,1.0599,11.1111,0.0,,
0.72,stanley_40,lka_test,0.2028,7.9964,11.1111,curve_0,LaneKeeping,-0.0257,0.9598,11.1111,0.0,,
0.74,stanley_40,lka_test,0.2153,8.2183,11.1111,curve_0,LaneKeeping,-0.029,0.8658,11.1111,0.0,,
0.76,stanley_40,lka_test,0.2282,8.4401,11.1111,curve_0,LaneKeeping,-0.032,0.7776,11.1111,0.0,,
0.78,stanley_40,lka_test,0.2414,8.6619,11.1111,curve_0,LaneKeeping,-0.0347,0.6949,11.1111,0.0,,
0.8,stanley_40,lka_test,0.2548,8.8838,11.1111,curve_0,LaneKeeping,-0.0371,0.6174,11.1111,0.0,,
0.82,stanley_40,lka_test,0.2686,9.1056,11.1111,curve_0,LaneKeeping,-0.0392,0.5449,11.1111,0.0,,
0.84,stanley_40,lka_test,0.2826,9.3273,11.1111,curve_0,LaneKeeping,-0.0411,0.4771,11.1111,0.0,,
0.86,stanley_40,lka_test,0.2969,9.5491,11.1111,curve_0,LaneKeeping,-0.0427,0.4138,11.1111,0.0,,
0.88,stanley_40,lka_test,0.3113,9.7708,11.1111,curve_0,LaneKeeping,-0.0441,0.3548,11.1111,0.0,,
0.9,stanley_40,lka_test,0.326,9.9926,11.1111,curve_0,LaneKeeping,-0.0452,0.2999,11.1111,0.0,,
0.92,stanley_40,lka_test,0.3409,10.2143,11.1111,curve_0,LaneKeeping,0.0046,1.8858,11.1111,0.0,,
0.94,stanley_40,lka_test,0.3564,10.436,11.1111,curve_0,LaneKeeping,-0.0021,1.7332,11.1111,0.0,,
0.96,stanley_40,lka_test,0.3725,10.6576,11.1111,curve_0,LaneKeeping,-0.0083,1.5893,11.1111,0.0,,
0.98,stanley_40,lka_test,0.389,10.8792,11.1111,curve_0,LaneKeeping,-0.0139,1.4537,11.1111,0.0,,
1.0,stanley_40,lka_test,0.4061,11.1008,11.1111,curve_0,LaneKeeping,-0.019,1.3259,11.1111,0.0,,
1.02,stanley_40,lka_test,0.4236,11.3223,11.1111,curve_0,LaneKeeping,-0.0237,1.2056,11.1111,0.0,,
1.04,stanley_40,lka_test,0.4416,11.5438,11.1111,curve_0,LaneKeeping,-0.0279,1.0925,11.1111,0.0,,
1.06,stanley_40,lka_test,0.46,11.7653,11.1111,curve_0,LaneKeeping,-0.0318,0.9863,11.1111,0.0,,
1.08,stanley_40,lka_test,0.4787,11.9867,11.1111,curve_0,LaneKeeping,-0.0352,0.8865,11.1111,0.0,,
1.1,stanley_40,lka_test,0.4979,12.2081,11.1111,curve_0,LaneKeeping,-0.0383,0.793,11.1111,0.0,,
1.12,stanley_40,lka_test,0.5173,12.4295,11.1111,curve_0,LaneKeeping,-0.041,0.7053,11.1111,0.0,,
1.14,stanley_40,lka_test,0.5371,12.6508,11.1111,curve_0,LaneKeeping,-0.0434,0.6233,11.1111,0.0,,
1.16,stanley_40,lka_test,0.5572,12.8721,11.1111,curve_0,LaneKeeping,-0.0456,0.5466,11.1111,0.0,,
1.18,stanley_40,lka_test,0.5775,13.0934,11.1111,curve_0,LaneKeeping,-0.0474,0.475,11.1111,0.0,,
1.2,stanley_40,lka_test,0.5981,13.3147,11.1111,curve_0,LaneKeeping,-0.049,0.4083,11.1111,0.0,,
1.22,stanley_40,lka_test,0.619,13.5359,11.1111,curve_0,LaneKeeping,-0.0503,0.346,11.1111,0.0,,
1.24,stanley_40,lka_test,0.64,13.7571,11.1111,curve_0,LaneKeeping,-0.0514,0.2882,11.1111,0.0,,
1.26,stanley_40,lka_test,0.6613,13.9783,11.1111,curve_0,LaneKeeping,-0.0523,0.2344,11.1111,0.0,,
1.28,stanley_40,lka_test,0.6828,14.1995,11.1111,curve_0,LaneKeeping,-0.0022,1.8216,11.1111,0.0,,
1.3,stanley_40,lka_test,0.7049,14.4207,11.1111,curve_0,LaneKeeping,-0.0087,1.6703,11.1111,0.0,,
1.32,stanley_40,lka_test,0.7275,14.6417,11.1111,curve_0,LaneKeeping,-0.0146,1.5277,11.1111,0.0,,
1.34,stanley_40,lka_test,0.7506,14.8627,11.1111,curve_0,LaneKeeping,-0.02,1.3934,11.1111,0.0,,
1.36,stanley_40,lka_test,0.7742,15.0837,11.1111,curve_0,LaneKeeping,-0.0249,1.267,11.1111,0.0,,
1.38,stanley_40,lka_test,0.7983,15.3046,11.1111,curve_0,LaneKeeping,-0.0294,1.1482,11.1111,0.0,,
1.4,stanley_40,lka_test,0.8228,15.5255,11.1111,curve_0,LaneKeeping,-0.0334,1.0365,11.1111,0.0,,
1.42,stanley_40,lka_test,0.8477,15.7463,11.1111,curve_0,LaneKeeping,-0.037,0.9317,11.1111,0.0,,
1.44,stanley_40,lka_test,0.873,15.9671,11.1111,curve_0,LaneKeeping,-0.0402,0.8334,11.1111,0.0,,
1.46,stanley_40,lka_test,0.8986,16.1878,11.1111,curve_0,LaneKeeping,-0.0431,0.7413,11.1111,0.0,,
1.48,stanley_40,lka_test,0.9246,16.4085,11.1111,curve_0,LaneKeeping,-0.0457,0.6551,11.1111,0.0,,
1.5,stanley_40,lka_test,0.9509,16.6292,11.1111,curve_0,LaneKeeping,-0.0479,0.5745,11.1111,0.0,,
1.52,stanley_40,lka_test,0.9774,16.8498,11.1111,curve_0,LaneKeeping,-0.0498,0.4992,11.1111,0.0,,
1.54,stanley_40,lka_test,1.0043,17.0704,11.1111,curve_0,LaneKeeping,-0.0515,0.429,11.1111,0.0,,
1.56,stanley_40,lka_test,1.0314,17.291,11.1111,curve_0,LaneKeeping,-0.0529,0.3637,11.1111,0.0,,
1.58,stanley_40,lka_test,1.0587,17.5115,11.1111,curve_0,LaneKeeping,-0.0541,0.3028,11.1111,0.0,,
1.6,stanley_40,lka_test,1.0862,17.732,11.1111,curve_0,LaneKeeping,-0.055,0.2463,11.1111,0.0,,
1.62,stanley_40,lka_test,1.114,17.9525,11.1111,curve_0,LaneKeeping,-0.0558,0.1939,11.1111,0.0,,
1.64,stanley_40,lka_test,1.1419,18.173,11.1111,curve_0,LaneKeeping,-0.0054,1.7824,11.1111,0.0,,
1.66,stanley_40,lka_test,1.1704,18.3933,11.1111,curve_0,LaneKeeping,-0.0118,1.6325,11.1111,0.0,,
1.68,stanley_40,lka_test,1.1995,18.6137,11.1111,curve_0,LaneKeeping,-0.0175,1.4912,11.1111,0.0,,
1.7,stanley_40,lka_test,1.229,18.8339,11.1111,curve_0,LaneKeeping,-0.0228,1.3582,11.1111,0.0,,
1.72,stanley_40,lka_test,1.2591,19.0541,11.1111,curve_0,LaneKeeping,-0.0276,1.233,11.1111,0.0,,
1.74,stanley_40,lka_test,1.2896,19.2742,11.1111,curve_0,LaneKeeping,-0.0319,1.1154,11.1111,0.0,,
1.76,stanley_40,lka_test,1.3205,19.4943,11.1111,curve_0,LaneKeeping,-0.0358,1.005,11.1111,0.0,,
1.78,stanley_40,lka_test,1.3518,19.7143,11.1111,curve_0,LaneKeeping,-0.0393,0.9013,11.1111,0.0,,
1.8,stanley_40,lka_test,1.3835,19.9342,11.1111,curve_0,LaneKeeping,-0.0424,0.8041,11.1111,0.0,,
1.82,stanley_40,lka_test,1.4156,20.1541,11.1111,curve_0,LaneKeeping,-0.0452,0.7132,11.1111,0.0,,
1.84,stanley_40,lka_test,1.4479,20.374,11.1111,curve_0,LaneKeeping,-0.0476,0.6281,11.1111,0.0,,
1.86,stanley_40,lka_test,1.4806,20.5938,11.1111,curve_0,LaneKeeping,-0.0498,0.5485,11.1111,0.0,,
1.88,stanley_40,lka_test,1.5136,20.8135,11.1111,curve_0,LaneKeeping,-0.0516,0.4743,11.1111,0.0,,
1.9,stanley_40,lka_test,1.5468,21.0333,11.1111,curve_0,LaneKeeping,-0.0532,0.4051,11.1111,0.0,,
1.92,stanley_40,lka_test,1.5803,21.253,11.1111,curve_0,LaneKeeping,-0.0545,0.3407,11.1111,0.0,,
1.94,stanley_40,lka_test,1.614,21.4726,11.1111,curve_0,LaneKeeping,-0.0556,0.2809,11.1111,0.0,,
1.96,stanley_40,lka_test,1.6479,21.6922,11.1111,curve_0,LaneKeeping,-0.0565,0.2253,11.1111,0.0,,
1.98,stanley_40,lka_test,1.682,21.9118,11.1111,curve_0,LaneKeeping,-0.0571,0.1738,11.1111,0.0,,
2.0,stanley_40,lka_test,1.7163,22.1314,11.1111,curve_0,LaneKeeping,-0.0067,1.7631,11.1111,0.0,,
2.02,stanley_40,lka_test,1.7512,22.3509,11.1111,curve_0,LaneKeeping,-0.0129,1.614,11.1111,0.0,,
2.04,stanley_40,lka_test,1.7866,22.5702,11.1111,curve_0,LaneKeeping,-0.0187,1.4736,11.1111,0.0,,
2.06,stanley_40,lka_test,1.8225,22.7895,11.1111,curve_0,LaneKeeping,-0.0239,1.3414,11.1111,0.0,,
2.08,stanley_40,lka_test,1.8588,23.0088,11.1111,curve_0,LaneKeeping,-0.0286,1.217,11.1111,0.0,,
2.1,stanley_40,lka_test,1.8957,23.2279,11.1111,curve_0,LaneKeeping,-0.0328,1.1001,11.1111,0.0,,
2.12,stanley_40,lka_test,1.9329,23.447,11.1111,curve_0,LaneKeeping,-0.0367,0.9904,11.1111,0.0,,
2.14,stanley_40,lka_test,1.9706,23.666,11.1111,curve_0,LaneKeeping,-0.0401,0.8874,11.1111,0.0,,
2.16,stanley_40,lka_test,2.0086,23.8849,11.1111,curve_0,LaneKeeping,-0.0432,0.7909,11.1111,0.0,,
2.18,stanley_40,lka_test,2.047,24.1038,11.1111,curve_0,LaneKeeping,-0.0459,0.7006,11.1111,0.0,,
2.2,stanley_40,lka_test,2.0856,24.3227,11.1111,curve_0,LaneKeeping,-0.0483,0.6161,11.1111,0.0,,
2.22,stanley_40,lka_test,2.1246,24.5414,11.1111,curve_0,LaneKeeping,-0.0504,0.5372,11.1111,0.0,,
2.24,stanley_40,lka_test,2.1639,24.7602,11.1111,curve_0,LaneKeeping,-0.0522,0.4635,11.1111,0.0,,
2.26,stanley_40,lka_test,2.2034,24.9788,11.1111,curve_0,LaneKeeping,-0.0537,0.3949,11.1111,0.0,,
2.28,stanley_40,lka_test,2.2432,25.1975,11.1111,curve_0,LaneKeeping,-0.055,0.331,11.1111,0.0,,
2.3,stanley_40,lka_test,2.2832,25.4161,11.1111,curve_0,LaneKeeping,-0.0561,0.2716,11.1111,0.0,,
2.32,stanley_40,lka_test,2.3234,25.6346,11.1111,curve_0,LaneKeeping,-0.0569,0.2165,11.1111,0.0,,
2.34,stanley_40,lka_test,2.3638,25.8531,11.1111,curve_0,LaneKeeping,-0.0575,0.1655,11.1111,0.0,,
2.36,stanley_40,lka_test,2.4044,26.0716,11.1111,curve_0,LaneKeeping,-0.007,1.7553,11.1111,0.0,,
2.38,stanley_40,lka_test,2.4455,26.29,11.1111,curve_0,LaneKeeping,-0.0133,1.6067,11.1111,0.0,,
2.4,stanley_40,lka_test,2.4872,26.5083,11.1111,curve_0,LaneKeeping,-0.0189,1.4667,11.1111,0.0,,
2.42,stanley_40,lka_test,2.5294,26.7265,11.1111,curve_0,LaneKeeping,-0.0241,1.3348,11.1111,0.0,,
2.44,stanley_40,lka_test,2.572,26.9446,11.1111,curve_0,LaneKeeping,-0.0288,1.2109,11.1111,0.0,,
2.46,stanley_40,lka_test,2.6151,27.1626,11.1111,curve_0,LaneKeeping,-0.0331,1.0944,11.1111,0.0,,
2.48,stanley_40,lka_test,2.6587,27.3805,11.1111,curve_0,LaneKeeping,-0.0369,0.985,11.1111,0.0,,
2.5,stanley_40,lka_test,2.7026,27.5983,11.1111,curve_0,LaneKeeping,-0.0403,0.8823,11.1111,0.0,,
2.52,stanley_40,lka_test,2.7468,27.8161,11.1111,curve_0,LaneKeeping,-0.0433,0.7862,11.1111,0.0,,
2.54,stanley_40,lka_test,2.7914,28.0338,11.1111,curve_0,LaneKeeping,-0.046,0.6961,11.1111,0.0,,
2.56,stanley_40,lka_test,2.8364,28.2514,11.1111,curve_0,LaneKeeping,-0.0484,0.6119,11.1111,0.0,,
2.58,stanley_40,lka_test,2.8816,28.469,11.1111,curve_0,LaneKeeping,-0.0505,0.5333,11.1111,0.0,,
2.6,stanley_40,lka_test,2.9271,28.6865,11.1111,curve_0,LaneKeeping,-0.0523,0.4599,11.1111,0.0,,
2.62,stanley_40,lka_test,2.9729,28.904,11.1111,curve_0,LaneKeeping,-0.0538,0.3915,11.1111,0.0,,
2.64,stanley_40,lka_test,3.0189,29.1214,11.1111,curve_0,LaneKeeping,-0.0551,0.3279,11.1111,0.0,,
2.66,stanley_40,lka_test,3.0651,29.3387,11.1111,curve_0,LaneKeeping,-0.0561,0.2687,11.1111,0.0,,
2.68,stanley_40,lka_test,3.1116,29.556,11.1111,curve_0,LaneKeeping,-0.0569,0.2138,11.1111,0.0,,
2.7,stanley_40,lka_test,3.1582,29.7733,11.1111,curve_0,LaneKeeping,-0.0576,0.163,11.1111,0.0,,
2.72,stanley_40,lka_test,3.205,29.9905,11.1111,curve_0,LaneKeeping,-0.007,1.753,11.1111,0.0,,
2.74,stanley_40,lka_test,3.2524,30.2077,11.1111,curve_0,LaneKeeping,-0.0132,1.6045,11.1111,0.0,,
2.76,stanley_40,lka_test,3.3003,30.4247,11.1111,curve_0,LaneKeeping,-0.0189,1.4647,11.1111,0.0,,
2.78,stanley_40,lka_test,3.3487,30.6415,11.1111,curve_0,LaneKeeping,-0.0241,1.3331,11.1111,0.0,,
2.8,stanley_40,lka_test,3.3976,30.8583,11.1111,curve_0,LaneKeeping,-0.0288,1.2093,11.1111,0.0,,
2.82,stanley_40,lka_test,3.4469,31.075,11.1111,curve_0,LaneKeeping,-0.033,1.0929,11.1111,0.0,,
2.84,stanley_40,lka_test,3.4967,31.2916,11.1111,curve_0,LaneKeeping,-0.0368,0.9837,11.1111,0.0,,
2.86,stanley_40,lka_test,3.5468,31.5081,11.1111,curve_0,LaneKeeping,-0.0402,0.8812,11.1111,0.0,,
2.88,stanley_40,lka_test,3.5972,31.7245,11.1111,curve_0,LaneKeeping,-0.0433,0.7851,11.1111,0.0,,
2.9,stanley_40,lka_test,3.6481,31.9408,11.1111,curve_0,LaneKeeping,-0.046,0.6952,11.1111,0.0,,
2.92,stanley_40,lka_test,3.6992,32.1571,11.1111,curve_0,LaneKeeping,-0.0484,0.6111,11.1111,0.0,,
2.94,stanley_40,lka_test,3.7506,32.3733,11.1111,curve_0,LaneKeeping,-0.0504,0.5326,11.1111,0.0,,
2.96,stanley_40,lka_test,3.8023,32.5894,11.1111,curve_0,LaneKeeping,-0.0522,0.4593,11.1111,0.0,,
2.98,stanley_40,lka_test,3.8543,32.8055,11.1111,curve_0,LaneKeeping,-0.0537,0.391,11.1111,0.0,,
3.0,stanley_40,lka_test,3.9065,33.0215,11.1111,curve_0,LaneKeeping,-0.055,0.3274,11.1111,0.0,,
3.02,stanley_40,lka_test,3.9589,33.2374,11.1111,curve_0,LaneKeeping,-0.056,0.2684,11.1111,0.0,,
3.04,stanley_40,lka_test,4.0116,33.4533,11.1111,curve_0,LaneKeeping,-0.0569,0.2136,11.1111,0.0,,
3.06,stanley_40,lka_test,4.0644,33.6692,11.1111,curve_0,LaneKeeping,-0.0575,0.1628,11.1111,0.0,,
3.08,stanley_40,lka_test,4.1174,33.885,11.1111,curve_0,LaneKeeping,-0.0069,1.7528,11.1111,0.0,,
3.1,stanley_40,lka_test,4.171,34.1006,11.1111,curve_0,LaneKeeping,-0.0131,1.6045,11.1111,0.0,,
3.12,stanley_40,lka_test,4.2251,34.3162,11.1111,curve_0,LaneKeeping,-0.0188,1.4647,11.1111,0.0,,
3.14,stanley_40,lka_test,4.2796,34.5316,11.1111,curve_0,LaneKeeping,-0.024,1.3332,11.1111,0.0,,
3.16,stanley_40,lka_test,4.3347,34.7469,11.1111,curve_0,LaneKeeping,-0.0287,1.2094,11.1111,0.0,,
3.18,stanley_40,lka_test,4.3902,34.9621,11.1111,curve_0,LaneKeeping,-0.0329,1.0931,11.1111,0.0,,
3.2,stanley_40,lka_test,4.4461,35.1772,11.1111,curve_0,LaneKeeping,-0.0367,0.9839,11.1111,0.0,,
3.22,stanley_40,lka_test,4.5023,35.3921,11.1111,curve_0,LaneKeeping,-0.0401,0.8815,11.1111,0.0,,
3.24,stanley_40,lka_test,4.559,35.607,11.1111,curve_0,LaneKeeping,-0.0432,0.7855,11.1111,0.0,,
3.26,stanley_40,lka_test,4.616,35.8218,11.1111,curve_0,LaneKeeping,-0.0459,0.6956,11.1111,0.0,,
3.28,stanley_40,lka_test,4.6733,36.0365,11.1111,curve_0,LaneKeeping,-0.0482,0.6115,11.1111,0.0,,
3.3,stanley_40,lka_test,4.7308,36.2512,11.1111,curve_0,LaneKeeping,-0.0503,0.533,11.1111,0.0,,
3.32,stanley_40,lka_test,4.7887,36.4657,11.1111,curve_0,LaneKeeping,-0.0521,0.4598,11.1111,0.0,,
3.34,stanley_40,lka_test,4.8468,36.6802,11.1111,curve_0,LaneKeeping,-0.0536,0.3915,11.1111,0.0,,
3.36,stanley_40,lka_test,4.9052,36.8946,11.1111,curve_0,LaneKeeping,-0.0549,0.3279,11.1111,0.0,,
3.38,stanley_40,lka_test,4.9637,37.109,11.1111,curve_0,LaneKeeping,-0.0559,0.2689,11.1111,0.0,,
3.4,stanley_40,lka_test,5.0225,37.3233,11.1111,curve_0,LaneKeeping,-0.0568,0.2141,11.1111,0.0,,
3.42,stanley_40,lka_test,5.0815,37.5375,11.1111,curve_0,LaneKeeping,-0.0574,0.1633,11.1111,0.0,,
3.44,stanley_40,lka_test,5.1406,37.7518,11.1111,curve_0,LaneKeeping,-0.0068,1.7534,11.1111,0.0,,
3.46,stanley_40,lka_test,5.2003,37.9658,11.1111,curve_0,LaneKeeping,-0.013,1.6051,11.1111,0.0,,
3.48,stanley_40,lka_test,5.2606,38.1797,11.1111,curve_0,LaneKeeping,-0.0187,1.4653,11.1111,0.0,,
3.5,stanley_40,lka_test,5.3213,38.3935,11.1111,curve_0,LaneKeeping,-0.0238,1.3338,11.1111,0.0,,
3.52,stanley_40,lka_test,5.3824,38.6071,11.1111,curve_0,LaneKeeping,-0.0285,1.2101,11.1111,0.0,,
3.54,stanley_40,lka_test,5.444,38.8206,11.1111,curve_0,LaneKeeping,-0.0328,1.0938,11.1111,0.0,,
3.56,stanley_40,lka_test,5.5061,39.034,11.1111,curve_0,LaneKeeping,-0.0366,0.9846,11.1111,0.0,,
3.58,stanley_40,lka_test,5.5685,39.2473,11.1111,curve_0,LaneKeeping,-0.04,0.8822,11.1111,0.0,,
3.6,stanley_40,lka_test,5.6312,39.4605,11.1111,curve_0,LaneKeeping,-0.0431,0.7862,11.1111,0.0,,
3.62,stanley_40,lka_test,5.6943,39.6736,11.1111,curve_0,LaneKeeping,-0.0458,0.6963,11.1111,0.0,,
3.64,stanley_40,lka_test,5.7577,39.8866,11.1111,curve_0,LaneKeeping,-0.0481,0.6122,11.1111,0.0,,
3.66,stanley_40,lka_test,5.8214,40.0995,11.1111,curve_0,LaneKeeping,-0.0502,0.5337,11.1111,0.0,,
3.68,stanley_40,lka_test,5.8853,40.3123,11.1111,curve_0,LaneKeeping,-0.052,0.4605,11.1111,0.0,,
3.7,stanley_40,lka_test,5.9496,40.525,11.1111,curve_0,LaneKeeping,-0.0535,0.3922,11.1111,0.0,,
3.72,stanley_40,lka_test,6.014,40.7377,11.1111,curve_0,LaneKeeping,-0.0548,0.3286,11.1111,0.0,,
3.74,stanley_40,lka_test,6.0787,40.9503,11.1111,curve_0,LaneKeeping,-0.0558,0.2696,11.1111,0.0,,
3.76,stanley_40,lka_test,6.1436,41.1628,11.1111,curve_0,LaneKeeping,-0.0567,0.2148,11.1111,0.0,,
3.78,stanley_40,lka_test,6.2086,41.3753,11.1111,curve_0,LaneKeeping,-0.0573,0.164,11.1111,0.0,,
3.8,stanley_40,lka_test,6.2739,41.5877,11.1111,curve_0,LaneKeeping,-0.0067,1.7541,11.1111,0.0,,
3.82,stanley_40,lka_test,6.3396,41.8,11.1111,curve_0,LaneKeeping,-0.0129,1.6058,11.1111,0.0,,
3.84,stanley_40,lka_test,6.406,42.0121,11.1111,curve_0,LaneKeeping,-0.0186,1.466,11.1111,0.0,,
3.86,stanley_40,lka_test,6.4727,42.2241,11.1111,curve_0,LaneKeeping,-0.0237,1.3345,11.1111,0.0,,
3.88,stanley_40,lka_test,6.54,42.4359,11.1111,curve_0,LaneKeeping,-0.0284,1.2108,11.1111,0.0,,
3.9,stanley_40,lka_test,6.6077,42.6475,11.1111,curve_0,LaneKeeping,-0.0327,1.0945,11.1111,0.0,,
3.92,stanley_40,lka_test,6.6758,42.8591,11.1111,curve_0,LaneKeeping,-0.0365,0.9853,11.1111,0.0,,
3.94,stanley_40,lka_test,6.7442,43.0705,11.1111,curve_0,LaneKeeping,-0.0399,0.8829,11.1111,0.0,,
3.96,stanley_40,lka_test,6.813,43.2818,11.1111,curve_0,LaneKeeping,-0.043,0.7869,11.1111,0.0,,
3.98,stanley_40,lka_test,6.8822,43.493,11.1111,curve_0,LaneKeeping,-0.0457,0.697,11.1111,0.0,,
4.0,stanley_40,lka_test,6.9516,43.7041,11.1111,curve_0,LaneKeeping,-0.0481,0.6129,11.1111,0.0,,
4.02,stanley_40,lka_test,7.0214,43.915,11.1111,curve_0,LaneKeeping,-0.0501,0.5344,11.1111,0.0,,
4.04,stanley_40,lka_test,7.0914,44.1259,11.1111,curve_0,LaneKeeping,-0.0519,0.4612,11.1111,0.0,,
4.06,stanley_40,lka_test,7.1616,44.3368,11.1111,curve_0,LaneKeeping,-0.0534,0.3929,11.1111,0.0,,
4.08,stanley_40,lka_test,7.2321,44.5475,11.1111,curve_0,LaneKeeping,-0.0547,0.3293,11.1111,0.0,,
4.1,stanley_40,lka_test,7.3029,44.7582,11.1111,curve_0,LaneKeeping,-0.0558,0.2703,11.1111,0.0,,
4.12,stanley_40,lka_test,7.3738,44.9688,11.1111,curve_0,LaneKeeping,-0.0566,0.2154,11.1111,0.0,,
4.14,stanley_40,lka_test,7.4449,45.1793,11.1111,curve_0,LaneKeeping,-0.0572,0.1646,11.1111,0.0,,
4.16,stanley_40,lka_test,7.5162,45.3898,11.1111,curve_0,LaneKeeping,-0.0065,1.7547,11.1111,0.0,,
4.18,stanley_40,lka_test,7.588,45.6001,11.1111,curve_0,LaneKeeping,-0.0128,1.6064,11.1111,0.0,,
4.2,stanley_40,lka_test,7.6603,45.8102,11.1111,curve_0,LaneKeeping,-0.0185,1.4667,11.1111,0.0,,
4.22,stanley_40,lka_test,7.7331,46.0202,11.1111,curve_0,LaneKeeping,-0.0236,1.3351,11.1111,0.0,,
4.24,stanley_40,lka_test,7.8064,46.23,11.1111,curve_0,LaneKeeping,-0.0283,1.2114,11.1111,0.0,,
4.26,stanley_40,lka_test,7.8801,46.4396,11.1111,curve_0,LaneKeeping,-0.0326,1.0951,11.1111,0.0,,
4.28,stanley_40,lka_test,7.9542,46.6491,11.1111,curve_0,LaneKeeping,-0.0364,0.9859,11.1111,0.0,,
4.3,stanley_40,lka_test,8.0287,46.8585,11.1111,curve_0,LaneKeeping,-0.0398,0.8835,11.1111,0.0,,
4.32,stanley_40,lka_test,8.1035,47.0677,11.1111,curve_0,LaneKeeping,-0.0429,0.7875,11.1111,0.0,,
4.34,stanley_40,lka_test,8.1786,47.2769,11.1111,curve_0,LaneKeeping,-0.0456,0.6976,11.1111,0.0,,
4.36,stanley_40,lka_test,8.2541,47.4859,11.1111,curve_0,LaneKeeping,-0.048,0.6136,11.1111,0.0,,
4.38,stanley_40,lka_test,8.3298,47.6948,11.1111,curve_0,LaneKeeping,-0.0501,0.535,11.1111,0.0,,
4.4,stanley_40,lka_test,8.4058,47.9036,11.1111,curve_0,LaneKeeping,-0.0518,0.4618,11.1111,0.0,,
4.42,stanley_40,lka_test,8.4821,48.1124,11.1111,curve_0,LaneKeeping,-0.0534,0.3935,11.1111,0.0,,
4.44,stanley_40,lka_test,8.5586,48.321,11.1111,curve_0,LaneKeeping,-0.0547,0.3299,11.1111,0.0,,
4.46,stanley_40,lka_test,8.6353,48.5296,11.1111,curve_0,LaneKeeping,-0.0557,0.2708,11.1111,0.0,,
4.48,stanley_40,lka_test,8.7122,48.7381,11.1111,curve_0,LaneKeeping,-0.0565,0.216,11.1111,0.0,,
4.5,stanley_40,lka_test,8.7893,48.9465,11.1111,curve_0,LaneKeeping,-0.0572,0.1652,11.1111,0.0,,
4.52,stanley_40,lka_test,8.8665,49.1548,11.1111,curve_0,LaneKeeping,-0.0065,1.7552,11.1111,0.0,,
4.54,stanley_40,lka_test,8.9443,49.363,11.1111,curve_0,LaneKeeping,-0.0127,1.607,11.1111,0.0,,
4.56,stanley_40,lka_test,9.0226,49.571,11.1111,curve_0,LaneKeeping,-0.0184,1.4672,11.1111,0.0,,
4.58,stanley_40,lka_test,9.1014,49.7788,11.1111,curve_0,LaneKeeping,-0.0236,1.3357,11.1111,0.0,,
4.6,stanley_40,lka_test,9.1807,49.9864,11.1111,curve_0,LaneKeeping,-0.0283,1.212,11.1111,0.0,,
4.62,stanley_40,lka_test,9.2603,50.1938,11.1111,curve_0,LaneKeeping,-0.0325,1.0957,11.1111,0.0,,
4.64,stanley_40,lka_test,9.3403,50.4011,11.1111,curve_0,LaneKeeping,-0.0363,0.9865,11.1111,0.0,,
4.66,stanley_40,lka_test,9.4208,50.6083,11.1111,curve_0,LaneKeeping,-0.0398,0.8841,11.1111,0.0,,
4.68,stanley_40,lka_test,9.5015,50.8153,11.1111,curve_0,LaneKeeping,-0.0428,0.7881,11.1111,0.0,,
4.7,stanley_40,lka_test,9.5826,51.0222,11.1111,curve_0,LaneKeeping,-0.0455,0.6982,11.1111,0.0,,
4.72,stanley_40,lka_test,9.664,51.229,11.1111,curve_0,LaneKeeping,-0.0479,0.6142,11.1111,0.0,,
4.74,stanley_40,lka_test,9.7457,51.4357,11.1111,curve_0,LaneKeeping,-0.05,0.5356,11.1111,0.0,,
4.76,stanley_40,lka_test,9.8276,51.6422,11.1111,curve_0,LaneKeeping,-0.0518,0.4623,11.1111,0.0,,
4.78,stanley_40,lka_test,9.9098,51.8487,11.1111,curve_0,LaneKeeping,-0.0533,0.394,11.1111,0.0,,
4.8,stanley_40,lka_test,9.9922,52.0551,11.1111,curve_0,LaneKeeping,-0.0546,0.3305,11.1111,0.0,,
4.82,stanley_40,lka_test,10.0749,52.2614,11.1111,curve_0,LaneKeeping,-0.0556,0.2714,11.1111,0.0,,
4.84,stanley_40,lka_test,10.1577,52.4676,11.1111,curve_0,LaneKeeping,-0.0565,0.2165,11.1111,0.0,,
4.86,stanley_40,lka_test,10.2407,52.6737,11.1111,curve_0,LaneKeeping,-0.0571,0.1657,11.1111,0.0,,
4.88,stanley_40,lka_test,10.3239,52.8798,11.1111,curve_0,LaneKeeping,-0.0064,1.7558,11.1111,0.0,,
4.9,stanley_40,lka_test,10.4076,53.0856,11.1111,curve_0,LaneKeeping,-0.0126,1.6075,11.1111,0.0,,
4.92,stanley_40,lka_test,10.4918,53.2913,11.1111,curve_0,LaneKeeping,-0.0183,1.4678,11.1111,0.0,,
4.94,stanley_40,lka_test,10.5765,53.4967,11.1111,curve_0,LaneKeeping,-0.0235,1.3363,11.1111,0.0,,
4.96,stanley_40,lka_test,10.6616,53.702,11.1111,curve_0,LaneKeeping,-0.0282,1.2125,11.1111,0.0,,
4.98,stanley_40,lka_test,10.7472,53.9071,11.1111,curve_0,LaneKeeping,-0.0324,1.0963,11.1111,0.0,,
5.0,stanley_40,lka_test,10.8331,54.112,11.1111,curve_0,LaneKeeping,-0.0363,0.9871,11.1111,0.0,,
5.02,stanley_40,lka_test,10.9194,54.3168,11.1111,curve_0,LaneKeeping,-0.0397,0.8846,11.1111,0.0,,
5.04,stanley_40,lka_test,11.006,54.5214,11.1111,curve_0,LaneKeeping,-0.0427,0.7886,11.1111,0.0,,
5.06,stanley_40,lka_test,11.093,54.7259,11.1111,curve_0,LaneKeeping,-0.0455,0.6988,11.1111,0.0,,
5.08,stanley_40,lka_test,11.1803,54.9303,11.1111,curve_0,LaneKeeping,-0.0478,0.6147,11.1111,0.0,,
5.1,stanley_40,lka_test,11.2678,55.1346,11.1111,curve_0,LaneKeeping,-0.0499,0.5362,11.1111,0.0,,
5.12,stanley_40,lka_test,11.3556,55.3387,11.1111,curve_0,LaneKeeping,-0.0517,0.4629,11.1111,0.0,,
5.14,stanley_40,lka_test,11.4437,55.5427,11.1111,curve_0,LaneKeeping,-0.0532,0.3946,11.1111,0.0,,
5.16,stanley_40,lka_test,11.5319,55.7467,11.1111,curve_0,LaneKeeping,-0.0545,0.331,11.1111,0.0,,
5.18,stanley_40,lka_test,11.6204,55.9505,11.1111,curve_0,LaneKeeping,-0.0556,0.2719,11.1111,0.0,,
5.2,stanley_40,lka_test,11.7091,56.1543,11.1111,curve_0,LaneKeeping,-0.0564,0.2171,11.1111,0.0,,
5.22,stanley_40,lka_test,11.798,56.358,11.1111,curve_0,LaneKeeping,-0.0571,0.1662,11.1111,0.0,,
5.24,stanley_40,lka_test,11.887,56.5616,11.1111,curve_0,LaneKeeping,-0.0063,1.7562,11.1111,0.0,,
5.26,stanley_40,lka_test,11.9766,56.765,11.1111,curve_0,LaneKeeping,-0.0125,1.608,11.1111,0.0,,
5.28,stanley_40,lka_test,12.0666,56.9681,11.1111,curve_0,LaneKeeping,-0.0182,1.4683,11.1111,0.0,,
5.3,stanley_40,lka_test,12.1571,57.1711,11.1111,curve_0,LaneKeeping,-0.0234,1.3368,11.1111,0.0,,
5.32,stanley_40,lka_test,12.2481,57.3738,11.1111,curve_0,LaneKeeping,-0.0281,1.2131,11.1111,0.0,,
5.34,stanley_40,lka_test,12.3394,57.5764,11.1111,curve_0,LaneKeeping,-0.0323,1.0968,11.1111,0.0,,
5.36,stanley_40,lka_test,12.4312,57.7788,11.1111,curve_0,LaneKeeping,-0.0362,0.9876,11.1111,0.0,,
5.38,stanley_40,lka_test,12.5233,57.981,11.1111,curve_0,LaneKeeping,-0.0396,0.8852,11.1111,0.0,,
5.4,stanley_40,lka_test,12.6158,58.1831,11.1111,curve_0,LaneKeeping,-0.0427,0.7892,11.1111,0.0,,
5.42,stanley_40,lka_test,12.7085,58.385,11.1111,curve_0,LaneKeeping,-0.0454,0.6993,11.1111,0.0,,
5.44,stanley_40,lka_test,12.8016,58.5868,11.1111,curve_0,LaneKeeping,-0.0478,0.6152,11.1111,0.0,,
5.46,stanley_40,lka_test,12.8949,58.7885,11.1111,curve_0,LaneKeeping,-0.0499,0.5367,11.1111,0.0,,
5.48,stanley_40,lka_test,12.9885,58.99,11.1111,curve_0,LaneKeeping,-0.0516,0.4634,11.1111,0.0,,
5.5,stanley_40,lka_test,13.0824,59.1915,11.1111,curve_0,LaneKeeping,-0.0532,0.3951,11.1111,0.0,,
5.52,stanley_40,lka_test,13.1764,59.3928,11.1111,curve_0,LaneKeeping,-0.0545,0.3315,11.1111,0.0,,
5.54,stanley_40,lka_test,13.2707,59.594,11.1111,curve_0,LaneKeeping,-0.0555,0.2724,11.1111,0.0,,
5.56,stanley_40,lka_test,13.3652,59.7952,11.1111,curve_0,LaneKeeping,-0.0564,0.2175,11.1111,0.0,,
5.58,stanley_40,lka_test,13.4598,59.9963,11.1111,curve_0,LaneKeeping,-0.057,0.1667,11.1111,0.0,,
5.6,stanley_40,lka_test,13.5546,60.1972,11.1111,curve_0,LaneKeeping,-0.0062,1.7567,11.1111,0.0,,
5.62,stanley_40,lka_test,13.65,60.398,11.1111,curve_0,LaneKeeping,-0.0124,1.6085,11.1111,0.0,,
5.64,stanley_40,lka_test,13.7458,60.5985,11.1111,curve_0,LaneKeeping,-0.0181,1.4688,11.1111,0.0,,
5.66,stanley_40,lka_test,13.8421,60.7988,11.1111,curve_0,LaneKeeping,-0.0233,1.3373,11.1111,0.0,,
5.68,stanley_40,lka_test,13.9388,60.9988,11.1111,curve_0,LaneKeeping,-0.028,1.2136,11.1111,0.0,,
5.7,stanley_40,lka_test,14.0359,61.1987,11.1111,curve_0,LaneKeeping,-0.0323,1.0973,11.1111,0.0,,
5.72,stanley_40,lka_test,14.1334,61.3984,11.1111,curve_0,LaneKeeping,-0.0361,0.9881,11.1111,0.0,,
5.74,stanley_40,lka_test,14.2312,61.5979,11.1111,curve_0,LaneKeeping,-0.0395,0.8857,11.1111,0.0,,
5.76,stanley_40,lka_test,14.3294,61.7973,11.1111,curve_0,LaneKeeping,-0.0426,0.7897,11.1111,0.0,,
5.78,stanley_40,lka_test,14.4279,61.9965,11.1111,curve_0,LaneKeeping,-0.0453,0.6998,11.1111,0.0,,
5.8,stanley_40,lka_test,14.5267,62.1955,11.1111,curve_0,LaneKeeping,-0.0477,0.6157,11.1111,0.0,,
5.82,stanley_40,lka_test,14.6258,62.3945,11.1111,curve_0,LaneKeeping,-0.0498,0.5372,11.1111,0.0,,
5.84,stanley_40,lka_test,14.7251,62.5932,11.1111,curve_0,LaneKeeping,-0.0516,0.4639,11.1111,0.0,,
5.86,stanley_40,lka_test,14.8246,62.7919,11.1111,curve_0,LaneKeeping,-0.0531,0.3956,11.1111,0.0,,
5.88,stanley_40,lka_test,14.9244,62.9905,11.1111,curve_0,LaneKeeping,-0.0544,0.332,11.1111,0.0,,
5.9,stanley_40,lka_test,15.0244,63.1889,11.1111,curve_0,LaneKeeping,-0.0555,0.2729,11.1111,0.0,,
5.92,stanley_40,lka_test,15.1246,63.3873,11.1111,curve_0,LaneKeeping,-0.0563,0.218,11.1111,0.0,,
5.94,stanley_40,lka_test,15.2249,63.5856,11.1111,curve_0,LaneKeeping,-0.057,0.1672,11.1111,0.0,,
5.96,stanley_40,lka_test,15.3254,63.7838,11.1111,curve_0,LaneKeeping,-0.0061,1.7572,11.1111,0.0,,
5.98,stanley_40,lka_test,15.4264,63.9817,11.1111,curve_0,LaneKeeping,-0.0123,1.609,11.1111,0.0,,
6.0,stanley_40,lka_test,15.5279,64.1794,11.1111,curve_0,LaneKeeping,-0.018,1.4693,11.1111,0.0,,
6.02,stanley_40,lka_test,15.6299,64.3769,11.1111,curve_0,LaneKeeping,-0.0232,1.3378,11.1111,0.0,,
6.04,stanley_40,lka_test,15.7323,64.5741,11.1111,curve_0,LaneKeeping,-0.0279,1.2141,11.1111,0.0,,
6.06,stanley_40,lka_test,15.8351,64.7711,11.1111,curve_0,LaneKeeping,-0.0322,1.0978,11.1111,0.0,,
6.08,stanley_40,lka_test,15.9382,64.9679,11.1111,curve_0,LaneKeeping,-0.036,0.9886,11.1111,0.0,,
6.1,stanley_40,lka_test,16.0417,65.1646,11.1111,curve_0,LaneKeeping,-0.0395,0.8862,11.1111,0.0,,
6.12,stanley_40,lka_test,16.1456,65.361,11.1111,curve_0,LaneKeeping,-0.0425,0.7902,11.1111,0.0,,
6.14,stanley_40,lka_test,16.2497,65.5574,11.1111,curve_0,LaneKeeping,-0.0452,0.7003,11.1111,0.0,,
6.16,stanley_40,lka_test,16.3542,65.7535,11.1111,curve_0,LaneKeeping,-0.0476,0.6163,11.1111,0.0,,
6.18,stanley_40,lka_test,16.4589,65.9495,11.1111,curve_0,LaneKeeping,-0.0497,0.5377,11.1111,0.0,,
6.2,stanley_40,lka_test,16.5638,66.1454,11.1111,curve_0,LaneKeeping,-0.0515,0.4644,11.1111,0.0,,
6.22,stanley_40,lka_test,16.669,66.3411,11.1111,curve_0,LaneKeeping,-0.0531,0.3961,11.1111,0.0,,
6.24,stanley_40,lka_test,16.7744,66.5368,11.1111,curve_0,LaneKeeping,-0.0543,0.3325,11.1111,0.0,,
6.26,stanley_40,lka_test,16.88,66.7323,11.1111,curve_0,LaneKeeping,-0.0554,0.2734,11.1111,0.0,,
6.28,stanley_40,lka_test,16.9858,66.9277,11.1111,curve_0,LaneKeeping,-0.0563,0.2185,11.1111,0.0,,
6.3,stanley_40,lka_test,17.0918,67.1231,11.1111,curve_0,LaneKeeping,-0.0569,0.1677,11.1111,0.0,,
6.32,stanley_40,lka_test,17.1979,67.3183,11.1111,curve_0,LaneKeeping,-0.006,1.7577,11.1111,0.0,,
6.34,stanley_40,lka_test,17.3045,67.5133,11.1111,curve_0,LaneKeeping,-0.0123,1.6094,11.1111,0.0,,
6.36,stanley_40,lka_test,17.4116,67.708,11.1111,curve_0,LaneKeeping,-0.018,1.4698,11.1111,0.0,,
6.38,stanley_40,lka_test,17.5192,67.9024,11.1111,curve_0,LaneKeeping,-0.0231,1.3383,11.1111,0.0,,
6.4,stanley_40,lka_test,17.6272,68.0967,11.1111,curve_0,LaneKeeping,-0.0279,1.2146,11.1111,0.0,,
6.42,stanley_40,lka_test,17.7355,68.2907,11.1111,curve_0,LaneKeeping,-0.0321,1.0983,11.1111,0.0,,
6.44,stanley_40,lka_test,17.8443,68.4845,11.1111,curve_0,LaneKeeping,-0.036,0.9892,11.1111,0.0,,
6.46,stanley_40,lka_test,17.9534,68.6781,11.1111,curve_0,LaneKeeping,-0.0394,0.8867,11.1111,0.0,,
6.48,stanley_40,lka_test,18.0628,68.8715,11.1111,curve_0,LaneKeeping,-0.0425,0.7907,11.1111,0.0,,
6.5,stanley_40,lka_test,18.1725,69.0647,11.1111,curve_0,LaneKeeping,-0.0452,0.7008,11.1111,0.0,,
6.52,stanley_40,lka_test,18.2825,69.2578,11.1111,curve_0,LaneKeeping,-0.0476,0.6168,11.1111,0.0,,
6.54,stanley_40,lka_test,18.3927,69.4508,11.1111,curve_0,LaneKeeping,-0.0497,0.5382,11.1111,0.0,,
6.56,stanley_40,lka_test,18.5032,69.6436,11.1111,curve_0,LaneKeeping,-0.0515,0.4649,11.1111,0.0,,
6.58,stanley_40,lka_test,18.614,69.8362,11.1111,curve_0,LaneKeeping,-0.053,0.3966,11.1111,0.0,,
6.6,stanley_40,lka_test,18.7249,70.0288,11.1111,curve_0,LaneKeeping,-0.0543,0.333,11.1111,0.0,,
6.62,stanley_40,lka_test,18.8361,70.2212,11.1111,curve_0,LaneKeeping,-0.0553,0.2739,11.1111,0.0,,
6.64,stanley_40,lka_test,18.9474,70.4135,11.1111,curve_0,LaneKeeping,-0.0562,0.219,11.1111,0.0,,
6.66,stanley_40,lka_test,19.0589,70.6058,11.1111,curve_0,LaneKeeping,-0.0569,0.1682,11.1111,0.0,,
6.68,stanley_40,lka_test,19.1706,70.7979,11.1111,curve_0,LaneKeeping,-0.0059,1.7581,11.1111,0.0,,
6.7,stanley_40,lka_test,19.2827,70.9897,11.1111,curve_0,LaneKeeping,-0.0122,1.6099,11.1111,0.0,,
6.72,stanley_40,lka_test,19.3954,71.1813,11.1111,curve_0,LaneKeeping,-0.0179,1.4703,11.1111,0.0,,
6.74,stanley_40,lka_test,19.5084,71.3726,11.1111,curve_0,LaneKeeping,-0.0231,1.3388,11.1111,0.0,,
6.76,stanley_40,lka_test,19.6219,71.5637,11.1111,curve_0,LaneKeeping,-0.0278,1.2151,11.1111,0.0,,
6.78,stanley_40,lka_test,19.7358,71.7545,11.1111,curve_0,LaneKeeping,-0.032,1.0988,11.1111,0.0,,
6.8,stanley_40,lka_test,19.85,71.9451,11.1111,curve_0,LaneKeeping,-0.0359,0.9897,11.1111,0.0,,
6.82,stanley_40,lka_test,19.9646,72.1355,11.1111,curve_0,LaneKeeping,-0.0393,0.8873,11.1111,0.0,,
6.84,stanley_40,lka_test,20.0794,72.3258,11.1111,curve_0,LaneKeeping,-0.0424,0.7913,11.1111,0.0,,
6.86,stanley_40,lka_test,20.1946,72.5158,11.1111,curve_0,LaneKeeping,-0.0451,0.7014,11.1111,0.0,,
6.88,stanley_40,lka_test,20.3101,72.7057,11.1111,curve_0,LaneKeeping,-0.0475,0.6173,11.1111,0.0,,
6.9,stanley_40,lka_test,20.4258,72.8954,11.1111,curve_0,LaneKeeping,-0.0496,0.5387,11.1111,0.0,,
6.92,stanley_40,lka_test,20.5418,73.0849,11.1111,curve_0,LaneKeeping,-0.0514,0.4654,11.1111,0.0,,
6.94,stanley_40,lka_test,20.658,73.2744,11.1111,curve_0,LaneKeeping,-0.0529,0.3971,11.1111,0.0,,
6.96,stanley_40,lka_test,20.7744,73.4637,11.1111,curve_0,LaneKeeping,-0.0542,0.3335,11.1111,0.0,,
6.98,stanley_40,lka_test,20.891,73.6528,11.1111,curve_0,LaneKeeping,-0.0553,0.2744,11.1111,0.0,,
7.0,stanley_40,lka_test,21.0078,73.8419,11.1111,curve_0,LaneKeeping,-0.0561,0.2195,11.1111,0.0,,
7.02,stanley_40,lka_test,21.1247,74.0309,11.1111,curve_0,LaneKeeping,-0.0568,0.1686,11.1111,0.0,,
7.04,stanley_40,lka_test,21.2418,74.2197,11.1111,curve_0,LaneKeeping,-0.0058,1.7586,11.1111,0.0,,
7.06,stanley_40,lka_test,21.3594,74.4083,11.1111,curve_0,LaneKeeping,-0.0121,1.6104,11.1111,0.0,,
7.08,stanley_40,lka_test,21.4774,74.5966,11.1111,curve_0,LaneKeeping,-0.0178,1.4708,11.1111,0.0,,
7.1,stanley_40,lka_test,21.5959,74.7846,11.1111,curve_0,LaneKeeping,-0.023,1.3393,11.1111,0.0,,
7.12,stanley_40,lka_test,21.7148,74.9723,11.1111,curve_0,LaneKeeping,-0.0277,1.2156,11.1111,0.0,,
7.14,stanley_40,lka_test,21.8341,75.1598,11.1111,curve_0,LaneKeeping,-0.032,1.0994,11.1111,0.0,,
7.16,stanley_40,lka_test,21.9537,75.3471,11.1111,curve_0,LaneKeeping,-0.0358,0.9902,11.1111,0.0,,
7.18,stanley_40,lka_test,22.0737,75.5342,11.1111,curve_0,LaneKeeping,-0.0392,0.8878,11.1111,0.0,,
7.2,stanley_40,lka_test,22.1939,75.721,11.1111,curve_0,LaneKeeping,-0.0423,0.7918,11.1111,0.0,,
7.22,stanley_40,lka_test,22.3145,75.9077,11.1111,curve_0,LaneKeeping,-0.045,0.7019,11.1111,0.0,,
7.24,stanley_40,lka_test,22.4353,76.0942,11.1111,curve_0,LaneKeeping,-0.0474,0.6178,11.1111,0.0,,
7.26,stanley_40,lka_test,22.5564,76.2805,11.1111,curve_0,LaneKeeping,-0.0495,0.5392,11.1111,0.0,,
7.28,stanley_40,lka_test,22.6778,76.4667,11.1111,curve_0,LaneKeeping,-0.0513,0.4659,11.1111,0.0,,
7.3,stanley_40,lka_test,22.7993,76.6527,11.1111,curve_0,LaneKeeping,-0.0529,0.3976,11.1111,0.0,,
7.32,stanley_40,lka_test,22.9211,76.8386,11.1111,curve_0,LaneKeeping,-0.0542,0.334,11.1111,0.0,,
7.34,stanley_40,lka_test,23.043,77.0244,11.1111,curve_0,LaneKeeping,-0.0552,0.2749,11.1111,0.0,,
7.36,stanley_40,lka_test,23.1652,77.21,11.1111,curve_0,LaneKeeping,-0.0561,0.22,11.1111,0.0,,
7.38,stanley_40,lka_test,23.2875,77.3956,11.1111,curve_0,LaneKeeping,-0.0567,0.1691,11.1111,0.0,,
7.4,stanley_40,lka_test,23.4099,77.581,11.1111,curve_0,LaneKeeping,-0.0058,1.7591,11.1111,0.0,,
7.42,stanley_40,lka_test,23.5328,77.7661,11.1111,curve_0,LaneKeeping,-0.012,1.6109,11.1111,0.0,,
7.44,stanley_40,lka_test,23.6562,77.951,11.1111,curve_0,LaneKeeping,-0.0177,1.4713,11.1111,0.0,,
7.46,stanley_40,lka_test,23.78,78.1355,11.1111,curve_0,LaneKeeping,-0.0229,1.3398,11.1111,0.0,,
7.48,stanley_40,lka_test,23.9042,78.3198,11.1111,curve_0,LaneKeeping,-0.0276,1.2161,11.1111,0.0,,
7.5,stanley_40,lka_test,24.0288,78.5038,11.1111,curve_0,LaneKeeping,-0.0319,1.0999,11.1111,0.0,,
7.52,stanley_40,lka_test,24.1537,78.6876,11.1111,curve_0,LaneKeeping,-0.0357,0.9907,11.1111,0.0,,
7.54,stanley_40,lka_test,24.279,78.8712,11.1111,curve_0,LaneKeeping,-0.0392,0.8883,11.1111,0.0,,
7.56,stanley_40,lka_test,24.4045,79.0545,11.1111,curve_0,LaneKeeping,-0.0422,0.7923,11.1111,0.0,,
7.58,stanley_40,lka_test,24.5304,79.2377,11.1111,curve_0,LaneKeeping,-0.045,0.7024,11.1111,0.0,,
7.6,stanley_40,lka_test,24.6565,79.4206,11.1111,curve_0,LaneKeeping,-0.0474,0.6183,11.1111,0.0,,
7.62,stanley_40,lka_test,24.7829,79.6034,11.1111,curve_0,LaneKeeping,-0.0495,0.5398,11.1111,0.0,,
7.64,stanley_40,lka_test,24.9095,79.7861,11.1111,curve_0,LaneKeeping,-0.0513,0.4664,11.1111,0.0,,
7.66,stanley_40,lka_test,25.0363,79.9685,11.1111,curve_0,LaneKeeping,-0.0528,0.3981,11.1111,0.0,,
7.68,stanley_40,lka_test,25.1633,80.1509,11.1111,curve_0,LaneKeeping,-0.0541,0.3345,11.1111,0.0,,
7.7,stanley_40,lka_test,25.2905,80.3331,11.1111,curve_0,LaneKeeping,-0.0552,0.2754,11.1111,0.0,,
7.72,stanley_40,lka_test,25.4179,80.5152,11.1111,curve_0,LaneKeeping,-0.056,0.2205,11.1111,0.0,,
7.74,stanley_40,lka_test,25.5454,80.6972,11.1111,curve_0,LaneKeeping,-0.0567,0.1696,11.1111,0.0,,
7.76,stanley_40,lka_test,25.6731,80.879,11.1111,curve_0,LaneKeeping,-0.0057,1.7595,11.1111,0.0,,
7.78,stanley_40,lka_test,25.8013,81.0606,11.1111,curve_0,LaneKeeping,-0.0119,1.6114,11.1111,0.0,,
7.8,stanley_40,lka_test,25.9299,81.2418,11.1111,curve_0,LaneKeeping,-0.0176,1.4717,11.1111,0.0,,
7.82,stanley_40,lka_test,26.0589,81.4227,11.1111,curve_0,LaneKeeping,-0.0228,1.3403,11.1111,0.0,,
7.84,stanley_40,lka_test,26.1883,81.6034,11.1111,curve_0,LaneKeeping,-0.0275,1.2166,11.1111,0.0,,
7.86,stanley_40,lka_test,26.3181,81.7838,11.1111,curve_0,LaneKeeping,-0.0318,1.1004,11.1111,0.0,,
7.88,stanley_40,lka_test,26.4482,81.9639,11.1111,curve_0,LaneKeeping,-0.0356,0.9912,11.1111,0.0,,
7.9,stanley_40,lka_test,26.5787,82.1438,11.1111,curve_0,LaneKeeping,-0.0391,0.8888,11.1111,0.0,,
7.92,stanley_40,lka_test,26.7094,82.3235,11.1111,curve_0,LaneKeeping,-0.0422,0.7928,11.1111,0.0,,
7.94,stanley_40,lka_test,26.8405,82.503,11.1111,curve_0,LaneKeeping,-0.0449,0.7029,11.1111,0.0,,
7.96,stanley_40,lka_test,26.9718,82.6823,11.1111,curve_0,LaneKeeping,-0.0473,0.6188,11.1111,0.0,,
7.98,stanley_40,lka_test,27.1033,82.8614,11.1111,curve_0,LaneKeeping,-0.0494,0.5403,11.1111,0.0,,
8.0,stanley_40,lka_test,27.2351,83.0403,11.1111,curve_0,LaneKeeping,-0.0512,0.4669,11.1111,0.0,,
8.02,stanley_40,lka_test,27.367,83.2191,11.1111,curve_0,LaneKeeping,-0.0527,0.3986,11.1111,0.0,,
8.04,stanley_40,lka_test,27.4992,83.3978,11.1111,curve_0,LaneKeeping,-0.054,0.335,11.1111,0.0,,
8.06,stanley_40,lka_test,27.6316,83.5763,11.1111,curve_0,LaneKeeping,-0.0551,0.2758,11.1111,0.0,,
8.08,stanley_40,lka_test,27.7641,83.7546,11.1111,curve_0,LaneKeeping,-0.056,0.2209,11.1111,0.0,,
8.1,stanley_40,lka_test,27.8968,83.9329,11.1111,curve_0,LaneKeeping,-0.0566,0.1701,11.1111,0.0,,
8.12,stanley_40,lka_test,28.0296,84.111,11.1111,curve_0,LaneKeeping,-0.0056,1.76,11.1111,0.0,,
8.14,stanley_40,lka_test,28.1629,84.2889,11.1111,curve_0,LaneKeeping,-0.0118,1.6118,11.1111,0.0,,
8.16,stanley_40,lka_test,28.2967,84.4663,11.1111,curve_0,LaneKeeping,-0.0175,1.4722,11.1111,0.0,,
8.18,stanley_40,lka_test,28.4308,84.6435,11.1111,curve_0,LaneKeeping,-0.0227,1.3408,11.1111,0.0,,
8.2,stanley_40,lka_test,28.5653,84.8204,11.1111,curve_0,LaneKeeping,-0.0275,1.2171,11.1111,0.0,,
8.22,stanley_40,lka_test,28.7002,84.997,11.1111,curve_0,LaneKeeping,-0.0317,1.1009,11.1111,0.0,,
8.24,stanley_40,lka_test,28.8354,85.1733,11.1111,curve_0,LaneKeeping,-0.0356,0.9917,11.1111,0.0,,
8.26,stanley_40,lka_test,28.9709,85.3495,11.1111,curve_0,LaneKeeping,-0.039,0.8893,11.1111,0.0,,
8.28,stanley_40,lka_test,29.1068,85.5253,11.1111,curve_0,LaneKeeping,-0.0421,0.7933,11.1111,0.0,,
8.3,stanley_40,lka_test,29.2429,85.701,11.1111,curve_0,LaneKeeping,-0.0448,0.7034,11.1111,0.0,,
8.32,stanley_40,lka_test,29.3792,85.8765,11.1111,curve_0,LaneKeeping,-0.0472,0.6193,11.1111,0.0,,
8.34,stanley_40,lka_test,29.5158,86.0518,11.1111,curve_0,LaneKeeping,-0.0493,0.5408,11.1111,0.0,,
8.36,stanley_40,lka_test,29.6526,86.2269,11.1111,curve_0,LaneKeeping,-0.0511,0.4674,11.1111,0.0,,
8.38,stanley_40,lka_test,29.7897,86.4018,11.1111,curve_0,LaneKeeping,-0.0527,0.3991,11.1111,0.0,,
8.4,stanley_40,lka_test,29.9269,86.5766,11.1111,curve_0,LaneKeeping,-0.054,0.3355,11.1111,0.0,,
8.42,stanley_40,lka_test,30.0643,86.7513,11.1111,curve_0,LaneKeeping,-0.0551,0.2763,11.1111,0.0,,
8.44,stanley_40,lka_test,30.2019,86.9258,11.1111,curve_0,LaneKeeping,-0.0559,0.2214,11.1111,0.0,,
8.46,stanley_40,lka_test,30.3396,87.1002,11.1111,curve_0,LaneKeeping,-0.0566,0.1705,11.1111,0.0,,
8.48,stanley_40,lka_test,30.4775,87.2745,11.1111,curve_0,LaneKeeping,-0.0055,1.7605,11.1111,0.0,,
8.5,stanley_40,lka_test,30.6158,87.4484,11.1111,curve_0,LaneKeeping,-0.0117,1.6123,11.1111,0.0,,
8.52,stanley_40,lka_test,30.7545,87.622,11.1111,curve_0,LaneKeeping,-0.0175,1.4727,11.1111,0.0,,
8.54,stanley_40,lka_test,30.8937,87.7952,11.1111,curve_0,LaneKeeping,-0.0227,1.3413,11.1111,0.0,,
8.56,stanley_40,lka_test,31.0332,87.9682,11.1111,curve_0,LaneKeeping,-0.0274,1.2176,11.1111,0.0,,
8.58,stanley_40,lka_test,31.173,88.1409,11.1111,curve_0,LaneKeeping,-0.0317,1.1014,11.1111,0.0,,
8.6,stanley_40,lka_test,31.3132,88.3133,11.1111,curve_0,LaneKeeping,-0.0355,0.9922,11.1111,0.0,,
8.62,stanley_40,lka_test,31.4537,88.4855,11.1111,curve_0,LaneKeeping,-0.0389,0.8898,11.1111,0.0,,
8.64,stanley_40,lka_test,31.5945,88.6574,11.1111,curve_0,LaneKeeping,-0.042,0.7938,11.1111,0.0,,
8.66,stanley_40,lka_test,31.7356,88.8291,11.1111,curve_0,LaneKeeping,-0.0448,0.7039,11.1111,0.0,,
8.68,stanley_40,lka_test,31.8769,89.0006,11.1111,curve_0,LaneKeeping,-0.0472,0.6199,11.1111,0.0,,
8.7,stanley_40,lka_test,32.0185,89.1719,11.1111,curve_0,LaneKeeping,-0.0493,0.5413,11.1111,0.0,,
8.72,stanley_40,lka_test,32.1602,89.3431,11.1111,curve_0,LaneKeeping,-0.0511,0.468,11.1111,0.0,,
8.74,stanley_40,lka_test,32.3022,89.514,11.1111,curve_0,LaneKeeping,-0.0526,0.3996,11.1111,0.0,,
8.76,stanley_40,lka_test,32.4444,89.6848,11.1111,curve_0,LaneKeeping,-0.0539,0.336,11.1111,0.0,,
8.78,stanley_40,lka_test,32.5867,89.8555,11.1111,curve_0,LaneKeeping,-0.055,0.2768,11.1111,0.0,,
8.8,stanley_40,lka_test,32.7292,90.026,11.1111,curve_0,LaneKeeping,-0.0559,0.2219,11.1111,0.0,,
8.82,stanley_40,lka_test,32.8718,90.1964,11.1111,curve_0,LaneKeeping,-0.0565,0.171,11.1111,0.0,,
8.84,stanley_40,lka_test,33.0146,90.3667,11.1111,curve_0,LaneKeeping,-0.0054,1.7609,11.1111,0.0,,
8.86,stanley_40,lka_test,33.1579,90.5366,11.1111,curve_0,LaneKeeping,-0.0117,1.6128,11.1111,0.0,,
8.88,stanley_40,lka_test,33.3015,90.7061,11.1111,curve_0,LaneKeeping,-0.0174,1.4732,11.1111,0.0,,
8.9,stanley_40,lka_test,33.4455,90.8753,11.1111,curve_0,LaneKeeping,-0.0226,1.3418,11.1111,0.0,,
8.92,stanley_40,lka_test,33.5899,91.0443,11.1111,curve_0,LaneKeeping,-0.0273,1.2181,11.1111,0.0,,
8.94,stanley_40,lka_test,33.7347,91.2129,11.1111,curve_0,LaneKeeping,-0.0316,1.1019,11.1111,0.0,,
8.96,stanley_40,lka_test,33.8797,91.3812,11.1111,curve_0,LaneKeeping,-0.0354,0.9928,11.1111,0.0,,
8.98,stanley_40,lka_test,34.0251,91.5493,11.1111,curve_0,LaneKeeping,-0.0389,0.8903,11.1111,0.0,,
9.0,stanley_40,lka_test,34.1707,91.7171,11.1111,curve_0,LaneKeeping,-0.042,0.7943,11.1111,0.0,,
9.02,stanley_40,lka_test,34.3167,91.8848,11.1111,curve_0,LaneKeeping,-0.0447,0.7045,11.1111,0.0,,
9.04,stanley_40,lka_test,34.4628,92.0522,11.1111,curve_0,LaneKeeping,-0.0471,0.6204,11.1111,0.0,,
9.06,stanley_40,lka_test,34.6092,92.2194,11.1111,curve_0,LaneKeeping,-0.0492,0.5418,11.1111,0.0,,
9.08,stanley_40,lka_test,34.7558,92.3864,11.1111,curve_0,LaneKeeping,-0.051,0.4685,11.1111,0.0,,
9.1,stanley_40,lka_test,34.9026,92.5532,11.1111,curve_0,LaneKeeping,-0.0526,0.4001,11.1111,0.0,,
9.12,stanley_40,lka_test,35.0496,92.7199,11.1111,curve_0,LaneKeeping,-0.0539,0.3365,11.1111,0.0,,
9.14,stanley_40,lka_test,35.1967,92.8864,11.1111,curve_0,LaneKeeping,-0.0549,0.2773,11.1111,0.0,,
9.16,stanley_40,lka_test,35.344,93.0528,11.1111,curve_0,LaneKeeping,-0.0558,0.2224,11.1111,0.0,,
9.18,stanley_40,lka_test,35.4915,93.219,11.1111,curve_0,LaneKeeping,-0.0565,0.1715,11.1111,0.0,,
9.2,stanley_40,lka_test,35.6391,93.3851,11.1111,curve_0,LaneKeeping,-0.0053,1.7614,11.1111,0.0,,
9.22,stanley_40,lka_test,35.7871,93.5509,11.1111,curve_0,LaneKeeping,-0.0116,1.6133,11.1111,0.0,,
9.24,stanley_40,lka_test,35.9355,93.7163,11.1111,curve_0,LaneKeeping,-0.0173,1.4737,11.1111,0.0,,
9.26,stanley_40,lka_test,36.0843,93.8813,11.1111,curve_0,LaneKeeping,-0.0225,1.3423,11.1111,0.0,,
9.28,stanley_40,lka_test,36.2335,94.046,11.1111,curve_0,LaneKeeping,-0.0272,1.2186,11.1111,0.0,,
9.3,stanley_40,lka_test,36.383,94.2105,11.1111,curve_0,LaneKeeping,-0.0315,1.1024,11.1111,0.0,,
9.32,stanley_40,lka_test,36.5328,94.3746,11.1111,curve_0,LaneKeeping,-0.0353,0.9933,11.1111,0.0,,
9.34,stanley_40,lka_test,36.6829,94.5385,11.1111,curve_0,LaneKeeping,-0.0388,0.8909,11.1111,0.0,,
9.36,stanley_40,lka_test,36.8333,94.7021,11.1111,curve_0,LaneKeeping,-0.0419,0.7949,11.1111,0.0,,
9.38,stanley_40,lka_test,36.9839,94.8654,11.1111,curve_0,LaneKeeping,-0.0446,0.705,11.1111,0.0,,
9.4,stanley_40,lka_test,37.1348,95.0286,11.1111,curve_0,LaneKeeping,-0.047,0.6209,11.1111,0.0,,
9.42,stanley_40,lka_test,37.2859,95.1915,11.1111,curve_0,LaneKeeping,-0.0491,0.5423,11.1111,0.0,,
9.44,stanley_40,lka_test,37.4372,95.3543,11.1111,curve_0,LaneKeeping,-0.051,0.469,11.1111,0.0,,
9.46,stanley_40,lka_test,37.5887,95.5169,11.1111,curve_0,LaneKeeping,-0.0525,0.4006,11.1111,0.0,,
9.48,stanley_40,lka_test,37.7404,95.6793,11.1111,curve_0,LaneKeeping,-0.0538,0.337,11.1111,0.0,,
9.5,stanley_40,lka_test,37.8922,95.8415,11.1111,curve_0,LaneKeeping,-0.0549,0.2778,11.1111,0.0,,
9.52,stanley_40,lka_test,38.0442,96.0036,11.1111,curve_0,LaneKeeping,-0.0558,0.2229,11.1111,0.0,,
9.54,stanley_40,lka_test,38.1964,96.1656,11.1111,curve_0,LaneKeeping,-0.0564,0.172,11.1111,0.0,,
9.56,stanley_40,lka_test,38.3487,96.3275,11.1111,curve_0,LaneKeeping,-0.0052,1.7619,11.1111,0.0,,
9.58,stanley_40,lka_test,38.5014,96.4889,11.1111,curve_0,LaneKeeping,-0.0115,1.6138,11.1111,0.0,,
9.6,stanley_40,lka_test,38.6545,96.65,11.1111,curve_0,LaneKeeping,-0.0172,1.4742,11.1111,0.0,,
9.62,stanley_40,lka_test,38.8079,96.8107,11.1111,curve_0,LaneKeeping,-0.0224,1.3428,11.1111,0.0,,
9.64,stanley_40,lka_test,38.9617,96.9711,11.1111,curve_0,LaneKeeping,-0.0271,1.2191,11.1111,0.0,,
9.66,stanley_40,lka_test,39.1159,97.1312,11.1111,curve_0,LaneKeeping,-0.0314,1.1029,11.1111,0.0,,
9.68,stanley_40,lka_test,39.2703,97.291,11.1111,curve_0,LaneKeeping,-0.0353,0.9938,11.1111,0.0,,
9.7,stanley_40,lka_test,39.425,97.4505,11.1111,curve_0,LaneKeeping,-0.0387,0.8914,11.1111,0.0,,
9.72,stanley_40,lka_test,39.58,97.6097,11.1111,curve_0,LaneKeeping,-0.0418,0.7954,11.1111,0.0,,
9.74,stanley_40,lka_test,39.7352,97.7687,11.1111,curve_0,LaneKeeping,-0.0446,0.7055,11.1111,0.0,,
9.76,stanley_40,lka_test,39.8907,97.9275,11.1111,curve_0,LaneKeeping,-0.047,0.6214,11.1111,0.0,,
9.78,stanley_40,lka_test,40.0464,98.0861,11.1111,curve_0,LaneKeeping,-0.0491,0.5428,11.1111,0.0,,
9.8,stanley_40,lka_test,40.2023,98.2445,11.1111,curve_0,LaneKeeping,-0.0509,0.4695,11.1111,0.0,,
9.82,stanley_40,lka_test,40.3584,98.4026,11.1111,curve_0,LaneKeeping,-0.0524,0.4011,11.1111,0.0,,
9.84,stanley_40,lka_test,40.5146,98.5606,11.1111,curve_0,LaneKeeping,-0.0538,0.3375,11.1111,0.0,,
9.86,stanley_40,lka_test,40.671,98.7185,11.1111,curve_0,LaneKeeping,-0.0548,0.2783,11.1111,0.0,,
9.88,stanley_40,lka_test,40.8276,98.8762,11.1111,curve_0,LaneKeeping,-0.0557,0.2234,11.1111,0.0,,
9.9,stanley_40,lka_test,40.9843,99.0337,11.1111,curve_0,LaneKeeping,-0.0564,0.1724,11.1111,0.0,,
9.92,stanley_40,lka_test,41.1412,99.1912,11.1111,curve_0,LaneKeeping,-0.0051,1.7623,11.1111,0.0,,
9.94,stanley_40,lka_test,41.2984,99.3482,11.1111,curve_0,LaneKeeping,-0.0114,1.6142,11.1111,0.0,,
9.96,stanley_40,lka_test,41.456,99.5048,11.1111,curve_0,LaneKeeping,-0.0171,1.4747,11.1111,0.0,,
9.98,stanley_40,lka_test,41.614,99.6611,11.1111,curve_0,LaneKeeping,-0.0223,1.3433,11.1111,0.0,,
10.0,stanley_40,lka_test,41.7724,99.817,11.1111,curve_0,LaneKeeping,-0.0271,1.2196,11.1111,0.0,,
10.02,stanley_40,lka_test,41.931,99.9727,11.1111,curve_0,LaneKeeping,-0.0313,1.1034,11.1111,0.0,,
10.04,stanley_40,lka_test,42.0899,100.128,11.1111,curve_0,LaneKeeping,-0.0352,0.9943,11.1111,0.0,,
10.06,stanley_40,lka_test,42.2491,100.283,11.1111,curve_0,LaneKeeping,-0.0387,0.8919,11.1111,0.0,,
10.08,stanley_40,lka_test,42.4086,100.4378,11.1111,curve_0,LaneKeeping,-0.0417,0.7959,11.1111,0.0,,
10.1,stanley_40,lka_test,42.5683,100.5923,11.1111,curve_0,LaneKeeping,-0.0445,0.706,11.1111,0.0,,
10.12,stanley_40,lka_test,42.7283,100.7465,11.1111,curve_0,LaneKeeping,-0.0469,0.6219,11.1111,0.0,,
10.14,stanley_40,lka_test,42.8884,100.9006,11.1111,curve_0,LaneKeeping,-0.049,0.5433,11.1111,0.0,,
10.16,stanley_40,lka_test,43.0488,101.0545,11.1111,curve_0,LaneKeeping,-0.0508,0.47,11.1111,0.0,,
10.18,stanley_40,lka_test,43.2093,101.2081,11.1111,curve_0,LaneKeeping,-0.0524,0.4016,11.1111,0.0,,
10.2,stanley_40,lka_test,43.37,101.3616,11.1111,curve_0,LaneKeeping,-0.0537,0.3379,11.1111,0.0,,
10.22,stanley_40,lka_test,43.5309,101.5149,11.1111,curve_0,LaneKeeping,-0.0548,0.2788,11.1111,0.0,,
10.24,stanley_40,lka_test,43.6919,101.6681,11.1111,curve_0,LaneKeeping,-0.0556,0.2238,11.1111,0.0,,
10.26,stanley_40,lka_test,43.853,101.8211,11.1111,curve_0,LaneKeeping,-0.0563,0.1729,11.1111,0.0,,
10.28,stanley_40,lka_test,44.0143,101.974,11.1111,curve_0,LaneKeeping,-0.0051,1.7628,11.1111,0.0,,
10.3,stanley_40,lka_test,44.176,102.1264,11.1111,curve_0,LaneKeeping,-0.0113,1.6147,11.1111,0.0,,
10.32,stanley_40,lka_test,44.338,102.2785,11.1111,curve_0,LaneKeeping,-0.017,1.4752,11.1111,0.0,,
10.34,stanley_40,lka_test,44.5004,102.4302,11.1111,curve_0,LaneKeeping,-0.0223,1.3438,11.1111,0.0,,
10.36,stanley_40,lka_test,44.6631,102.5816,11.1111,curve_0,LaneKeeping,-0.027,1.2201,11.1111,0.0,,
10.38,stanley_40,lka_test,44.8261,102.7326,11.1111,curve_0,LaneKeeping,-0.0313,1.1039,11.1111,0.0,,
10.4,stanley_40,lka_test,44.9895,102.8833,11.1111,curve_0,LaneKeeping,-0.0351,0.9948,11.1111,0.0,,
10.42,stanley_40,lka_test,45.153,103.0337,11.1111,curve_0,LaneKeeping,-0.0386,0.8924,11.1111,0.0,,
10.44,stanley_40,lka_test,45.3169,103.1839,11.1111,curve_0,LaneKeeping,-0.0417,0.7964,11.1111,0.0,,
10.46,stanley_40,lka_test,45.4809,103.3337,11.1111,curve_0,LaneKeeping,-0.0444,0.7065,11.1111,0.0,,
10.48,stanley_40,lka_test,45.6452,103.4834,11.1111,curve_0,LaneKeeping,-0.0468,0.6224,11.1111,0.0,,
10.5,stanley_40,lka_test,45.8097,103.6328,11.1111,curve_0,LaneKeeping,-0.0489,0.5438,11.1111,0.0,,
10.52,stanley_40,lka_test,45.9744,103.782,11.1111,curve_0,LaneKeeping,-0.0508,0.4705,11.1111,0.0,,
10.54,stanley_40,lka_test,46.1392,103.931,11.1111,curve_0,LaneKeeping,-0.0523,0.4021,11.1111,0.0,,
10.56,stanley_40,lka_test,46.3043,104.0799,11.1111,curve_0,LaneKeeping,-0.0536,0.3384,11.1111,0.0,,
10.58,stanley_40,lka_test,46.4694,104.2285,11.1111,curve_0,LaneKeeping,-0.0547,0.2793,11.1111,0.0,,
10.6,stanley_40,lka_test,46.6348,104.377,11.1111,curve_0,LaneKeeping,-0.0556,0.2243,11.1111,0.0,,
10.62,stanley_40,lka_test,46.8002,104.5254,11.1111,curve_0,LaneKeeping,-0.0563,0.1734,11.1111,0.0,,
10.64,stanley_40,lka_test,46.9658,104.6736,11.1111,curve_0,LaneKeeping,-0.005,1.7633,11.1111,0.0,,
10.66,stanley_40,lka_test,47.1317,104.8214,11.1111,curve_0,LaneKeeping,-0.0112,1.6152,11.1111,0.0,,
10.68,stanley_40,lka_test,47.298,104.9688,11.1111,curve_0,LaneKeeping,-0.017,1.4757,11.1111,0.0,,
10.7,stanley_40,lka_test,47.4647,105.1158,11.1111,curve_0,LaneKeeping,-0.0222,1.3443,11.1111,0.0,,
10.72,stanley_40,lka_test,47.6317,105.2624,11.1111,curve_0,LaneKeeping,-0.0269,1.2206,11.1111,0.0,,
10.74,stanley_40,lka_test,47.7989,105.4087,11.1111,curve_0,LaneKeeping,-0.0312,1.1044,11.1111,0.0,,
10.76,stanley_40,lka_test,47.9665,105.5547,11.1111,curve_0,LaneKeeping,-0.035,0.9953,11.1111,0.0,,
10.78,stanley_40,lka_test,48.1343,105.7004,11.1111,curve_0,LaneKeeping,-0.0385,0.8929,11.1111,0.0,,
10.8,stanley_40,lka_test,48.3023,105.8458,11.1111,curve_0,LaneKeeping,-0.0416,0.7969,11.1111,0.0,,
10.82,stanley_40,lka_test,48.4706,105.9909,11.1111,curve_0,LaneKeeping,-0.0443,0.707,11.1111,0.0,,
10.84,stanley_40,lka_test,48.6391,106.1358,11.1111,curve_0,LaneKeeping,-0.0468,0.6229,11.1111,0.0,,
10.86,stanley_40,lka_test,48.8078,106.2805,11.1111,curve_0,LaneKeeping,-0.0489,0.5443,11.1111,0.0,,
10.88,stanley_40,lka_test,48.9767,106.4249,11.1111,curve_0,LaneKeeping,-0.0507,0.471,11.1111,0.0,,
10.9,stanley_40,lka_test,49.1457,106.5692,11.1111,curve_0,LaneKeeping,-0.0523,0.4026,11.1111,0.0,,
10.92,stanley_40,lka_test,49.3149,106.7132,11.1111,curve_0,LaneKeeping,-0.0536,0.3389,11.1111,0.0,,
10.94,stanley_40,lka_test,49.4843,106.8571,11.1111,curve_0,LaneKeeping,-0.0547,0.2797,11.1111,0.0,,
10.96,stanley_40,lka_test,49.6538,107.0008,11.1111,curve_0,LaneKeeping,-0.0555,0.2248,11.1111,0.0,,
10.98,stanley_40,lka_test,49.8234,107.1444,11.1111,curve_0,LaneKeeping,-0.0562,0.1739,11.1111,0.0,,
11.0,stanley_40,lka_test,49.9931,107.2878,11.1111,curve_0,LaneKeeping,-0.0049,1.7637,11.1111,0.0,,
11.02,stanley_40,lka_test,50.1632,107.4308,11.1111,curve_0,LaneKeeping,-0.0112,1.6157,11.1111,0.0,,
11.04,stanley_40,lka_test,50.3337,107.5734,11.1111,curve_0,LaneKeeping,-0.0169,1.4761,11.1111,0.0,,
11.06,stanley_40,lka_test,50.5045,107.7156,11.1111,curve_0,LaneKeeping,-0.0221,1.3448,11.1111,0.0,,
11.08,stanley_40,lka_test,50.6756,107.8574,11.1111,curve_0,LaneKeeping,-0.0268,1.2211,11.1111,0.0,,
11.1,stanley_40,lka_test,50.8469,107.9988,11.1111,curve_0,LaneKeeping,-0.0311,1.1049,11.1111,0.0,,
11.12,stanley_40,lka_test,51.0186,108.14,11.1111,curve_0,LaneKeeping,-0.035,0.9958,11.1111,0.0,,
11.14,stanley_40,lka_test,51.1905,108.2808,11.1111,curve_0,LaneKeeping,-0.0384,0.8934,11.1111,0.0,,
11.16,stanley_40,lka_test,51.3626,108.4214,11.1111,curve_0,LaneKeeping,-0.0415,0.7974,11.1111,0.0,,
11.18,stanley_40,lka_test,51.535,108.5616,11.1111,curve_0,LaneKeeping,-0.0443,0.7075,11.1111,0.0,,
11.2,stanley_40,lka_test,51.7075,108.7017,11.1111,curve_0,LaneKeeping,-0.0467,0.6234,11.1111,0.0,,
11.22,stanley_40,lka_test,51.8803,108.8414,11.1111,curve_0,LaneKeeping,-0.0488,0.5448,11.1111,0.0,,
11.24,stanley_40,lka_test,52.0532,108.981,11.1111,curve_0,LaneKeeping,-0.0506,0.4715,11.1111,0.0,,
11.26,stanley_40,lka_test,52.2263,109.1204,11.1111,curve_0,LaneKeeping,-0.0522,0.4031,11.1111,0.0,,
11.28,stanley_40,lka_test,52.3996,109.2595,11.1111,curve_0,LaneKeeping,-0.0535,0.3394,11.1111,0.0,,
11.3,stanley_40,lka_test,52.573,109.3985,11.1111,curve_0,LaneKeeping,-0.0546,0.2802,11.1111,0.0,,
11.32,stanley_40,lka_test,52.7465,109.5373,11.1111,curve_0,LaneKeeping,-0.0555,0.2253,11.1111,0.0,,
11.34,stanley_40,lka_test,52.9201,109.676,11.1111,curve_0,LaneKeeping,-0.0562,0.1743,11.1111,0.0,,
11.36,stanley_40,lka_test,53.0939,109.8145,11.1111,curve_0,LaneKeeping,-0.0048,1.7642,11.1111,0.0,,
11.38,stanley_40,lka_test,53.268,109.9526,11.1111,curve_0,LaneKeeping,-0.0111,1.6161,11.1111,0.0,,
11.4,stanley_40,lka_test,53.4425,110.0902,11.1111,curve_0,LaneKeeping,-0.0168,1.4766,11.1111,0.0,,
11.42,stanley_40,lka_test,53.6173,110.2275,11.1111,curve_0,LaneKeeping,-0.022,1.3452,11.1111,0.0,,
11.44,stanley_40,lka_test,53.7923,110.3643,11.1111,curve_0,LaneKeeping,-0.0267,1.2216,11.1111,0.0,,
11.46,stanley_40,lka_test,53.9677,110.5009,11.1111,curve_0,LaneKeeping,-0.031,1.1055,11.1111,0.0,,
11.48,stanley_40,lka_test,54.1433,110.637,11.1111,curve_0,LaneKeeping,-0.0349,0.9963,11.1111,0.0,,
11.5,stanley_40,lka_test,54.3191,110.7729,11.1111,curve_0,LaneKeeping,-0.0384,0.8939,11.1111,0.0,,
11.52,stanley_40,lka_test,54.4952,110.9085,11.1111,curve_0,LaneKeeping,-0.0415,0.7979,11.1111,0.0,,
11.54,stanley_40,lka_test,54.6715,111.0438,11.1111,curve_0,LaneKeeping,-0.0442,0.708,11.1111,0.0,,
11.56,stanley_40,lka_test,54.848,111.1788,11.1111,curve_0,LaneKeeping,-0.0466,0.6239,11.1111,0.0,,
11.58,stanley_40,lka_test,55.0247,111.3136,11.1111,curve_0,LaneKeeping,-0.0487,0.5453,11.1111,0.0,,
11.6,stanley_40,lka_test,55.2015,111.4482,11.1111,curve_0,LaneKeeping,-0.0506,0.472,11.1111,0.0,,
11.62,stanley_40,lka_test,55.3785,111.5825,11.1111,curve_0,LaneKeeping,-0.0521,0.4036,11.1111,0.0,,
11.64,stanley_40,lka_test,55.5557,111.7167,11.1111,curve_0,LaneKeeping,-0.0535,0.3399,11.1111,0.0,,
11.66,stanley_40,lka_test,55.733,111.8507,11.1111,curve_0,LaneKeeping,-0.0545,0.2807,11.1111,0.0,,
11.68,stanley_40,lka_test,55.9104,111.9845,11.1111,curve_0,LaneKeeping,-0.0554,0.2257,11.1111,0.0,,
11.7,stanley_40,lka_test,56.0879,112.1181,11.1111,curve_0,LaneKeeping,-0.0561,0.1748,11.1111,0.0,,
11.72,stanley_40,lka_test,56.2656,112.2516,11.1111,curve_0,LaneKeeping,-0.0047,1.7647,11.1111,0.0,,
11.74,stanley_40,lka_test,56.4436,112.3847,11.1111,curve_0,LaneKeeping,-0.011,1.6166,11.1111,0.0,,
11.76,stanley_40,lka_test,56.6219,112.5173,11.1111,curve_0,LaneKeeping,-0.0167,1.4771,11.1111,0.0,,
11.78,stanley_40,lka_test,56.8005,112.6495,11.1111,curve_0,LaneKeeping,-0.0219,1.3457,11.1111,0.0,,
11.8,stanley_40,lka_test,56.9794,112.7813,11.1111,curve_0,LaneKeeping,-0.0267,1.2221,11.1111,0.0,,
11.82,stanley_40,lka_test,57.1586,112.9127,11.1111,curve_0,LaneKeeping,-0.031,1.106,11.1111,0.0,,
11.84,stanley_40,lka_test,57.338,113.0439,11.1111,curve_0,LaneKeeping,-0.0348,0.9968,11.1111,0.0,,
11.86,stanley_40,lka_test,57.5177,113.1746,11.1111,curve_0,LaneKeeping,-0.0383,0.8944,11.1111,0.0,,
11.88,stanley_40,lka_test,57.6975,113.3051,11.1111,curve_0,LaneKeeping,-0.0414,0.7984,11.1111,0.0,,
11.9,stanley_40,lka_test,57.8776,113.4353,11.1111,curve_0,LaneKeeping,-0.0441,0.7085,11.1111,0.0,,
11.92,stanley_40,lka_test,58.0579,113.5653,11.1111,curve_0,LaneKeeping,-0.0466,0.6244,11.1111,0.0,,
11.94,stanley_40,lka_test,58.2383,113.695,11.1111,curve_0,LaneKeeping,-0.0487,0.5458,11.1111,0.0,,
11.96,stanley_40,lka_test,58.419,113.8244,11.1111,curve_0,LaneKeeping,-0.0505,0.4725,11.1111,0.0,,
11.98,stanley_40,lka_test,58.5997,113.9537,11.1111,curve_0,LaneKeeping,-0.0521,0.4041,11.1111,0.0,,
12.0,stanley_40,lka_test,58.7806,114.0827,11.1111,curve_0,LaneKeeping,-0.0534,0.3404,11.1111,0.0,,
12.02,stanley_40,lka_test,58.9617,114.2116,11.1111,curve_0,LaneKeeping,-0.0545,0.2812,11.1111,0.0,,
12.04,stanley_40,lka_test,59.1429,114.3403,11.1111,curve_0,LaneKeeping,-0.0554,0.2262,11.1111,0.0,,
12.06,stanley_40,lka_test,59.3242,114.4688,11.1111,curve_0,LaneKeeping,-0.056,0.1753,11.1111,0.0,,
12.08,stanley_40,lka_test,59.5055,114.5972,11.1111,curve_0,LaneKeeping,-0.0046,1.7651,11.1111,0.0,,
12.1,stanley_40,lka_test,59.6873,114.7251,11.1111,curve_0,LaneKeeping,-0.0109,1.6171,11.1111,0.0,,
12.12,stanley_40,lka_test,59.8693,114.8525,11.1111,curve_0,LaneKeeping,-0.0166,1.4776,11.1111,0.0,,
12.14,stanley_40,lka_test,60.0516,114.9796,11.1111,curve_0,LaneKeeping,-0.0219,1.3462,11.1111,0.0,,
12.16,stanley_40,lka_test,60.2342,115.1062,11.1111,curve_0,LaneKeeping,-0.0266,1.2226,11.1111,0.0,,
12.18,stanley_40,lka_test,60.4171,115.2325,11.1111,curve_0,LaneKeeping,-0.0309,1.1065,11.1111,0.0,,
12.2,stanley_40,lka_test,60.6002,115.3584,11.1111,curve_0,LaneKeeping,-0.0348,0.9973,11.1111,0.0,,
12.22,stanley_40,lka_test,60.7835,115.484,11.1111,curve_0,LaneKeeping,-0.0382,0.8949,11.1111,0.0,,
12.24,stanley_40,lka_test,60.967,115.6093,11.1111,curve_0,LaneKeeping,-0.0413,0.7989,11.1111,0.0,,
12.26,stanley_40,lka_test,61.1507,115.7344,11.1111,curve_0,LaneKeeping,-0.0441,0.709,11.1111,0.0,,
12.28,stanley_40,lka_test,61.3347,115.8591,11.1111,curve_0,LaneKeeping,-0.0465,0.6249,11.1111,0.0,,
12.3,stanley_40,lka_test,61.5187,115.9836,11.1111,curve_0,LaneKeeping,-0.0486,0.5463,11.1111,0.0,,
12.32,stanley_40,lka_test,61.703,116.1078,11.1111,curve_0,LaneKeeping,-0.0504,0.473,11.1111,0.0,,
12.34,stanley_40,lka_test,61.8874,116.2319,11.1111,curve_0,LaneKeeping,-0.052,0.4046,11.1111,0.0,,
12.36,stanley_40,lka_test,62.0719,116.3557,11.1111,curve_0,LaneKeeping,-0.0533,0.3409,11.1111,0.0,,
12.38,stanley_40,lka_test,62.2565,116.4793,11.1111,curve_0,LaneKeeping,-0.0544,0.2817,11.1111,0.0,,
12.4,stanley_40,lka_test,62.4413,116.6028,11.1111,curve_0,LaneKeeping,-0.0553,0.2267,11.1111,0.0,,
12.42,stanley_40,lka_test,62.6262,116.7261,11.1111,curve_0,LaneKeeping,-0.056,0.1757,11.1111,0.0,,
12.44,stanley_40,lka_test,62.8112,116.8492,11.1111,curve_0,LaneKeeping,-0.0045,1.7656,11.1111,0.0,,
12.46,stanley_40,lka_test,62.9965,116.9719,11.1111,curve_0,LaneKeeping,-0.0108,1.6176,11.1111,0.0,,
12.48,stanley_40,lka_test,63.1821,117.0941,11.1111,curve_0,LaneKeeping,-0.0165,1.4781,11.1111,0.0,,
12.5,stanley_40,lka_test,63.368,117.2159,11.1111,curve_0,LaneKeeping,-0.0218,1.3467,11.1111,0.0,,
12.52,stanley_40,lka_test,63.5541,117.3373,11.1111,curve_0,LaneKeeping,-0.0265,1.2231,11.1111,0.0,,
12.54,stanley_40,lka_test,63.7405,117.4583,11.1111,curve_0,LaneKeeping,-0.0308,1.107,11.1111,0.0,,
12.56,stanley_40,lka_test,63.9271,117.5789,11.1111,curve_0,LaneKeeping,-0.0347,0.9978,11.1111,0.0,,
12.58,stanley_40,lka_test,64.1139,117.6992,11.1111,curve_0,LaneKeeping,-0.0382,0.8954,11.1111,0.0,,
12.6,stanley_40,lka_test,64.301,117.8192,11.1111,curve_0,LaneKeeping,-0.0413,0.7994,11.1111,0.0,,
12.62,stanley_40,lka_test,64.4882,117.939,11.1111,curve_0,LaneKeeping,-0.044,0.7095,11.1111,0.0,,
12.64,stanley_40,lka_test,64.6756,118.0584,11.1111,curve_0,LaneKeeping,-0.0464,0.6254,11.1111,0.0,,
12.66,stanley_40,lka_test,64.8631,118.1776,11.1111,curve_0,LaneKeeping,-0.0486,0.5468,11.1111,0.0,,
12.68,stanley_40,lka_test,65.0509,118.2965,11.1111,curve_0,LaneKeeping,-0.0504,0.4735,11.1111,0.0,,
12.7,stanley_40,lka_test,65.2387,118.4152,11.1111,curve_0,LaneKeeping,-0.052,0.4051,11.1111,0.0,,
12.72,stanley_40,lka_test,65.4267,118.5337,11.1111,curve_0,LaneKeeping,-0.0533,0.3414,11.1111,0.0,,
12.74,stanley_40,lka_test,65.6148,118.652,11.1111,curve_0,LaneKeeping,-0.0544,0.2822,11.1111,0.0,,
12.76,stanley_40,lka_test,65.803,118.7702,11.1111,curve_0,LaneKeeping,-0.0553,0.2272,11.1111,0.0,,
12.78,stanley_40,lka_test,65.9914,118.8881,11.1111,curve_0,LaneKeeping,-0.0559,0.1762,11.1111,0.0,,
12.8,stanley_40,lka_test,66.1798,119.0059,11.1111,curve_0,LaneKeeping,-0.0045,1.766,11.1111,0.0,,
12.82,stanley_40,lka_test,66.3685,119.1233,11.1111,curve_0,LaneKeeping,-0.0107,1.618,11.1111,0.0,,
12.84,stanley_40,lka_test,66.5575,119.2401,11.1111,curve_0,LaneKeeping,-0.0165,1.4786,11.1111,0.0,,
12.86,stanley_40,lka_test,66.7468,119.3566,11.1111,curve_0,LaneKeeping,-0.0217,1.3472,11.1111,0.0,,
12.88,stanley_40,lka_test,66.9363,119.4726,11.1111,curve_0,LaneKeeping,-0.0264,1.2236,11.1111,0.0,,
12.9,stanley_40,lka_test,67.1261,119.5882,11.1111,curve_0,LaneKeeping,-0.0307,1.1075,11.1111,0.0,,
12.92,stanley_40,lka_test,67.3161,119.7035,11.1111,curve_0,LaneKeeping,-0.0346,0.9983,11.1111,0.0,,
12.94,stanley_40,lka_test,67.5063,119.8184,11.1111,curve_0,LaneKeeping,-0.0381,0.8959,11.1111,0.0,,
12.96,stanley_40,lka_test,67.6967,119.933,11.1111,curve_0,LaneKeeping,-0.0412,0.8,11.1111,0.0,,
12.98,stanley_40,lka_test,67.8872,120.0473,11.1111,curve_0,LaneKeeping,-0.0439,0.7101,11.1111,0.0,,
13.0,stanley_40,lka_test,68.078,120.1614,11.1111,curve_0,LaneKeeping,-0.0464,0.6259,11.1111,0.0,,
13.02,stanley_40,lka_test,68.2689,120.2752,11.1111,curve_0,LaneKeeping,-0.0485,0.5473,11.1111,0.0,,
13.04,stanley_40,lka_test,68.4599,120.3887,11.1111,curve_0,LaneKeeping,-0.0503,0.474,11.1111,0.0,,
13.06,stanley_40,lka_test,68.6511,120.502,11.1111,curve_0,LaneKeeping,-0.0519,0.4056,11.1111,0.0,,
13.08,stanley_40,lka_test,68.8424,120.6151,11.1111,curve_0,LaneKeeping,-0.0532,0.3419,11.1111,0.0,,
13.1,stanley_40,lka_test,69.0338,120.728,11.1111,curve_0,LaneKeeping,-0.0543,0.2826,11.1111,0.0,,
13.12,stanley_40,lka_test,69.2253,120.8407,11.1111,curve_0,LaneKeeping,-0.0552,0.2276,11.1111,0.0,,
13.14,stanley_40,lka_test,69.4169,120.9532,11.1111,curve_0,LaneKeeping,-0.0559,0.1767,11.1111,0.0,,
13.16,stanley_40,lka_test,69.6086,121.0656,11.1111,curve_0,LaneKeeping,-0.0044,1.7665,11.1111,0.0,,
13.18,stanley_40,lka_test,69.8006,121.1775,11.1111,curve_0,LaneKeeping,-0.0107,1.6185,11.1111,0.0,,
13.2,stanley_40,lka_test,69.9929,121.2889,11.1111,curve_0,LaneKeeping,-0.0164,1.479,11.1111,0.0,,
13.22,stanley_40,lka_test,70.1854,121.3999,11.1111,curve_0,LaneKeeping,-0.0216,1.3477,11.1111,0.0,,
13.24,stanley_40,lka_test,70.3782,121.5104,11.1111,curve_0,LaneKeeping,-0.0264,1.2241,11.1111,0.0,,
13.26,stanley_40,lka_test,70.5712,121.6206,11.1111,curve_0,LaneKeeping,-0.0307,1.108,11.1111,0.0,,
13.28,stanley_40,lka_test,70.7644,121.7304,11.1111,curve_0,LaneKeeping,-0.0345,0.9988,11.1111,0.0,,
13.3,stanley_40,lka_test,70.9578,121.8398,11.1111,curve_0,LaneKeeping,-0.038,0.8965,11.1111,0.0,,
13.32,stanley_40,lka_test,71.1514,121.949,11.1111,curve_0,LaneKeeping,-0.0411,0.8005,11.1111,0.0,,
13.34,stanley_40,lka_test,71.3451,122.0578,11.1111,curve_0,LaneKeeping,-0.0439,0.7106,11.1111,0.0,,
13.36,stanley_40,lka_test,71.539,122.1663,11.1111,curve_0,LaneKeeping,-0.0463,0.6264,11.1111,0.0,,
13.38,stanley_40,lka_test,71.7331,122.2746,11.1111,curve_0,LaneKeeping,-0.0484,0.5478,11.1111,0.0,,
13.4,stanley_40,lka_test,71.9273,122.3826,11.1111,curve_0,LaneKeeping,-0.0503,0.4745,11.1111,0.0,,
13.42,stanley_40,lka_test,72.1216,122.4904,11.1111,curve_0,LaneKeeping,-0.0518,0.4061,11.1111,0.0,,
13.44,stanley_40,lka_test,72.3161,122.598,11.1111,curve_0,LaneKeeping,-0.0532,0.3424,11.1111,0.0,,
13.46,stanley_40,lka_test,72.5106,122.7054,11.1111,curve_0,LaneKeeping,-0.0543,0.2831,11.1111,0.0,,
13.48,stanley_40,lka_test,72.7053,122.8126,11.1111,curve_0,LaneKeeping,-0.0551,0.2281,11.1111,0.0,,
13.5,stanley_40,lka_test,72.9,122.9196,11.1111,curve_0,LaneKeeping,-0.0558,0.1771,11.1111,0.0,,
13.52,stanley_40,lka_test,73.0949,123.0265,11.1111,curve_0,LaneKeeping,-0.0043,1.767,11.1111,0.0,,
13.54,stanley_40,lka_test,73.29,123.1328,11.1111,curve_0,LaneKeeping,-0.0106,1.619,11.1111,0.0,,
13.56,stanley_40,lka_test,73.4854,123.2387,11.1111,curve_0,LaneKeeping,-0.0163,1.4795,11.1111,0.0,,
13.58,stanley_40,lka_test,73.681,123.3441,11.1111,curve_0,LaneKeeping,-0.0215,1.3482,11.1111,0.0,,
13.6,stanley_40,lka_test,73.8768,123.4491,11.1111,curve_0,LaneKeeping,-0.0263,1.2246,11.1111,0.0,,
13.62,stanley_40,lka_test,74.0729,123.5538,11.1111,curve_0,LaneKeeping,-0.0306,1.1085,11.1111,0.0,,
13.64,stanley_40,lka_test,74.2691,123.658,11.1111,curve_0,LaneKeeping,-0.0345,0.9994,11.1111,0.0,,
13.66,stanley_40,lka_test,74.4656,123.7619,11.1111,curve_0,LaneKeeping,-0.0379,0.897,11.1111,0.0,,
13.68,stanley_40,lka_test,74.6622,123.8654,11.1111,curve_0,LaneKeeping,-0.041,0.801,11.1111,0.0,,
13.7,stanley_40,lka_test,74.859,123.9687,11.1111,curve_0,LaneKeeping,-0.0438,0.7111,11.1111,0.0,,
13.72,stanley_40,lka_test,75.0559,124.0716,11.1111,curve_0,LaneKeeping,-0.0462,0.6269,11.1111,0.0,,
13.74,stanley_40,lka_test,75.253,124.1743,11.1111,curve_0,LaneKeeping,-0.0484,0.5483,11.1111,0.0,,
13.76,stanley_40,lka_test,75.4502,124.2768,11.1111,curve_0,LaneKeeping,-0.0502,0.475,11.1111,0.0,,
13.78,stanley_40,lka_test,75.6475,124.379,11.1111,curve_0,LaneKeeping,-0.0518,0.4065,11.1111,0.0,,
13.8,stanley_40,lka_test,75.845,124.481,11.1111,curve_0,LaneKeeping,-0.0531,0.3428,11.1111,0.0,,
13.82,stanley_40,lka_test,76.0425,124.5827,11.1111,curve_0,LaneKeeping,-0.0542,0.2836,11.1111,0.0,,
13.84,stanley_40,lka_test,76.2401,124.6843,11.1111,curve_0,LaneKeeping,-0.0551,0.2286,11.1111,0.0,,
13.86,stanley_40,lka_test,76.4379,124.7857,11.1111,curve_0,LaneKeeping,-0.0558,0.1776,11.1111,0.0,,
13.88,stanley_40,lka_test,76.6357,124.887,11.1111,curve_0,LaneKeeping,-0.0042,1.7674,11.1111,0.0,,
13.9,stanley_40,lka_test,76.8338,124.9877,11.1111,curve_0,LaneKeeping,-0.0105,1.6195,11.1111,0.0,,
13.92,stanley_40,lka_test,77.0321,125.088,11.1111,curve_0,LaneKeeping,-0.0162,1.48,11.1111,0.0,,
13.94,stanley_40,lka_test,77.2306,125.1878,11.1111,curve_0,LaneKeeping,-0.0215,1.3487,11.1111,0.0,,
13.96,stanley_40,lka_test,77.4294,125.2872,11.1111,curve_0,LaneKeeping,-0.0262,1.2251,11.1111,0.0,,
13.98,stanley_40,lka_test,77.6284,125.3861,11.1111,curve_0,LaneKeeping,-0.0305,1.109,11.1111,0.0,,
14.0,stanley_40,lka_test,77.8275,125.4847,11.1111,curve_0,LaneKeeping,-0.0344,0.9999,11.1111,0.0,,
14.02,stanley_40,lka_test,78.0269,125.5829,11.1111,curve_0,LaneKeeping,-0.0379,0.8975,11.1111,0.0,,
14.04,stanley_40,lka_test,78.2264,125.6808,11.1111,curve_0,LaneKeeping,-0.041,0.8015,11.1111,0.0,,
14.06,stanley_40,lka_test,78.426,125.7784,11.1111,curve_0,LaneKeeping,-0.0437,0.7116,11.1111,0.0,,
14.08,stanley_40,lka_test,78.6258,125.8757,11.1111,curve_0,LaneKeeping,-0.0462,0.6274,11.1111,0.0,,
14.1,stanley_40,lka_test,78.8257,125.9728,11.1111,curve_0,LaneKeeping,-0.0483,0.5488,11.1111,0.0,,
14.12,stanley_40,lka_test,79.0258,126.0695,11.1111,curve_0,LaneKeeping,-0.0501,0.4755,11.1111,0.0,,
14.14,stanley_40,lka_test,79.2259,126.166,11.1111,curve_0,LaneKeeping,-0.0517,0.407,11.1111,0.0,,
14.16,stanley_40,lka_test,79.4262,126.2623,11.1111,curve_0,LaneKeeping,-0.053,0.3433,11.1111,0.0,,
14.18,stanley_40,lka_test,79.6266,126.3584,11.1111,curve_0,LaneKeeping,-0.0542,0.2841,11.1111,0.0,,
14.2,stanley_40,lka_test,79.827,126.4543,11.1111,curve_0,LaneKeeping,-0.055,0.2291,11.1111,0.0,,
14.22,stanley_40,lka_test,80.0276,126.5501,11.1111,curve_0,LaneKeeping,-0.0557,0.1781,11.1111,0.0,,
14.24,stanley_40,lka_test,80.2282,126.6456,11.1111,curve_0,LaneKeeping,-0.0041,1.7679,11.1111,0.0,,
14.26,stanley_40,lka_test,80.4291,126.7407,11.1111,curve_0,LaneKeeping,-0.0104,1.6199,11.1111,0.0,,
14.28,stanley_40,lka_test,80.6302,126.8352,11.1111,curve_0,LaneKeeping,-0.0161,1.4805,11.1111,0.0,,
14.3,stanley_40,lka_test,80.8315,126.9293,11.1111,curve_0,LaneKeeping,-0.0214,1.3492,11.1111,0.0,,
14.32,stanley_40,lka_test,81.033,127.023,11.1111,curve_0,LaneKeeping,-0.0261,1.2256,11.1111,0.0,,
14.34,stanley_40,lka_test,81.2347,127.1162,11.1111,curve_0,LaneKeeping,-0.0304,1.1095,11.1111,0.0,,
14.36,stanley_40,lka_test,81.4366,127.2091,11.1111,curve_0,LaneKeeping,-0.0343,1.0004,11.1111,0.0,,
14.38,stanley_40,lka_test,81.6387,127.3016,11.1111,curve_0,LaneKeeping,-0.0378,0.898,11.1111,0.0,,
14.4,stanley_40,lka_test,81.8409,127.3937,11.1111,curve_0,LaneKeeping,-0.0409,0.802,11.1111,0.0,,
14.42,stanley_40,lka_test,82.0433,127.4856,11.1111,curve_0,LaneKeeping,-0.0437,0.7121,11.1111,0.0,,
14.44,stanley_40,lka_test,82.2457,127.5771,11.1111,curve_0,LaneKeeping,-0.0461,0.628,11.1111,0.0,,
14.46,stanley_40,lka_test,82.4484,127.6684,11.1111,curve_0,LaneKeeping,-0.0482,0.5493,11.1111,0.0,,
14.48,stanley_40,lka_test,82.6511,127.7594,11.1111,curve_0,LaneKeeping,-0.0501,0.4759,11.1111,0.0,,
14.5,stanley_40,lka_test,82.8539,127.8502,11.1111,curve_0,LaneKeeping,-0.0517,0.4075,11.1111,0.0,,
14.52,stanley_40,lka_test,83.0569,127.9407,11.1111,curve_0,LaneKeeping,-0.053,0.3438,11.1111,0.0,,
14.54,stanley_40,lka_test,83.2599,128.0311,11.1111,curve_0,LaneKeeping,-0.0541,0.2846,11.1111,0.0,,
14.56,stanley_40,lka_test,83.463,128.1212,11.1111,curve_0,LaneKeeping,-0.055,0.2295,11.1111,0.0,,
14.58,stanley_40,lka_test,83.6662,128.2112,11.1111,curve_0,LaneKeeping,-0.0557,0.1785,11.1111,0.0,,
14.6,stanley_40,lka_test,83.8695,128.3009,11.1111,curve_0,LaneKeeping,-0.004,1.7683,11.1111,0.0,,
14.62,stanley_40,lka_test,84.073,128.3902,11.1111,curve_0,LaneKeeping,-0.0103,1.6204,11.1111,0.0,,
14.64,stanley_40,lka_test,84.2767,128.479,11.1111,curve_0,LaneKeeping,-0.0161,1.481,11.1111,0.0,,
14.66,stanley_40,lka_test,84.4807,128.5673,11.1111,curve_0,LaneKeeping,-0.0213,1.3497,11.1111,0.0,,
14.68,stanley_40,lka_test,84.6848,128.6551,11.1111,curve_0,LaneKeeping,-0.026,1.2261,11.1111,0.0,,
14.7,stanley_40,lka_test,84.8891,128.7426,11.1111,curve_0,LaneKeeping,-0.0304,1.11,11.1111,0.0,,
14.72,stanley_40,lka_test,85.0935,128.8296,11.1111,curve_0,LaneKeeping,-0.0342,1.0009,11.1111,0.0,,
14.74,stanley_40,lka_test,85.2981,128.9163,11.1111,curve_0,LaneKeeping,-0.0377,0.8985,11.1111,0.0,,
14.76,stanley_40,lka_test,85.5029,129.0027,11.1111,curve_0,LaneKeeping,-0.0408,0.8025,11.1111,0.0,,
14.78,stanley_40,lka_test,85.7078,129.0887,11.1111,curve_0,LaneKeeping,-0.0436,0.7126,11.1111,0.0,,
14.8,stanley_40,lka_test,85.9128,129.1744,11.1111,curve_0,LaneKeeping,-0.046,0.6285,11.1111,0.0,,
14.82,stanley_40,lka_test,86.1179,129.2599,11.1111,curve_0,LaneKeeping,-0.0482,0.5498,11.1111,0.0,,
14.84,stanley_40,lka_test,86.3232,129.3451,11.1111,curve_0,LaneKeeping,-0.05,0.4764,11.1111,0.0,,
14.86,stanley_40,lka_test,86.5285,129.43,11.1111,curve_0,LaneKeeping,-0.0516,0.408,11.1111,0.0,,
14.88,stanley_40,lka_test,86.734,129.5147,11.1111,curve_0,LaneKeeping,-0.0529,0.3443,11.1111,0.0,,
14.9,stanley_40,lka_test,86.9395,129.5992,11.1111,curve_0,LaneKeeping,-0.054,0.285,11.1111,0.0,,
14.92,stanley_40,lka_test,87.1451,129.6835,11.1111,curve_0,LaneKeeping,-0.0549,0.23,11.1111,0.0,,
14.94,stanley_40,lka_test,87.3508,129.7676,11.1111,curve_0,LaneKeeping,-0.0556,0.179,11.1111,0.0,,
14.96,stanley_40,lka_test,87.5566,129.8516,11.1111,curve_0,LaneKeeping,-0.0039,1.7688,11.1111,0.0,,
14.98,stanley_40,lka_test,87.7625,129.935,11.1111,curve_0,LaneKeeping,-0.0102,1.6209,11.1111,0.0,,
15.0,stanley_40,lka_test,87.9687,130.0179,11.1111,curve_0,LaneKeeping,-0.016,1.4814,11.1111,0.0,,
15.02,stanley_40,lka_test,88.1751,130.1004,11.1111,curve_0,LaneKeeping,-0.0212,1.3501,11.1111,0.0,,
15.04,stanley_40,lka_test,88.3816,130.1824,11.1111,curve_0,LaneKeeping,-0.026,1.2266,11.1111,0.0,,
15.06,stanley_40,lka_test,88.5883,130.2639,11.1111,curve_0,LaneKeeping,-0.0303,1.1105,11.1111,0.0,,
15.08,stanley_40,lka_test,88.7952,130.3451,11.1111,curve_0,LaneKeeping,-0.0342,1.0014,11.1111,0.0,,
15.1,stanley_40,lka_test,89.0022,130.4259,11.1111,curve_0,LaneKeeping,-0.0376,0.899,11.1111,0.0,,
15.12,stanley_40,lka_test,89.2093,130.5064,11.1111,curve_0,LaneKeeping,-0.0408,0.803,11.1111,0.0,,
15.14,stanley_40,lka_test,89.4166,130.5866,11.1111,curve_0,LaneKeeping,-0.0435,0.7131,11.1111,0.0,,
15.16,stanley_40,lka_test,89.624,130.6664,11.1111,curve_0,LaneKeeping,-0.046,0.629,11.1111,0.0,,
15.18,stanley_40,lka_test,89.8315,130.7459,11.1111,curve_0,LaneKeeping,-0.0481,0.5503,11.1111,0.0,,
15.2,stanley_40,lka_test,90.0391,130.8252,11.1111,curve_0,LaneKeeping,-0.05,0.4769,11.1111,0.0,,
15.22,stanley_40,lka_test,90.2468,130.9043,11.1111,curve_0,LaneKeeping,-0.0515,0.4085,11.1111,0.0,,
15.24,stanley_40,lka_test,90.4545,130.9831,11.1111,curve_0,LaneKeeping,-0.0529,0.3448,11.1111,0.0,,
15.26,stanley_40,lka_test,90.6624,131.0617,11.1111,curve_0,LaneKeeping,-0.054,0.2855,11.1111,0.0,,
15.28,stanley_40,lka_test,90.8703,131.1401,11.1111,curve_0,LaneKeeping,-0.0549,0.2305,11.1111,0.0,,
15.3,stanley_40,lka_test,91.0783,131.2183,11.1111,curve_0,LaneKeeping,-0.0556,0.1795,11.1111,0.0,,
15.32,stanley_40,lka_test,91.2864,131.2963,11.1111,curve_0,LaneKeeping,-0.0039,1.7693,11.1111,0.0,,
15.34,stanley_40,lka_test,91.4947,131.3738,11.1111,curve_0,LaneKeeping,-0.0102,1.6213,11.1111,0.0,,
15.36,stanley_40,lka_test,91.7031,131.4508,11.1111,curve_0,LaneKeeping,-0.0159,1.4819,11.1111,0.0,,
15.38,stanley_40,lka_test,91.9118,131.5273,11.1111,curve_0,LaneKeeping,-0.0211,1.3506,11.1111,0.0,,
15.4,stanley_40,lka_test,92.1206,131.6034,11.1111,curve_0,LaneKeeping,-0.0259,1.2271,11.1111,0.0,,
15.42,stanley_40,lka_test,92.3295,131.679,11.1111,curve_0,LaneKeeping,-0.0302,1.111,11.1111,0.0,,
15.44,stanley_40,lka_test,92.5386,131.7543,11.1111,curve_0,LaneKeeping,-0.0341,1.0019,11.1111,0.0,,
15.46,stanley_40,lka_test,92.7479,131.8291,11.1111,curve_0,LaneKeeping,-0.0376,0.8995,11.1111,0.0,,
15.48,stanley_40,lka_test,92.9572,131.9037,11.1111,curve_0,LaneKeeping,-0.0407,0.8035,11.1111,0.0,,
15.5,stanley_40,lka_test,93.1667,131.9779,11.1111,curve_0,LaneKeeping,-0.0435,0.7136,11.1111,0.0,,
15.52,stanley_40,lka_test,93.3763,132.0517,11.1111,curve_0,LaneKeeping,-0.0459,0.6295,11.1111,0.0,,
15.54,stanley_40,lka_test,93.5859,132.1253,11.1111,curve_0,LaneKeeping,-0.048,0.5508,11.1111,0.0,,
15.56,stanley_40,lka_test,93.7957,132.1987,11.1111,curve_0,LaneKeeping,-0.0499,0.4774,11.1111,0.0,,
15.58,stanley_40,lka_test,94.0056,132.2717,11.1111,curve_0,LaneKeeping,-0.0515,0.409,11.1111,0.0,,
15.6,stanley_40,lka_test,94.2155,132.3446,11.1111,curve_0,LaneKeeping,-0.0528,0.3453,11.1111,0.0,,
15.62,stanley_40,lka_test,94.4255,132.4172,11.1111,curve_0,LaneKeeping,-0.0539,0.286,11.1111,0.0,,
15.64,stanley_40,lka_test,94.6356,132.4896,11.1111,curve_0,LaneKeeping,-0.0548,0.231,11.1111,0.0,,
15.66,stanley_40,lka_test,94.8458,132.5619,11.1111,curve_0,LaneKeeping,-0.0555,0.1799,11.1111,0.0,,
15.68,stanley_40,lka_test,95.056,132.6339,11.1111,curve_0,LaneKeeping,-0.0038,1.7697,11.1111,0.0,,
15.7,stanley_40,lka_test,95.2664,132.7054,11.1111,curve_0,LaneKeeping,-0.0101,1.6218,11.1111,0.0,,
15.72,stanley_40,lka_test,95.477,132.7765,11.1111,curve_0,LaneKeeping,-0.0158,1.4824,11.1111,0.0,,
15.74,stanley_40,lka_test,95.6877,132.847,11.1111,curve_0,LaneKeeping,-0.0211,1.3511,11.1111,0.0,,
15.76,stanley_40,lka_test,95.8986,132.917,11.1111,curve_0,LaneKeeping,-0.0258,1.2276,11.1111,0.0,,
15.78,stanley_40,lka_test,96.1096,132.9867,11.1111,curve_0,LaneKeeping,-0.0301,1.1115,11.1111,0.0,,
15.8,stanley_40,lka_test,96.3208,133.0559,11.1111,curve_0,LaneKeeping,-0.034,1.0024,11.1111,0.0,,
15.82,stanley_40,lka_test,96.5321,133.1248,11.1111,curve_0,LaneKeeping,-0.0375,0.9,11.1111,0.0,,
15.84,stanley_40,lka_test,96.7435,133.1933,11.1111,curve_0,LaneKeeping,-0.0406,0.804,11.1111,0.0,,
15.86,stanley_40,lka_test,96.955,133.2615,11.1111,curve_0,LaneKeeping,-0.0434,0.7141,11.1111,0.0,,
15.88,stanley_40,lka_test,97.1666,133.3294,11.1111,curve_0,LaneKeeping,-0.0458,0.63,11.1111,0.0,,
15.9,stanley_40,lka_test,97.3783,133.3969,11.1111,curve_0,LaneKeeping,-0.048,0.5513,11.1111,0.0,,
15.92,stanley_40,lka_test,97.5901,133.4642,11.1111,curve_0,LaneKeeping,-0.0498,0.4779,11.1111,0.0,,
15.94,stanley_40,lka_test,97.8019,133.5313,11.1111,curve_0,LaneKeeping,-0.0514,0.4095,11.1111,0.0,,
15.96,stanley_40,lka_test,98.0139,133.5981,11.1111,curve_0,LaneKeeping,-0.0528,0.3457,11.1111,0.0,,
15.98,stanley_40,lka_test,98.2259,133.6647,11.1111,curve_0,LaneKeeping,-0.0539,0.2865,11.1111,0.0,,
16.0,stanley_40,lka_test,98.4379,133.7311,11.1111,curve_0,LaneKeeping,-0.0548,0.2314,11.1111,0.0,,
16.02,stanley_40,lka_test,98.6501,133.7973,11.1111,curve_0,LaneKeeping,-0.0555,0.1804,11.1111,0.0,,
16.04,stanley_40,lka_test,98.8623,133.8633,11.1111,curve_0,LaneKeeping,-0.0037,1.7702,11.1111,0.0,,
16.06,stanley_40,lka_test,99.0746,133.9288,11.1111,curve_0,LaneKeeping,-0.01,1.6223,11.1111,0.0,,
16.08,stanley_40,lka_test,99.2871,133.9938,11.1111,curve_0,LaneKeeping,-0.0157,1.4829,11.1111,0.0,,
16.1,stanley_40,lka_test,99.4998,134.0583,11.1111,curve_0,LaneKeeping,-0.021,1.3516,11.1111,0.0,,
16.12,stanley_40,lka_test,99.7126,134.1223,11.1111,curve_0,LaneKeeping,-0.0257,1.2281,11.1111,0.0,,
16.14,stanley_40,lka_test,99.9255,134.1859,11.1111,curve_0,LaneKeeping,-0.0301,1.1119,11.1111,0.0,,
16.16,stanley_40,lka_test,100.1386,134.2491,11.1111,curve_0,LaneKeeping,-0.0339,1.0029,11.1111,0.0,,
16.18,stanley_40,lka_test,100.3517,134.3119,11.1111,curve_0,LaneKeeping,-0.0374,0.9005,11.1111,0.0,,
16.2,stanley_40,lka_test,100.565,134.3743,11.1111,curve_0,LaneKeeping,-0.0406,0.8045,11.1111,0.0,,
16.22,stanley_40,lka_test,100.7784,134.4364,11.1111,curve_0,LaneKeeping,-0.0433,0.7146,11.1111,0.0,,
16.24,stanley_40,lka_test,100.9918,134.4982,11.1111,curve_0,LaneKeeping,-0.0458,0.6304,11.1111,0.0,,
16.26,stanley_40,lka_test,101.2054,134.5597,11.1111,curve_0,LaneKeeping,-0.0479,0.5518,11.1111,0.0,,
16.28,stanley_40,lka_test,101.419,134.6209,11.1111,curve_0,LaneKeeping,-0.0498,0.4784,11.1111,0.0,,
16.3,stanley_40,lka_test,101.6327,134.6819,11.1111,curve_0,LaneKeeping,-0.0514,0.41,11.1111,0.0,,
16.32,stanley_40,lka_test,101.8464,134.7426,11.1111,curve_0,LaneKeeping,-0.0527,0.3462,11.1111,0.0,,
16.34,stanley_40,lka_test,102.0603,134.8032,11.1111,curve_0,LaneKeeping,-0.0538,0.2869,11.1111,0.0,,
16.36,stanley_40,lka_test,102.2741,134.8635,11.1111,curve_0,LaneKeeping,-0.0547,0.2319,11.1111,0.0,,
16.38,stanley_40,lka_test,102.4881,134.9236,11.1111,curve_0,LaneKeeping,-0.0554,0.1809,11.1111,0.0,,
16.4,stanley_40,lka_test,102.7021,134.9835,11.1111,curve_0,LaneKeeping,-0.0036,1.7706,11.1111,0.0,,
16.42,stanley_40,lka_test,102.9162,135.0429,11.1111,curve_0,LaneKeeping,-0.0099,1.6227,11.1111,0.0,,
16.44,stanley_40,lka_test,103.1305,135.1018,11.1111,curve_0,LaneKeeping,-0.0157,1.4834,11.1111,0.0,,
16.46,stanley_40,lka_test,103.3449,135.1602,11.1111,curve_0,LaneKeeping,-0.0209,1.3521,11.1111,0.0,,
16.48,stanley_40,lka_test,103.5594,135.2181,11.1111,curve_0,LaneKeeping,-0.0257,1.2286,11.1111,0.0,,
16.5,stanley_40,lka_test,103.7741,135.2756,11.1111,curve_0,LaneKeeping,-0.03,1.1124,11.1111,0.0,,
16.52,stanley_40,lka_test,103.9889,135.3326,11.1111,curve_0,LaneKeeping,-0.0339,1.0034,11.1111,0.0,,
16.54,stanley_40,lka_test,104.2037,135.3893,11.1111,curve_0,LaneKeeping,-0.0374,0.901,11.1111,0.0,,
16.56,stanley_40,lka_test,104.4187,135.4457,11.1111,curve_0,LaneKeeping,-0.0405,0.805,11.1111,0.0,,
16.58,stanley_40,lka_test,104.6338,135.5017,11.1111,curve_0,LaneKeeping,-0.0433,0.7151,11.1111,0.0,,
16.6,stanley_40,lka_test,104.8489,135.5573,11.1111,curve_0,LaneKeeping,-0.0457,0.6309,11.1111,0.0,,
16.62,stanley_40,lka_test,105.0641,135.6127,11.1111,curve_0,LaneKeeping,-0.0478,0.5523,11.1111,0.0,,
16.64,stanley_40,lka_test,105.2794,135.6678,11.1111,curve_0,LaneKeeping,-0.0497,0.4789,11.1111,0.0,,
16.66,stanley_40,lka_test,105.4947,135.7227,11.1111,curve_0,LaneKeeping,-0.0513,0.4105,11.1111,0.0,,
16.68,stanley_40,lka_test,105.7101,135.7773,11.1111,curve_0,LaneKeeping,-0.0526,0.3467,11.1111,0.0,,
16.7,stanley_40,lka_test,105.9256,135.8317,11.1111,curve_0,LaneKeeping,-0.0538,0.2874,11.1111,0.0,,
16.72,stanley_40,lka_test,106.1411,135.8858,11.1111,curve_0,LaneKeeping,-0.0547,0.2324,11.1111,0.0,,
16.74,stanley_40,lka_test,106.3567,135.9398,11.1111,curve_0,LaneKeeping,-0.0554,0.1813,11.1111,0.0,,
16.76,stanley_40,lka_test,106.5723,135.9936,11.1111,curve_0,LaneKeeping,-0.0035,1.7711,11.1111,0.0,,
16.78,stanley_40,lka_test,106.788,136.0469,11.1111,curve_0,LaneKeeping,-0.0098,1.6232,11.1111,0.0,,
16.8,stanley_40,lka_test,107.0039,136.0996,11.1111,curve_0,LaneKeeping,-0.0156,1.4838,11.1111,0.0,,
16.82,stanley_40,lka_test,107.2199,136.1518,11.1111,curve_0,LaneKeeping,-0.0208,1.3526,11.1111,0.0,,
16.84,stanley_40,lka_test,107.436,136.2036,11.1111,curve_0,LaneKeeping,-0.0256,1.2291,11.1111,0.0,,
16.86,stanley_40,lka_test,107.6522,136.2549,11.1111,curve_0,LaneKeeping,-0.0299,1.1129,11.1111,0.0,,
16.88,stanley_40,lka_test,107.8686,136.3058,11.1111,curve_0,LaneKeeping,-0.0338,1.0039,11.1111,0.0,,
16.9,stanley_40,lka_test,108.085,136.3564,11.1111,curve_0,LaneKeeping,-0.0373,0.9015,11.1111,0.0,,
16.92,stanley_40,lka_test,108.3014,136.4065,11.1111,curve_0,LaneKeeping,-0.0404,0.8055,11.1111,0.0,,
16.94,stanley_40,lka_test,108.518,136.4564,11.1111,curve_0,LaneKeeping,-0.0432,0.7156,11.1111,0.0,,
16.96,stanley_40,lka_test,108.7346,136.5059,11.1111,curve_0,LaneKeeping,-0.0456,0.6314,11.1111,0.0,,
16.98,stanley_40,lka_test,108.9513,136.5551,11.1111,curve_0,LaneKeeping,-0.0478,0.5528,11.1111,0.0,,
0.0,stanley_60,lka_test,0.0,0.0,16.6667,curve_0,LaneKeeping,0.0,0.8185,16.6667,0.0,,
0.02,stanley_60,lka_test,0.0006,0.3333,16.6667,curve_0,LaneKeeping,-0.0042,0.7175,16.6667,0.0,,
0.04,stanley_60,lka_test,0.0017,0.6667,16.6667,curve_0,LaneKeeping,-0.0078,0.6264,16.6667,0.0,,
0.06,stanley_60,lka_test,0.0033,1.0,16.6667,curve_0,LaneKeeping,-0.011,0.5443,16.6667,0.0,,
0.08,stanley_60,lka_test,0.0053,1.3333,16.6667,curve_0,LaneKeeping,-0.0137,0.4705,16.6667,0.0,,
0.1,stanley_60,lka_test,0.0077,1.6666,16.6667,curve_0,LaneKeeping,-0.0161,0.4042,16.6667,0.0,,
0.12,stanley_60,lka_test,0.0105,2.0,16.6667,curve_0,LaneKeeping,-0.0181,0.3446,16.6667,0.0,,
0.14,stanley_60,lka_test,0.0136,2.3333,16.6667,curve_0,LaneKeeping,0.0278,1.9283,16.6667,0.0,,
0.16,stanley_60,lka_test,0.0179,2.6666,16.6667,curve_0,LaneKeeping,0.0179,1.7069,16.6667,0.0,,
0.18,stanley_60,lka_test,0.0234,2.9999,16.6667,curve_0,LaneKeeping,0.0092,1.5068,16.6667,0.0,,
0.2,stanley_60,lka_test,0.03,3.3331,16.6667,curve_0,LaneKeeping,0.0014,1.3263,16.6667,0.0,,
0.22,stanley_60,lka_test,0.0375,3.6664,16.6667,curve_0,LaneKeeping,-0.0053,1.1634,16.6667,0.0,,
0.24,stanley_60,lka_test,0.0459,3.9996,16.6667,curve_0,LaneKeeping,-0.0112,1.0165,16.6667,0.0,,
0.26,stanley_60,lka_test,0.055,4.3328,16.6667,curve_0,LaneKeeping,-0.0164,0.8843,16.6667,0.0,,
0.28,stanley_60,lka_test,0.0649,4.666,16.6667,curve_0,LaneKeeping,-0.0208,0.7652,16.6667,0.0,,
0.3,stanley_60,lka_test,0.0753,4.9992,16.6667,curve_0,LaneKeeping,-0.0247,0.6582,16.6667,0.0,,
0.32,stanley_60,lka_test,0.0863,5.3323,16.6667,curve_0,LaneKeeping,-0.0279,0.5621,16.6667,0.0,,
0.34,stanley_60,lka_test,0.0978,5.6655,16.6667,curve_0,LaneKeeping,-0.0307,0.476,16.6667,0.0,,
0.36,stanley_60,lka_test,0.1098,5.9986,16.6667,curve_0,LaneKeeping,-0.033,0.3988,16.6667,0.0,,
0.38,stanley_60,lka_test,0.1222,6.3317,16.6667,curve_0,LaneKeeping,0.0127,1.9667,16.6667,0.0,,
0.4,stanley_60,lka_test,0.1359,6.6647,16.6667,curve_0,LaneKeeping,0.0026,1.7314,16.6667,0.0,,
0.42,stanley_60,lka_test,0.1509,6.9977,16.6667,curve_0,LaneKeeping,-0.0062,1.5192,16.6667,0.0,,
0.44,stanley_60,lka_test,0.167,7.3307,16.6667,curve_0,LaneKeeping,-0.0139,1.3279,16.6667,0.0,,
0.46,stanley_60,lka_test,0.184,7.6636,16.6667,curve_0,LaneKeeping,-0.0207,1.1555,16.6667,0.0,,
0.48,stanley_60,lka_test,0.202,7.9964,16.6667,curve_0,LaneKeeping,-0.0265,1.0004,16.6667,0.0,,
0.5,stanley_60,lka_test,0.2208,8.3292,16.6667,curve_0,LaneKeeping,-0.0315,0.861,16.6667,0.0,,
0.52,stanley_60,lka_test,0.2403,8.662,16.6667,curve_0,LaneKeeping,-0.0358,0.7358,16.6667,0.0,,
0.54,stanley_60,lka_test,0.2605,8.9947,16.6667,curve_0,LaneKeeping,-0.0394,0.6234,16.6667,0.0,,
0.56,stanley_60,lka_test,0.2812,9.3274,16.6667,curve_0,LaneKeeping,-0.0424,0.5228,16.6667,0.0,,
0.58,stanley_60,lka_test,0.3025,9.6601,16.6667,curve_0,LaneKeeping,-0.045,0.4328,16.6667,0.0,,
0.6,stanley_60,lka_test,0.3243,9.9927,16.6667,curve_0,LaneKeeping,-0.047,0.3523,16.6667,0.0,,
0.62,stanley_60,lka_test,0.3464,10.3253,16.6667,curve_0,LaneKeeping,-0.001,1.9176,16.6667,0.0,,
0.64,stanley_60,lka_test,0.37,10.6578,16.6667,curve_0,LaneKeeping,-0.0108,1.6802,16.6667,0.0,,
0.66,stanley_60,lka_test,0.3947,10.9902,16.6667,curve_0,LaneKeeping,-0.0193,1.4662,16.6667,0.0,,
0.68,stanley_60,lka_test,0.4206,11.3225,16.6667,curve_0,LaneKeeping,-0.0267,1.2736,16.6667,0.0,,
0.7,stanley_60,lka_test,0.4475,11.6548,16.6667,curve_0,LaneKeeping,-0.0331,1.1003,16.6667,0.0,,
0.72,stanley_60,lka_test,0.4754,11.9869,16.6667,curve_0,LaneKeeping,-0.0386,0.9446,16.6667,0.0,,
0.74,stanley_60,lka_test,0.504,12.319,16.6667,curve_0,LaneKeeping,-0.0433,0.8047,16.6667,0.0,,
0.76,stanley_60,lka_test,0.5333,12.6511,16.6667,curve_0,LaneKeeping,-0.0472,0.6794,16.6667,0.0,,
0.78,stanley_60,lka_test,0.5633,12.9831,16.6667,curve_0,LaneKeeping,-0.0505,0.5672,16.6667,0.0,,
0.8,stanley_60,lka_test,0.5939,13.315,16.6667,curve_0,LaneKeeping,-0.0532,0.4668,16.6667,0.0,,
0.82,stanley_60,lka_test,0.625,13.6469,16.6667,curve_0,LaneKeeping,-0.0554,0.3772,16.6667,0.0,,
0.84,stanley_60,lka_test,0.6565,13.9787,16.6667,curve_0,LaneKeeping,-0.0572,0.2973,16.6667,0.0,,
0.86,stanley_60,lka_test,0.6885,14.3105,16.6667,curve_0,LaneKeeping,-0.0108,1.8633,16.6667,0.0,,
0.88,stanley_60,lka_test,0.7218,14.6422,16.6667,curve_0,LaneKeeping,-0.0202,1.6267,16.6667,0.0,,
0.9,stanley_60,lka_test,0.7564,14.9737,16.6667,curve_0,LaneKeeping,-0.0285,1.4137,16.6667,0.0,,
0.92,stanley_60,lka_test,0.7921,15.3051,16.6667,curve_0,LaneKeeping,-0.0356,1.222,16.6667,0.0,,
0.94,stanley_60,lka_test,0.8288,15.6364,16.6667,curve_0,LaneKeeping,-0.0417,1.0497,16.6667,0.0,,
0.96,stanley_60,lka_test,0.8663,15.9676,16.6667,curve_0,LaneKeeping,-0.0469,0.8951,16.6667,0.0,,
0.98,stanley_60,lka_test,0.9047,16.2988,16.6667,curve_0,LaneKeeping,-0.0513,0.7564,16.6667,0.0,,
1.0,stanley_60,lka_test,0.9438,16.6298,16.6667,curve_0,LaneKeeping,-0.055,0.6322,16.6667,0.0,,
1.02,stanley_60,lka_test,0.9835,16.9607,16.6667,curve_0,LaneKeeping,-0.058,0.5211,16.6667,0.0,,
1.04,stanley_60,lka_test,1.0238,17.2916,16.6667,curve_0,LaneKeeping,-0.0605,0.422,16.6667,0.0,,
1.06,stanley_60,lka_test,1.0646,17.6225,16.6667,curve_0,LaneKeeping,-0.0624,0.3335,16.6667,0.0,,
1.08,stanley_60,lka_test,1.1059,17.9532,16.6667,curve_0,LaneKeeping,-0.0639,0.2549,16.6667,0.0,,
1.1,stanley_60,lka_test,1.1476,18.2839,16.6667,curve_0,LaneKeeping,-0.0172,1.8221,16.6667,0.0,,
1.12,stanley_60,lka_test,1.1906,18.6145,16.6667,curve_0,LaneKeeping,-0.0264,1.5867,16.6667,0.0,,
1.14,stanley_60,lka_test,1.2349,18.9449,16.6667,curve_0,LaneKeeping,-0.0344,1.3749,16.6667,0.0,,
1.16,stanley_60,lka_test,1.2802,19.2751,16.6667,curve_0,LaneKeeping,-0.0413,1.1844,16.6667,0.0,,
1.18,stanley_60,lka_test,1.3265,19.6052,16.6667,curve_0,LaneKeeping,-0.0472,1.0133,16.6667,0.0,,
1.2,stanley_60,lka_test,1.3738,19.9352,16.6667,curve_0,LaneKeeping,-0.0522,0.8598,16.6667,0.0,,
1.22,stanley_60,lka_test,1.4218,20.265,16.6667,curve_0,LaneKeeping,-0.0564,0.7223,16.6667,0.0,,
1.24,stanley_60,lka_test,1.4705,20.5948,16.6667,curve_0,LaneKeeping,-0.0599,0.5992,16.6667,0.0,,
1.26,stanley_60,lka_test,1.5198,20.9244,16.6667,curve_0,LaneKeeping,-0.0628,0.4893,16.6667,0.0,,
1.28,stanley_60,lka_test,1.5698,21.254,16.6667,curve_0,LaneKeeping,-0.065,0.3912,16.6667,0.0,,
1.3,stanley_60,lka_test,1.6202,21.5835,16.6667,curve_0,LaneKeeping,-0.0668,0.3038,16.6667,0.0,,
1.32,stanley_60,lka_test,1.671,21.9129,16.6667,curve_0,LaneKeeping,-0.0681,0.2262,16.6667,0.0,,
1.34,stanley_60,lka_test,1.7223,22.2423,16.6667,curve_0,LaneKeeping,-0.0213,1.7944,16.6667,0.0,,
1.36,stanley_60,lka_test,1.7749,22.5715,16.6667,curve_0,LaneKeeping,-0.0303,1.56,16.6667,0.0,,
1.38,stanley_60,lka_test,1.8287,22.9004,16.6667,curve_0,LaneKeeping,-0.0382,1.3491,16.6667,0.0,,
1.4,stanley_60,lka_test,1.8836,23.2292,16.6667,curve_0,LaneKeeping,-0.0449,1.1596,16.6667,0.0,,
1.42,stanley_60,lka_test,1.9395,23.5578,16.6667,curve_0,LaneKeeping,-0.0507,0.9894,16.6667,0.0,,
1.44,stanley_60,lka_test,1.9963,23.8863,16.6667,curve_0,LaneKeeping,-0.0555,0.8368,16.6667,0.0,,
1.46,stanley_60,lka_test,2.0538,24.2146,16.6667,curve_0,LaneKeeping,-0.0596,0.7001,16.6667,0.0,,
1.48,stanley_60,lka_test,2.1121,24.5428,16.6667,curve_0,LaneKeeping,-0.063,0.5779,16.6667,0.0,,
1.5,stanley_60,lka_test,2.1709,24.8709,16.6667,curve_0,LaneKeeping,-0.0657,0.4687,16.6667,0.0,,
1.52,stanley_60,lka_test,2.2304,25.1989,16.6667,curve_0,LaneKeeping,-0.0679,0.3714,16.6667,0.0,,
1.54,stanley_60,lka_test,2.2903,25.5268,16.6667,curve_0,LaneKeeping,-0.0695,0.2848,16.6667,0.0,,
1.56,stanley_60,lka_test,2.3506,25.8546,16.6667,curve_0,LaneKeeping,-0.0707,0.2078,16.6667,0.0,,
1.58,stanley_60,lka_test,2.4114,26.1824,16.6667,curve_0,LaneKeeping,-0.0237,1.7767,16.6667,0.0,,
1.6,stanley_60,lka_test,2.4735,26.5099,16.6667,curve_0,LaneKeeping,-0.0327,1.5431,16.6667,0.0,,
1.62,stanley_60,lka_test,2.5368,26.8372,16.6667,curve_0,LaneKeeping,-0.0404,1.3329,16.6667,0.0,,
1.64,stanley_60,lka_test,2.6011,27.1642,16.6667,curve_0,LaneKeeping,-0.0471,1.144,16.6667,0.0,,
1.66,stanley_60,lka_test,2.6665,27.4911,16.6667,curve_0,LaneKeeping,-0.0528,0.9744,16.6667,0.0,,
1.68,stanley_60,lka_test,2.7327,27.8178,16.6667,curve_0,LaneKeeping,-0.0576,0.8224,16.6667,0.0,,
1.7,stanley_60,lka_test,2.7996,28.1443,16.6667,curve_0,LaneKeeping,-0.0615,0.6863,16.6667,0.0,,
1.72,stanley_60,lka_test,2.8673,28.4707,16.6667,curve_0,LaneKeeping,-0.0648,0.5646,16.6667,0.0,,
1.74,stanley_60,lka_test,2.9356,28.797,16.6667,curve_0,LaneKeeping,-0.0675,0.456,16.6667,0.0,,
1.76,stanley_60,lka_test,3.0044,29.1231,16.6667,curve_0,LaneKeeping,-0.0696,0.3591,16.6667,0.0,,
1.78,stanley_60,lka_test,3.0738,29.4492,16.6667,curve_0,LaneKeeping,-0.0712,0.273,16.6667,0.0,,
1.8,stanley_60,lka_test,3.1435,29.7751,16.6667,curve_0,LaneKeeping,-0.0723,0.1966,16.6667,0.0,,
1.82,stanley_60,lka_test,3.2137,30.101,16.6667,curve_0,LaneKeeping,-0.0252,1.7659,16.6667,0.0,,
1.84,stanley_60,lka_test,3.2852,30.4266,16.6667,curve_0,LaneKeeping,-0.0341,1.5327,16.6667,0.0,,
1.86,stanley_60,lka_test,3.3578,30.7519,16.6667,curve_0,LaneKeeping,-0.0418,1.3229,16.6667,0.0,,
1.88,stanley_60,lka_test,3.4316,31.077,16.6667,curve_0,LaneKeeping,-0.0484,1.1345,16.6667,0.0,,
1.9,stanley_60,lka_test,3.5063,31.4018,16.6667,curve_0,LaneKeeping,-0.054,0.9653,16.6667,0.0,,
1.92,stanley_60,lka_test,3.5818,31.7265,16.6667,curve_0,LaneKeeping,-0.0587,0.8137,16.6667,0.0,,
1.94,stanley_60,lka_test,3.6582,32.0509,16.6667,curve_0,LaneKeeping,-0.0627,0.6779,16.6667,0.0,,
1.96,stanley_60,lka_test,3.7352,32.3753,16.6667,curve_0,LaneKeeping,-0.0659,0.5566,16.6667,0.0,,
1.98,stanley_60,lka_test,3.8128,32.6994,16.6667,curve_0,LaneKeeping,-0.0685,0.4483,16.6667,0.0,,
2.0,stanley_60,lka_test,3.891,33.0235,16.6667,curve_0,LaneKeeping,-0.0706,0.3518,16.6667,0.0,,
2.02,stanley_60,lka_test,3.9696,33.3474,16.6667,curve_0,LaneKeeping,-0.0721,0.266,16.6667,0.0,,
2.04,stanley_60,lka_test,4.0487,33.6712,16.6667,curve_0,LaneKeeping,-0.0732,0.1898,16.6667,0.0,,
2.06,stanley_60,lka_test,4.1282,33.9949,16.6667,curve_0,LaneKeeping,-0.026,1.7594,16.6667,0.0,,
2.08,stanley_60,lka_test,4.209,34.3183,16.6667,curve_0,LaneKeeping,-0.0349,1.5265,16.6667,0.0,,
2.1,stanley_60,lka_test,4.2909,34.6414,16.6667,curve_0,LaneKeeping,-0.0425,1.317,16.6667,0.0,,
2.12,stanley_60,lka_test,4.3739,34.9642,16.6667,curve_0,LaneKeeping,-0.0491,1.1288,16.6667,0.0,,
2.14,stanley_60,lka_test,4.4579,35.2868,16.6667,curve_0,LaneKeeping,-0.0547,0.96,16.6667,0.0,,
2.16,stanley_60,lka_test,4.5427,35.6092,16.6667,curve_0,LaneKeeping,-0.0594,0.8086,16.6667,0.0,,
2.18,stanley_60,lka_test,4.6283,35.9313,16.6667,curve_0,LaneKeeping,-0.0633,0.673,16.6667,0.0,,
2.2,stanley_60,lka_test,4.7146,36.2533,16.6667,curve_0,LaneKeeping,-0.0665,0.5519,16.6667,0.0,,
2.22,stanley_60,lka_test,4.8015,36.5751,16.6667,curve_0,LaneKeeping,-0.0691,0.4438,16.6667,0.0,,
2.24,stanley_60,lka_test,4.8889,36.8968,16.6667,curve_0,LaneKeeping,-0.0711,0.3475,16.6667,0.0,,
2.26,stanley_60,lka_test,4.9768,37.2183,16.6667,curve_0,LaneKeeping,-0.0727,0.2619,16.6667,0.0,,
2.28,stanley_60,lka_test,5.0651,37.5398,16.6667,curve_0,LaneKeeping,-0.0737,0.1859,16.6667,0.0,,
2.3,stanley_60,lka_test,5.1538,37.8611,16.6667,curve_0,LaneKeeping,-0.0265,1.7557,16.6667,0.0,,
2.32,stanley_60,lka_test,5.2438,38.182,16.6667,curve_0,LaneKeeping,-0.0353,1.523,16.6667,0.0,,
2.34,stanley_60,lka_test,5.335,38.5026,16.6667,curve_0,LaneKeeping,-0.043,1.3137,16.6667,0.0,,
2.36,stanley_60,lka_test,5.4273,38.823,16.6667,curve_0,LaneKeeping,-0.0495,1.1257,16.6667,0.0,,
2.38,stanley_60,lka_test,5.5204,39.143,16.6667,curve_0,LaneKeeping,-0.0551,0.9569,16.6667,0.0,,
2.4,stanley_60,lka_test,5.6145,39.4628,16.6667,curve_0,LaneKeeping,-0.0598,0.8057,16.6667,0.0,,
2.42,stanley_60,lka_test,5.7092,39.7824,16.6667,curve_0,LaneKeeping,-0.0637,0.6703,16.6667,0.0,,
2.44,stanley_60,lka_test,5.8047,40.1018,16.6667,curve_0,LaneKeeping,-0.0669,0.5493,16.6667,0.0,,
2.46,stanley_60,lka_test,5.9007,40.4209,16.6667,curve_0,LaneKeeping,-0.0694,0.4413,16.6667,0.0,,
2.48,stanley_60,lka_test,5.9973,40.74,16.6667,curve_0,LaneKeeping,-0.0714,0.3452,16.6667,0.0,,
2.5,stanley_60,lka_test,6.0944,41.0589,16.6667,curve_0,LaneKeeping,-0.0729,0.2596,16.6667,0.0,,
2.52,stanley_60,lka_test,6.1919,41.3776,16.6667,curve_0,LaneKeeping,-0.074,0.1838,16.6667,0.0,,
2.54,stanley_60,lka_test,6.2897,41.6963,16.6667,curve_0,LaneKeeping,-0.0267,1.7537,16.6667,0.0,,
2.56,stanley_60,lka_test,6.3889,42.0145,16.6667,curve_0,LaneKeeping,-0.0355,1.5211,16.6667,0.0,,
2.58,stanley_60,lka_test,6.4892,42.3324,16.6667,curve_0,LaneKeeping,-0.0431,1.3119,16.6667,0.0,,
2.6,stanley_60,lka_test,6.5905,42.65,16.6667,curve_0,LaneKeeping,-0.0497,1.124,16.6667,0.0,,
2.62,stanley_60,lka_test,6.6928,42.9672,16.6667,curve_0,LaneKeeping,-0.0552,0.9554,16.6667,0.0,,
2.64,stanley_60,lka_test,6.796,43.2842,16.6667,curve_0,LaneKeeping,-0.0599,0.8042,16.6667,0.0,,
2.66,stanley_60,lka_test,6.8998,43.6009,16.6667,curve_0,LaneKeeping,-0.0638,0.6689,16.6667,0.0,,
2.68,stanley_60,lka_test,7.0044,43.9174,16.6667,curve_0,LaneKeeping,-0.067,0.548,16.6667,0.0,,
2.7,stanley_60,lka_test,7.1095,44.2338,16.6667,curve_0,LaneKeeping,-0.0696,0.4401,16.6667,0.0,,
2.72,stanley_60,lka_test,7.2152,44.5499,16.6667,curve_0,LaneKeeping,-0.0716,0.344,16.6667,0.0,,
2.74,stanley_60,lka_test,7.3213,44.8659,16.6667,curve_0,LaneKeeping,-0.0731,0.2585,16.6667,0.0,,
2.76,stanley_60,lka_test,7.4279,45.1817,16.6667,curve_0,LaneKeeping,-0.0741,0.1827,16.6667,0.0,,
2.78,stanley_60,lka_test,7.5348,45.4974,16.6667,curve_0,LaneKeeping,-0.0267,1.7527,16.6667,0.0,,
2.8,stanley_60,lka_test,7.643,45.8127,16.6667,curve_0,LaneKeeping,-0.0356,1.5202,16.6667,0.0,,
2.82,stanley_60,lka_test,7.7524,46.1276,16.6667,curve_0,LaneKeeping,-0.0432,1.3111,16.6667,0.0,,
2.84,stanley_60,lka_test,7.8627,46.4421,16.6667,curve_0,LaneKeeping,-0.0497,1.1232,16.6667,0.0,,
2.86,stanley_60,lka_test,7.9741,46.7563,16.6667,curve_0,LaneKeeping,-0.0553,0.9547,16.6667,0.0,,
2.88,stanley_60,lka_test,8.0862,47.0702,16.6667,curve_0,LaneKeeping,-0.06,0.8036,16.6667,0.0,,
2.9,stanley_60,lka_test,8.1991,47.3839,16.6667,curve_0,LaneKeeping,-0.0638,0.6684,16.6667,0.0,,
2.92,stanley_60,lka_test,8.3126,47.6973,16.6667,curve_0,LaneKeeping,-0.067,0.5475,16.6667,0.0,,
2.94,stanley_60,lka_test,8.4268,48.0105,16.6667,curve_0,LaneKeeping,-0.0696,0.4396,16.6667,0.0,,
2.96,stanley_60,lka_test,8.5414,48.3234,16.6667,curve_0,LaneKeeping,-0.0716,0.3436,16.6667,0.0,,
2.98,stanley_60,lka_test,8.6565,48.6363,16.6667,curve_0,LaneKeeping,-0.0731,0.2581,16.6667,0.0,,
3.0,stanley_60,lka_test,8.7721,48.9489,16.6667,curve_0,LaneKeeping,-0.0741,0.1824,16.6667,0.0,,
3.02,stanley_60,lka_test,8.888,49.2615,16.6667,curve_0,LaneKeeping,-0.0267,1.7524,16.6667,0.0,,
3.04,stanley_60,lka_test,9.0052,49.5735,16.6667,curve_0,LaneKeeping,-0.0355,1.5199,16.6667,0.0,,
3.06,stanley_60,lka_test,9.1235,49.8852,16.6667,curve_0,LaneKeeping,-0.0432,1.3109,16.6667,0.0,,
3.08,stanley_60,lka_test,9.2428,50.1964,16.6667,curve_0,LaneKeeping,-0.0497,1.1231,16.6667,0.0,,
3.1,stanley_60,lka_test,9.363,50.5073,16.6667,curve_0,LaneKeeping,-0.0552,0.9545,16.6667,0.0,,
3.12,stanley_60,lka_test,9.4841,50.8179,16.6667,curve_0,LaneKeeping,-0.0599,0.8035,16.6667,0.0,,
3.14,stanley_60,lka_test,9.6059,51.1282,16.6667,curve_0,LaneKeeping,-0.0638,0.6683,16.6667,0.0,,
3.16,stanley_60,lka_test,9.7284,51.4382,16.6667,curve_0,LaneKeeping,-0.067,0.5474,16.6667,0.0,,
3.18,stanley_60,lka_test,9.8514,51.748,16.6667,curve_0,LaneKeeping,-0.0696,0.4396,16.6667,0.0,,
3.2,stanley_60,lka_test,9.9749,52.0576,16.6667,curve_0,LaneKeeping,-0.0716,0.3436,16.6667,0.0,,
3.22,stanley_60,lka_test,10.099,52.367,16.6667,curve_0,LaneKeeping,-0.0731,0.2582,16.6667,0.0,,
3.24,stanley_60,lka_test,10.2234,52.6762,16.6667,curve_0,LaneKeeping,-0.0741,0.1824,16.6667,0.0,,
3.26,stanley_60,lka_test,10.3482,52.9853,16.6667,curve_0,LaneKeeping,-0.0266,1.7524,16.6667,0.0,,
3.28,stanley_60,lka_test,10.4742,53.2939,16.6667,curve_0,LaneKeeping,-0.0355,1.52,16.6667,0.0,,
3.3,stanley_60,lka_test,10.6014,53.602,16.6667,curve_0,LaneKeeping,-0.0431,1.311,16.6667,0.0,,
3.32,stanley_60,lka_test,10.7295,53.9097,16.6667,curve_0,LaneKeeping,-0.0496,1.1232,16.6667,0.0,,
3.34,stanley_60,lka_test,10.8586,54.2171,16.6667,curve_0,LaneKeeping,-0.0552,0.9547,16.6667,0.0,,
3.36,stanley_60,lka_test,10.9885,54.524,16.6667,curve_0,LaneKeeping,-0.0598,0.8037,16.6667,0.0,,
3.38,stanley_60,lka_test,11.1191,54.8307,16.6667,curve_0,LaneKeeping,-0.0637,0.6685,16.6667,0.0,,
3.4,stanley_60,lka_test,11.2504,55.1371,16.6667,curve_0,LaneKeeping,-0.0669,0.5477,16.6667,0.0,,
3.42,stanley_60,lka_test,11.3822,55.4433,16.6667,curve_0,LaneKeeping,-0.0695,0.4399,16.6667,0.0,,
3.44,stanley_60,lka_test,11.5145,55.7492,16.6667,curve_0,LaneKeeping,-0.0715,0.3438,16.6667,0.0,,
3.46,stanley_60,lka_test,11.6473,56.0549,16.6667,curve_0,LaneKeeping,-0.073,0.2585,16.6667,0.0,,
3.48,stanley_60,lka_test,11.7805,56.3605,16.6667,curve_0,LaneKeeping,-0.074,0.1827,16.6667,0.0,,
3.5,stanley_60,lka_test,11.9141,56.6659,16.6667,curve_0,LaneKeeping,-0.0265,1.7527,16.6667,0.0,,
3.52,stanley_60,lka_test,12.0489,56.9708,16.6667,curve_0,LaneKeeping,-0.0353,1.5203,16.6667,0.0,,
3.54,stanley_60,lka_test,12.1848,57.2751,16.6667,curve_0,LaneKeeping,-0.043,1.3113,16.6667,0.0,,
3.56,stanley_60,lka_test,12.3217,57.5791,16.6667,curve_0,LaneKeeping,-0.0495,1.1236,16.6667,0.0,,
3.58,stanley_60,lka_test,12.4595,57.8826,16.6667,curve_0,LaneKeeping,-0.0551,0.9551,16.6667,0.0,,
3.6,stanley_60,lka_test,12.5981,58.1857,16.6667,curve_0,LaneKeeping,-0.0597,0.8041,16.6667,0.0,,
3.62,stanley_60,lka_test,12.7374,58.4886,16.6667,curve_0,LaneKeeping,-0.0636,0.6689,16.6667,0.0,,
3.64,stanley_60,lka_test,12.8774,58.7911,16.6667,curve_0,LaneKeeping,-0.0668,0.5481,16.6667,0.0,,
3.66,stanley_60,lka_test,13.0179,59.0934,16.6667,curve_0,LaneKeeping,-0.0694,0.4403,16.6667,0.0,,
3.68,stanley_60,lka_test,13.1589,59.3954,16.6667,curve_0,LaneKeeping,-0.0714,0.3443,16.6667,0.0,,
3.7,stanley_60,lka_test,13.3004,59.6972,16.6667,curve_0,LaneKeeping,-0.0729,0.2589,16.6667,0.0,,
3.72,stanley_60,lka_test,13.4423,59.9988,16.6667,curve_0,LaneKeeping,-0.074,0.1832,16.6667,0.0,,
3.74,stanley_60,lka_test,13.5845,60.3003,16.6667,curve_0,LaneKeeping,-0.0264,1.7531,16.6667,0.0,,
3.76,stanley_60,lka_test,13.728,60.6012,16.6667,curve_0,LaneKeeping,-0.0352,1.5208,16.6667,0.0,,
3.78,stanley_60,lka_test,13.8725,60.9015,16.6667,curve_0,LaneKeeping,-0.0428,1.3118,16.6667,0.0,,
3.8,stanley_60,lka_test,14.0181,61.2014,16.6667,curve_0,LaneKeeping,-0.0494,1.1241,16.6667,0.0,,
3.82,stanley_60,lka_test,14.1645,61.5009,16.6667,curve_0,LaneKeeping,-0.0549,0.9556,16.6667,0.0,,
3.84,stanley_60,lka_test,14.3117,61.8,16.6667,curve_0,LaneKeeping,-0.0596,0.8046,16.6667,0.0,,
3.86,stanley_60,lka_test,14.4596,62.0987,16.6667,curve_0,LaneKeeping,-0.0635,0.6695,16.6667,0.0,,
3.88,stanley_60,lka_test,14.6081,62.3971,16.6667,curve_0,LaneKeeping,-0.0667,0.5487,16.6667,0.0,,
3.9,stanley_60,lka_test,14.7572,62.6952,16.6667,curve_0,LaneKeeping,-0.0693,0.4409,16.6667,0.0,,
3.92,stanley_60,lka_test,14.9068,62.9931,16.6667,curve_0,LaneKeeping,-0.0713,0.3448,16.6667,0.0,,
3.94,stanley_60,lka_test,15.0568,63.2908,16.6667,curve_0,LaneKeeping,-0.0728,0.2594,16.6667,0.0,,
3.96,stanley_60,lka_test,15.2073,63.5882,16.6667,curve_0,LaneKeeping,-0.0739,0.1837,16.6667,0.0,,
3.98,stanley_60,lka_test,15.3581,63.8855,16.6667,curve_0,LaneKeeping,-0.0262,1.7537,16.6667,0.0,,
4.0,stanley_60,lka_test,15.51,64.1822,16.6667,curve_0,LaneKeeping,-0.0351,1.5214,16.6667,0.0,,
4.02,stanley_60,lka_test,15.6631,64.4783,16.6667,curve_0,LaneKeeping,-0.0427,1.3124,16.6667,0.0,,
4.04,stanley_60,lka_test,15.8171,64.7739,16.6667,curve_0,LaneKeeping,-0.0492,1.1247,16.6667,0.0,,
4.06,stanley_60,lka_test,15.9721,65.069,16.6667,curve_0,LaneKeeping,-0.0548,0.9562,16.6667,0.0,,
4.08,stanley_60,lka_test,16.1277,65.3638,16.6667,curve_0,LaneKeeping,-0.0595,0.8052,16.6667,0.0,,
4.1,stanley_60,lka_test,16.2841,65.6582,16.6667,curve_0,LaneKeeping,-0.0634,0.6701,16.6667,0.0,,
4.12,stanley_60,lka_test,16.4411,65.9522,16.6667,curve_0,LaneKeeping,-0.0666,0.5493,16.6667,0.0,,
4.14,stanley_60,lka_test,16.5987,66.246,16.6667,curve_0,LaneKeeping,-0.0692,0.4415,16.6667,0.0,,
4.16,stanley_60,lka_test,16.7567,66.5394,16.6667,curve_0,LaneKeeping,-0.0712,0.3454,16.6667,0.0,,
4.18,stanley_60,lka_test,16.9152,66.8327,16.6667,curve_0,LaneKeeping,-0.0727,0.26,16.6667,0.0,,
4.2,stanley_60,lka_test,17.074,67.1257,16.6667,curve_0,LaneKeeping,-0.0737,0.1843,16.6667,0.0,,
4.22,stanley_60,lka_test,17.2333,67.4186,16.6667,curve_0,LaneKeeping,-0.0261,1.7543,16.6667,0.0,,
4.24,stanley_60,lka_test,17.3937,67.7108,16.6667,curve_0,LaneKeeping,-0.0349,1.522,16.6667,0.0,,
4.26,stanley_60,lka_test,17.5551,68.0024,16.6667,curve_0,LaneKeeping,-0.0426,1.313,16.6667,0.0,,
4.28,stanley_60,lka_test,17.7175,68.2935,16.6667,curve_0,LaneKeeping,-0.0491,1.1253,16.6667,0.0,,
4.3,stanley_60,lka_test,17.8808,68.5841,16.6667,curve_0,LaneKeeping,-0.0547,0.9569,16.6667,0.0,,
4.32,stanley_60,lka_test,18.0448,68.8743,16.6667,curve_0,LaneKeeping,-0.0594,0.8059,16.6667,0.0,,
4.34,stanley_60,lka_test,18.2096,69.1641,16.6667,curve_0,LaneKeeping,-0.0633,0.6707,16.6667,0.0,,
4.36,stanley_60,lka_test,18.3749,69.4535,16.6667,curve_0,LaneKeeping,-0.0665,0.5499,16.6667,0.0,,
4.38,stanley_60,lka_test,18.5408,69.7426,16.6667,curve_0,LaneKeeping,-0.069,0.4421,16.6667,0.0,,
4.4,stanley_60,lka_test,18.7071,70.0315,16.6667,curve_0,LaneKeeping,-0.071,0.3461,16.6667,0.0,,
4.42,stanley_60,lka_test,18.8739,70.3201,16.6667,curve_0,LaneKeeping,-0.0726,0.2607,16.6667,0.0,,
4.44,stanley_60,lka_test,19.0411,70.6085,16.6667,curve_0,LaneKeeping,-0.0736,0.1849,16.6667,0.0,,
4.46,stanley_60,lka_test,19.2086,70.8967,16.6667,curve_0,LaneKeeping,-0.0259,1.7549,16.6667,0.0,,
4.48,stanley_60,lka_test,19.3773,71.1842,16.6667,curve_0,LaneKeeping,-0.0348,1.5226,16.6667,0.0,,
4.5,stanley_60,lka_test,19.547,71.4711,16.6667,curve_0,LaneKeeping,-0.0424,1.3137,16.6667,0.0,,
4.52,stanley_60,lka_test,19.7176,71.7574,16.6667,curve_0,LaneKeeping,-0.0489,1.126,16.6667,0.0,,
4.54,stanley_60,lka_test,19.8891,72.0432,16.6667,curve_0,LaneKeeping,-0.0545,0.9576,16.6667,0.0,,
4.56,stanley_60,lka_test,20.0614,72.3286,16.6667,curve_0,LaneKeeping,-0.0592,0.8066,16.6667,0.0,,
4.58,stanley_60,lka_test,20.2343,72.6136,16.6667,curve_0,LaneKeeping,-0.0631,0.6714,16.6667,0.0,,
4.6,stanley_60,lka_test,20.4078,72.8982,16.6667,curve_0,LaneKeeping,-0.0663,0.5506,16.6667,0.0,,
4.62,stanley_60,lka_test,20.5819,73.1825,16.6667,curve_0,LaneKeeping,-0.0689,0.4428,16.6667,0.0,,
4.64,stanley_60,lka_test,20.7564,73.4664,16.6667,curve_0,LaneKeeping,-0.0709,0.3467,16.6667,0.0,,
4.66,stanley_60,lka_test,20.9314,73.7502,16.6667,curve_0,LaneKeeping,-0.0724,0.2613,16.6667,0.0,,
4.68,stanley_60,lka_test,21.1067,74.0337,16.6667,curve_0,LaneKeeping,-0.0735,0.1856,16.6667,0.0,,
4.7,stanley_60,lka_test,21.2824,74.3169,16.6667,curve_0,LaneKeeping,-0.0257,1.7555,16.6667,0.0,,
4.72,stanley_60,lka_test,21.4592,74.5995,16.6667,curve_0,LaneKeeping,-0.0346,1.5233,16.6667,0.0,,
4.74,stanley_60,lka_test,21.6371,74.8814,16.6667,curve_0,LaneKeeping,-0.0422,1.3144,16.6667,0.0,,
4.76,stanley_60,lka_test,21.8158,75.1628,16.6667,curve_0,LaneKeeping,-0.0488,1.1267,16.6667,0.0,,
4.78,stanley_60,lka_test,21.9954,75.4436,16.6667,curve_0,LaneKeeping,-0.0544,0.9582,16.6667,0.0,,
4.8,stanley_60,lka_test,22.1758,75.7239,16.6667,curve_0,LaneKeeping,-0.0591,0.8073,16.6667,0.0,,
4.82,stanley_60,lka_test,22.3568,76.0039,16.6667,curve_0,LaneKeeping,-0.063,0.6721,16.6667,0.0,,
4.84,stanley_60,lka_test,22.5383,76.2834,16.6667,curve_0,LaneKeeping,-0.0662,0.5513,16.6667,0.0,,
4.86,stanley_60,lka_test,22.7205,76.5626,16.6667,curve_0,LaneKeeping,-0.0688,0.4435,16.6667,0.0,,
4.88,stanley_60,lka_test,22.903,76.8415,16.6667,curve_0,LaneKeeping,-0.0708,0.3474,16.6667,0.0,,
4.9,stanley_60,lka_test,23.086,77.1201,16.6667,curve_0,LaneKeeping,-0.0723,0.262,16.6667,0.0,,
4.92,stanley_60,lka_test,23.2694,77.3985,16.6667,curve_0,LaneKeeping,-0.0734,0.1862,16.6667,0.0,,
4.94,stanley_60,lka_test,23.4531,77.6766,16.6667,curve_0,LaneKeeping,-0.0256,1.7562,16.6667,0.0,,
4.96,stanley_60,lka_test,23.6379,77.954,16.6667,curve_0,LaneKeeping,-0.0344,1.5239,16.6667,0.0,,
4.98,stanley_60,lka_test,23.8237,78.2307,16.6667,curve_0,LaneKeeping,-0.0421,1.315,16.6667,0.0,,
5.0,stanley_60,lka_test,24.0104,78.5069,16.6667,curve_0,LaneKeeping,-0.0486,1.1274,16.6667,0.0,,
5.02,stanley_60,lka_test,24.198,78.7824,16.6667,curve_0,LaneKeeping,-0.0542,0.9589,16.6667,0.0,,
5.04,stanley_60,lka_test,24.3862,79.0575,16.6667,curve_0,LaneKeeping,-0.0589,0.808,16.6667,0.0,,
5.06,stanley_60,lka_test,24.5752,79.3322,16.6667,curve_0,LaneKeeping,-0.0628,0.6728,16.6667,0.0,,
5.08,stanley_60,lka_test,24.7647,79.6064,16.6667,curve_0,LaneKeeping,-0.0661,0.552,16.6667,0.0,,
5.1,stanley_60,lka_test,24.9547,79.8803,16.6667,curve_0,LaneKeeping,-0.0686,0.4442,16.6667,0.0,,
5.12,stanley_60,lka_test,25.1451,80.1538,16.6667,curve_0,LaneKeeping,-0.0707,0.3481,16.6667,0.0,,
5.14,stanley_60,lka_test,25.336,80.4271,16.6667,curve_0,LaneKeeping,-0.0722,0.2627,16.6667,0.0,,
5.16,stanley_60,lka_test,25.5272,80.7001,16.6667,curve_0,LaneKeeping,-0.0733,0.1869,16.6667,0.0,,
5.18,stanley_60,lka_test,25.7188,80.9729,16.6667,curve_0,LaneKeeping,-0.0254,1.7568,16.6667,0.0,,
5.2,stanley_60,lka_test,25.9114,81.2449,16.6667,curve_0,LaneKeeping,-0.0343,1.5246,16.6667,0.0,,
5.22,stanley_60,lka_test,26.1051,81.5162,16.6667,curve_0,LaneKeeping,-0.0419,1.3157,16.6667,0.0,,
5.24,stanley_60,lka_test,26.2996,81.7869,16.6667,curve_0,LaneKeeping,-0.0485,1.1281,16.6667,0.0,,
5.26,stanley_60,lka_test,26.495,82.057,16.6667,curve_0,LaneKeeping,-0.0541,0.9596,16.6667,0.0,,
5.28,stanley_60,lka_test,26.691,82.3266,16.6667,curve_0,LaneKeeping,-0.0588,0.8087,16.6667,0.0,,
5.3,stanley_60,lka_test,26.8877,82.5957,16.6667,curve_0,LaneKeeping,-0.0627,0.6735,16.6667,0.0,,
5.32,stanley_60,lka_test,27.0849,82.8644,16.6667,curve_0,LaneKeeping,-0.0659,0.5527,16.6667,0.0,,
5.34,stanley_60,lka_test,27.2827,83.1328,16.6667,curve_0,LaneKeeping,-0.0685,0.4449,16.6667,0.0,,
5.36,stanley_60,lka_test,27.4809,83.4008,16.6667,curve_0,LaneKeeping,-0.0705,0.3488,16.6667,0.0,,
5.38,stanley_60,lka_test,27.6795,83.6685,16.6667,curve_0,LaneKeeping,-0.0721,0.2634,16.6667,0.0,,
5.4,stanley_60,lka_test,27.8784,83.936,16.6667,curve_0,LaneKeeping,-0.0732,0.1876,16.6667,0.0,,
5.42,stanley_60,lka_test,28.0777,84.2032,16.6667,curve_0,LaneKeeping,-0.0252,1.7575,16.6667,0.0,,
5.44,stanley_60,lka_test,28.2781,84.4696,16.6667,curve_0,LaneKeeping,-0.0341,1.5253,16.6667,0.0,,
5.46,stanley_60,lka_test,28.4794,84.7352,16.6667,curve_0,LaneKeeping,-0.0418,1.3164,16.6667,0.0,,
5.48,stanley_60,lka_test,28.6816,85.0003,16.6667,curve_0,LaneKeeping,-0.0483,1.1288,16.6667,0.0,,
5.5,stanley_60,lka_test,28.8845,85.2647,16.6667,curve_0,LaneKeeping,-0.0539,0.9603,16.6667,0.0,,
5.52,stanley_60,lka_test,29.0882,85.5286,16.6667,curve_0,LaneKeeping,-0.0586,0.8094,16.6667,0.0,,
5.54,stanley_60,lka_test,29.2925,85.792,16.6667,curve_0,LaneKeeping,-0.0626,0.6742,16.6667,0.0,,
5.56,stanley_60,lka_test,29.4973,86.0549,16.6667,curve_0,LaneKeeping,-0.0658,0.5534,16.6667,0.0,,
5.58,stanley_60,lka_test,29.7026,86.3175,16.6667,curve_0,LaneKeeping,-0.0684,0.4456,16.6667,0.0,,
5.6,stanley_60,lka_test,29.9084,86.5797,16.6667,curve_0,LaneKeeping,-0.0704,0.3495,16.6667,0.0,,
5.62,stanley_60,lka_test,30.1146,86.8417,16.6667,curve_0,LaneKeeping,-0.0719,0.264,16.6667,0.0,,
5.64,stanley_60,lka_test,30.3211,87.1033,16.6667,curve_0,LaneKeeping,-0.073,0.1882,16.6667,0.0,,
5.66,stanley_60,lka_test,30.5279,87.3647,16.6667,curve_0,LaneKeeping,-0.0251,1.7582,16.6667,0.0,,
5.68,stanley_60,lka_test,30.7358,87.6253,16.6667,curve_0,LaneKeeping,-0.034,1.526,16.6667,0.0,,
5.7,stanley_60,lka_test,30.9446,87.8851,16.6667,curve_0,LaneKeeping,-0.0416,1.3171,16.6667,0.0,,
5.72,stanley_60,lka_test,31.1543,88.1443,16.6667,curve_0,LaneKeeping,-0.0482,1.1295,16.6667,0.0,,
5.74,stanley_60,lka_test,31.3647,88.4028,16.6667,curve_0,LaneKeeping,-0.0538,0.961,16.6667,0.0,,
5.76,stanley_60,lka_test,31.5758,88.6607,16.6667,curve_0,LaneKeeping,-0.0585,0.8101,16.6667,0.0,,
5.78,stanley_60,lka_test,31.7875,88.9182,16.6667,curve_0,LaneKeeping,-0.0624,0.6749,16.6667,0.0,,
5.8,stanley_60,lka_test,31.9998,89.1752,16.6667,curve_0,LaneKeeping,-0.0656,0.5541,16.6667,0.0,,
5.82,stanley_60,lka_test,32.2125,89.4318,16.6667,curve_0,LaneKeeping,-0.0682,0.4463,16.6667,0.0,,
5.84,stanley_60,lka_test,32.4257,89.6881,16.6667,curve_0,LaneKeeping,-0.0703,0.3502,16.6667,0.0,,
5.86,stanley_60,lka_test,32.6393,89.944,16.6667,curve_0,LaneKeeping,-0.0718,0.2647,16.6667,0.0,,
5.88,stanley_60,lka_test,32.8532,90.1997,16.6667,curve_0,LaneKeeping,-0.0729,0.1889,16.6667,0.0,,
5.9,stanley_60,lka_test,33.0674,90.4551,16.6667,curve_0,LaneKeeping,-0.0249,1.7588,16.6667,0.0,,
5.92,stanley_60,lka_test,33.2826,90.7096,16.6667,curve_0,LaneKeeping,-0.0338,1.5266,16.6667,0.0,,
5.94,stanley_60,lka_test,33.4988,90.9634,16.6667,curve_0,LaneKeeping,-0.0415,1.3178,16.6667,0.0,,
5.96,stanley_60,lka_test,33.7157,91.2164,16.6667,curve_0,LaneKeeping,-0.048,1.1302,16.6667,0.0,,
5.98,stanley_60,lka_test,33.9335,91.4688,16.6667,curve_0,LaneKeeping,-0.0536,0.9618,16.6667,0.0,,
6.0,stanley_60,lka_test,34.1519,91.7206,16.6667,curve_0,LaneKeeping,-0.0584,0.8108,16.6667,0.0,,
6.02,stanley_60,lka_test,34.3709,91.9719,16.6667,curve_0,LaneKeeping,-0.0623,0.6756,16.6667,0.0,,
6.04,stanley_60,lka_test,34.5904,92.2228,16.6667,curve_0,LaneKeeping,-0.0655,0.5548,16.6667,0.0,,
6.06,stanley_60,lka_test,34.8104,92.4732,16.6667,curve_0,LaneKeeping,-0.0681,0.447,16.6667,0.0,,
6.08,stanley_60,lka_test,35.0308,92.7233,16.6667,curve_0,LaneKeeping,-0.0702,0.3509,16.6667,0.0,,
6.1,stanley_60,lka_test,35.2516,92.973,16.6667,curve_0,LaneKeeping,-0.0717,0.2654,16.6667,0.0,,
6.12,stanley_60,lka_test,35.4727,93.2224,16.6667,curve_0,LaneKeeping,-0.0728,0.1896,16.6667,0.0,,
6.14,stanley_60,lka_test,35.6941,93.4716,16.6667,curve_0,LaneKeeping,-0.0248,1.7595,16.6667,0.0,,
6.16,stanley_60,lka_test,35.9165,93.7199,16.6667,curve_0,LaneKeeping,-0.0336,1.5273,16.6667,0.0,,
6.18,stanley_60,lka_test,36.1398,93.9674,16.6667,curve_0,LaneKeeping,-0.0413,1.3185,16.6667,0.0,,
6.2,stanley_60,lka_test,36.3639,94.2141,16.6667,curve_0,LaneKeeping,-0.0479,1.1309,16.6667,0.0,,
6.22,stanley_60,lka_test,36.5888,94.4602,16.6667,curve_0,LaneKeeping,-0.0535,0.9625,16.6667,0.0,,
6.24,stanley_60,lka_test,36.8143,94.7057,16.6667,curve_0,LaneKeeping,-0.0582,0.8115,16.6667,0.0,,
6.26,stanley_60,lka_test,37.0403,94.9506,16.6667,curve_0,LaneKeeping,-0.0621,0.6763,16.6667,0.0,,
6.28,stanley_60,lka_test,37.2669,95.1951,16.6667,curve_0,LaneKeeping,-0.0654,0.5555,16.6667,0.0,,
6.3,stanley_60,lka_test,37.494,95.4392,16.6667,curve_0,LaneKeeping,-0.068,0.4477,16.6667,0.0,,
6.32,stanley_60,lka_test,37.7214,95.6828,16.6667,curve_0,LaneKeeping,-0.07,0.3516,16.6667,0.0,,
6.34,stanley_60,lka_test,37.9492,95.9262,16.6667,curve_0,LaneKeeping,-0.0716,0.2661,16.6667,0.0,,
6.36,stanley_60,lka_test,38.1774,96.1692,16.6667,curve_0,LaneKeeping,-0.0727,0.1903,16.6667,0.0,,
6.38,stanley_60,lka_test,38.4058,96.4119,16.6667,curve_0,LaneKeeping,-0.0246,1.7601,16.6667,0.0,,
6.4,stanley_60,lka_test,38.6352,96.6538,16.6667,curve_0,LaneKeeping,-0.0335,1.528,16.6667,0.0,,
6.42,stanley_60,lka_test,38.8655,96.8948,16.6667,curve_0,LaneKeeping,-0.0412,1.3192,16.6667,0.0,,
6.44,stanley_60,lka_test,39.0966,97.135,16.6667,curve_0,LaneKeeping,-0.0477,1.1316,16.6667,0.0,,
6.46,stanley_60,lka_test,39.3284,97.3746,16.6667,curve_0,LaneKeeping,-0.0533,0.9632,16.6667,0.0,,
6.48,stanley_60,lka_test,39.5608,97.6135,16.6667,curve_0,LaneKeeping,-0.0581,0.8122,16.6667,0.0,,
6.5,stanley_60,lka_test,39.7938,97.8519,16.6667,curve_0,LaneKeeping,-0.062,0.677,16.6667,0.0,,
6.52,stanley_60,lka_test,40.0272,98.0898,16.6667,curve_0,LaneKeeping,-0.0652,0.5562,16.6667,0.0,,
6.54,stanley_60,lka_test,40.2612,98.3273,16.6667,curve_0,LaneKeeping,-0.0678,0.4483,16.6667,0.0,,
6.56,stanley_60,lka_test,40.4955,98.5643,16.6667,curve_0,LaneKeeping,-0.0699,0.3522,16.6667,0.0,,
6.58,stanley_60,lka_test,40.7302,98.8011,16.6667,curve_0,LaneKeeping,-0.0714,0.2668,16.6667,0.0,,
6.6,stanley_60,lka_test,40.9652,99.0375,16.6667,curve_0,LaneKeeping,-0.0726,0.1909,16.6667,0.0,,
6.62,stanley_60,lka_test,41.2004,99.2736,16.6667,curve_0,LaneKeeping,-0.0244,1.7608,16.6667,0.0,,
6.64,stanley_60,lka_test,41.4367,99.5088,16.6667,curve_0,LaneKeeping,-0.0333,1.5287,16.6667,0.0,,
6.66,stanley_60,lka_test,41.6737,99.7431,16.6667,curve_0,LaneKeeping,-0.041,1.3199,16.6667,0.0,,
6.68,stanley_60,lka_test,41.9116,99.9767,16.6667,curve_0,LaneKeeping,-0.0476,1.1323,16.6667,0.0,,
6.7,stanley_60,lka_test,42.1501,100.2095,16.6667,curve_0,LaneKeeping,-0.0532,0.9639,16.6667,0.0,,
6.72,stanley_60,lka_test,42.3892,100.4417,16.6667,curve_0,LaneKeeping,-0.0579,0.8129,16.6667,0.0,,
6.74,stanley_60,lka_test,42.6289,100.6734,16.6667,curve_0,LaneKeeping,-0.0619,0.6777,16.6667,0.0,,
6.76,stanley_60,lka_test,42.8691,100.9045,16.6667,curve_0,LaneKeeping,-0.0651,0.5569,16.6667,0.0,,
6.78,stanley_60,lka_test,43.1097,101.1352,16.6667,curve_0,LaneKeeping,-0.0677,0.449,16.6667,0.0,,
6.8,stanley_60,lka_test,43.3507,101.3655,16.6667,curve_0,LaneKeeping,-0.0698,0.3529,16.6667,0.0,,
6.82,stanley_60,lka_test,43.5921,101.5954,16.6667,curve_0,LaneKeeping,-0.0713,0.2675,16.6667,0.0,,
6.84,stanley_60,lka_test,43.8337,101.825,16.6667,curve_0,LaneKeeping,-0.0724,0.1916,16.6667,0.0,,
6.86,stanley_60,lka_test,44.0756,102.0543,16.6667,curve_0,LaneKeeping,-0.0243,1.7615,16.6667,0.0,,
6.88,stanley_60,lka_test,44.3185,102.2827,16.6667,curve_0,LaneKeeping,-0.0332,1.5293,16.6667,0.0,,
6.9,stanley_60,lka_test,44.5621,102.5101,16.6667,curve_0,LaneKeeping,-0.0408,1.3206,16.6667,0.0,,
6.92,stanley_60,lka_test,44.8065,102.7368,16.6667,curve_0,LaneKeeping,-0.0474,1.133,16.6667,0.0,,
6.94,stanley_60,lka_test,45.0516,102.9627,16.6667,curve_0,LaneKeeping,-0.053,0.9646,16.6667,0.0,,
6.96,stanley_60,lka_test,45.2973,103.188,16.6667,curve_0,LaneKeeping,-0.0578,0.8136,16.6667,0.0,,
6.98,stanley_60,lka_test,45.5435,103.4127,16.6667,curve_0,LaneKeeping,-0.0617,0.6784,16.6667,0.0,,
7.0,stanley_60,lka_test,45.7902,103.6369,16.6667,curve_0,LaneKeeping,-0.065,0.5576,16.6667,0.0,,
7.02,stanley_60,lka_test,46.0373,103.8606,16.6667,curve_0,LaneKeeping,-0.0676,0.4497,16.6667,0.0,,
7.04,stanley_60,lka_test,46.2848,104.0839,16.6667,curve_0,LaneKeeping,-0.0696,0.3536,16.6667,0.0,,
7.06,stanley_60,lka_test,46.5326,104.3069,16.6667,curve_0,LaneKeeping,-0.0712,0.2681,16.6667,0.0,,
7.08,stanley_60,lka_test,46.7807,104.5295,16.6667,curve_0,LaneKeeping,-0.0723,0.1923,16.6667,0.0,,
7.1,stanley_60,lka_test,47.029,104.7518,16.6667,curve_0,LaneKeeping,-0.0241,1.7621,16.6667,0.0,,
7.12,stanley_60,lka_test,47.2783,104.9731,16.6667,curve_0,LaneKeeping,-0.033,1.53,16.6667,0.0,,
7.14,stanley_60,lka_test,47.5284,105.1935,16.6667,curve_0,LaneKeeping,-0.0407,1.3212,16.6667,0.0,,
7.16,stanley_60,lka_test,47.7792,105.4131,16.6667,curve_0,LaneKeeping,-0.0473,1.1336,16.6667,0.0,,
7.18,stanley_60,lka_test,48.0306,105.6319,16.6667,curve_0,LaneKeeping,-0.0529,0.9653,16.6667,0.0,,
7.2,stanley_60,lka_test,48.2826,105.8501,16.6667,curve_0,LaneKeeping,-0.0576,0.8143,16.6667,0.0,,
7.22,stanley_60,lka_test,48.5351,106.0677,16.6667,curve_0,LaneKeeping,-0.0616,0.6791,16.6667,0.0,,
7.24,stanley_60,lka_test,48.7881,106.2848,16.6667,curve_0,LaneKeeping,-0.0648,0.5583,16.6667,0.0,,
7.26,stanley_60,lka_test,49.0415,106.5013,16.6667,curve_0,LaneKeeping,-0.0675,0.4504,16.6667,0.0,,
7.28,stanley_60,lka_test,49.2952,106.7175,16.6667,curve_0,LaneKeeping,-0.0695,0.3543,16.6667,0.0,,
7.3,stanley_60,lka_test,49.5493,106.9333,16.6667,curve_0,LaneKeeping,-0.0711,0.2688,16.6667,0.0,,
7.32,stanley_60,lka_test,49.8037,107.1487,16.6667,curve_0,LaneKeeping,-0.0722,0.1929,16.6667,0.0,,
7.34,stanley_60,lka_test,50.0583,107.3638,16.6667,curve_0,LaneKeeping,-0.0239,1.7628,16.6667,0.0,,
7.36,stanley_60,lka_test,50.3138,107.5779,16.6667,curve_0,LaneKeeping,-0.0328,1.5307,16.6667,0.0,,
7.38,stanley_60,lka_test,50.57,107.7911,16.6667,curve_0,LaneKeeping,-0.0405,1.3219,16.6667,0.0,,
7.4,stanley_60,lka_test,50.827,108.0034,16.6667,curve_0,LaneKeeping,-0.0471,1.1343,16.6667,0.0,,
7.42,stanley_60,lka_test,51.0846,108.215,16.6667,curve_0,LaneKeeping,-0.0527,0.966,16.6667,0.0,,
7.44,stanley_60,lka_test,51.3427,108.4259,16.6667,curve_0,LaneKeeping,-0.0575,0.815,16.6667,0.0,,
7.46,stanley_60,lka_test,51.6013,108.6362,16.6667,curve_0,LaneKeeping,-0.0614,0.6798,16.6667,0.0,,
7.48,stanley_60,lka_test,51.8604,108.8459,16.6667,curve_0,LaneKeeping,-0.0647,0.559,16.6667,0.0,,
7.5,stanley_60,lka_test,52.1199,109.0552,16.6667,curve_0,LaneKeeping,-0.0673,0.4511,16.6667,0.0,,
7.52,stanley_60,lka_test,52.3797,109.264,16.6667,curve_0,LaneKeeping,-0.0694,0.355,16.6667,0.0,,
7.54,stanley_60,lka_test,52.6398,109.4724,16.6667,curve_0,LaneKeeping,-0.071,0.2695,16.6667,0.0,,
7.56,stanley_60,lka_test,52.9002,109.6805,16.6667,curve_0,LaneKeeping,-0.0721,0.1936,16.6667,0.0,,
7.58,stanley_60,lka_test,53.1609,109.8883,16.6667,curve_0,LaneKeeping,-0.0238,1.7634,16.6667,0.0,,
7.6,stanley_60,lka_test,53.4224,110.095,16.6667,curve_0,LaneKeeping,-0.0327,1.5314,16.6667,0.0,,
7.62,stanley_60,lka_test,53.6846,110.3008,16.6667,curve_0,LaneKeeping,-0.0404,1.3226,16.6667,0.0,,
7.64,stanley_60,lka_test,53.9475,110.5057,16.6667,curve_0,LaneKeeping,-0.047,1.135,16.6667,0.0,,
7.66,stanley_60,lka_test,54.211,110.7098,16.6667,curve_0,LaneKeeping,-0.0526,0.9667,16.6667,0.0,,
7.68,stanley_60,lka_test,54.4751,110.9133,16.6667,curve_0,LaneKeeping,-0.0573,0.8157,16.6667,0.0,,
7.7,stanley_60,lka_test,54.7396,111.1161,16.6667,curve_0,LaneKeeping,-0.0613,0.6805,16.6667,0.0,,
7.72,stanley_60,lka_test,55.0046,111.3184,16.6667,curve_0,LaneKeeping,-0.0646,0.5597,16.6667,0.0,,
7.74,stanley_60,lka_test,55.2699,111.5201,16.6667,curve_0,LaneKeeping,-0.0672,0.4518,16.6667,0.0,,
7.76,stanley_60,lka_test,55.5356,111.7214,16.6667,curve_0,LaneKeeping,-0.0693,0.3557,16.6667,0.0,,
7.78,stanley_60,lka_test,55.8016,111.9223,16.6667,curve_0,LaneKeeping,-0.0708,0.2702,16.6667,0.0,,
7.8,stanley_60,lka_test,56.0678,112.1229,16.6667,curve_0,LaneKeeping,-0.072,0.1943,16.6667,0.0,,
7.82,stanley_60,lka_test,56.3343,112.3232,16.6667,curve_0,LaneKeeping,-0.0236,1.7641,16.6667,0.0,,
7.84,stanley_60,lka_test,56.6016,112.5223,16.6667,curve_0,LaneKeeping,-0.0325,1.532,16.6667,0.0,,
7.86,stanley_60,lka_test,56.8696,112.7205,16.6667,curve_0,LaneKeeping,-0.0402,1.3233,16.6667,0.0,,
7.88,stanley_60,lka_test,57.1383,112.9178,16.6667,curve_0,LaneKeeping,-0.0468,1.1357,16.6667,0.0,,
7.9,stanley_60,lka_test,57.4075,113.1144,16.6667,curve_0,LaneKeeping,-0.0525,0.9674,16.6667,0.0,,
7.92,stanley_60,lka_test,57.6772,113.3102,16.6667,curve_0,LaneKeeping,-0.0572,0.8164,16.6667,0.0,,
7.94,stanley_60,lka_test,57.9475,113.5054,16.6667,curve_0,LaneKeeping,-0.0612,0.6812,16.6667,0.0,,
7.96,stanley_60,lka_test,58.2181,113.7,16.6667,curve_0,LaneKeeping,-0.0644,0.5604,16.6667,0.0,,
7.98,stanley_60,lka_test,58.4891,113.8941,16.6667,curve_0,LaneKeeping,-0.0671,0.4525,16.6667,0.0,,
8.0,stanley_60,lka_test,58.7604,114.0877,16.6667,curve_0,LaneKeeping,-0.0691,0.3564,16.6667,0.0,,
8.02,stanley_60,lka_test,59.032,114.2809,16.6667,curve_0,LaneKeeping,-0.0707,0.2708,16.6667,0.0,,
8.04,stanley_60,lka_test,59.3039,114.4738,16.6667,curve_0,LaneKeeping,-0.0718,0.1949,16.6667,0.0,,
8.06,stanley_60,lka_test,59.576,114.6664,16.6667,curve_0,LaneKeeping,-0.0235,1.7647,16.6667,0.0,,
8.08,stanley_60,lka_test,59.8488,114.8578,16.6667,curve_0,LaneKeeping,-0.0324,1.5327,16.6667,0.0,,
8.1,stanley_60,lka_test,60.1224,115.0483,16.6667,curve_0,LaneKeeping,-0.0401,1.324,16.6667,0.0,,
8.12,stanley_60,lka_test,60.3966,115.2379,16.6667,curve_0,LaneKeeping,-0.0467,1.1364,16.6667,0.0,,
8.14,stanley_60,lka_test,60.6713,115.4266,16.6667,curve_0,LaneKeeping,-0.0523,0.9681,16.6667,0.0,,
8.16,stanley_60,lka_test,60.9465,115.6147,16.6667,curve_0,LaneKeeping,-0.0571,0.8171,16.6667,0.0,,
8.18,stanley_60,lka_test,61.2222,115.802,16.6667,curve_0,LaneKeeping,-0.061,0.6819,16.6667,0.0,,
8.2,stanley_60,lka_test,61.4983,115.9888,16.6667,curve_0,LaneKeeping,-0.0643,0.5611,16.6667,0.0,,
8.22,stanley_60,lka_test,61.7747,116.1751,16.6667,curve_0,LaneKeeping,-0.0669,0.4532,16.6667,0.0,,
8.24,stanley_60,lka_test,62.0514,116.3609,16.6667,curve_0,LaneKeeping,-0.069,0.357,16.6667,0.0,,
8.26,stanley_60,lka_test,62.3285,116.5463,16.6667,curve_0,LaneKeeping,-0.0706,0.2715,16.6667,0.0,,
8.28,stanley_60,lka_test,62.6057,116.7314,16.6667,curve_0,LaneKeeping,-0.0717,0.1956,16.6667,0.0,,
8.3,stanley_60,lka_test,62.8832,116.9161,16.6667,curve_0,LaneKeeping,-0.0233,1.7654,16.6667,0.0,,
8.32,stanley_60,lka_test,63.1614,117.0997,16.6667,curve_0,LaneKeeping,-0.0322,1.5334,16.6667,0.0,,
8.34,stanley_60,lka_test,63.4403,117.2823,16.6667,curve_0,LaneKeeping,-0.0399,1.3247,16.6667,0.0,,
8.36,stanley_60,lka_test,63.7198,117.4639,16.6667,curve_0,LaneKeeping,-0.0465,1.1371,16.6667,0.0,,
8.38,stanley_60,lka_test,63.9998,117.6447,16.6667,curve_0,LaneKeeping,-0.0522,0.9687,16.6667,0.0,,
8.4,stanley_60,lka_test,64.2803,117.8248,16.6667,curve_0,LaneKeeping,-0.0569,0.8178,16.6667,0.0,,
8.42,stanley_60,lka_test,64.5612,118.0043,16.6667,curve_0,LaneKeeping,-0.0609,0.6826,16.6667,0.0,,
8.44,stanley_60,lka_test,64.8425,118.1831,16.6667,curve_0,LaneKeeping,-0.0642,0.5618,16.6667,0.0,,
8.46,stanley_60,lka_test,65.1241,118.3614,16.6667,curve_0,LaneKeeping,-0.0668,0.4539,16.6667,0.0,,
8.48,stanley_60,lka_test,65.4061,118.5393,16.6667,curve_0,LaneKeeping,-0.0689,0.3577,16.6667,0.0,,
8.5,stanley_60,lka_test,65.6883,118.7167,16.6667,curve_0,LaneKeeping,-0.0705,0.2722,16.6667,0.0,,
8.52,stanley_60,lka_test,65.9707,118.8937,16.6667,curve_0,LaneKeeping,-0.0716,0.1963,16.6667,0.0,,
8.54,stanley_60,lka_test,66.2533,119.0704,16.6667,curve_0,LaneKeeping,-0.0231,1.766,16.6667,0.0,,
8.56,stanley_60,lka_test,66.5367,119.246,16.6667,curve_0,LaneKeeping,-0.0321,1.534,16.6667,0.0,,
8.58,stanley_60,lka_test,66.8207,119.4205,16.6667,curve_0,LaneKeeping,-0.0398,1.3253,16.6667,0.0,,
8.6,stanley_60,lka_test,67.1052,119.5941,16.6667,curve_0,LaneKeeping,-0.0464,1.1378,16.6667,0.0,,
8.62,stanley_60,lka_test,67.3903,119.7669,16.6667,curve_0,LaneKeeping,-0.052,0.9694,16.6667,0.0,,
8.64,stanley_60,lka_test,67.6758,119.9389,16.6667,curve_0,LaneKeeping,-0.0568,0.8185,16.6667,0.0,,
8.66,stanley_60,lka_test,67.9617,120.1103,16.6667,curve_0,LaneKeeping,-0.0608,0.6833,16.6667,0.0,,
8.68,stanley_60,lka_test,68.248,120.281,16.6667,curve_0,LaneKeeping,-0.064,0.5625,16.6667,0.0,,
8.7,stanley_60,lka_test,68.5346,120.4512,16.6667,curve_0,LaneKeeping,-0.0667,0.4546,16.6667,0.0,,
8.72,stanley_60,lka_test,68.8215,120.6209,16.6667,curve_0,LaneKeeping,-0.0688,0.3584,16.6667,0.0,,
8.74,stanley_60,lka_test,69.1087,120.7902,16.6667,curve_0,LaneKeeping,-0.0703,0.2728,16.6667,0.0,,
8.76,stanley_60,lka_test,69.396,120.9591,16.6667,curve_0,LaneKeeping,-0.0715,0.1969,16.6667,0.0,,
8.78,stanley_60,lka_test,69.6836,121.1277,16.6667,curve_0,LaneKeeping,-0.023,1.7667,16.6667,0.0,,
8.8,stanley_60,lka_test,69.9719,121.2951,16.6667,curve_0,LaneKeeping,-0.0319,1.5347,16.6667,0.0,,
8.82,stanley_60,lka_test,70.2607,121.4614,16.6667,curve_0,LaneKeeping,-0.0396,1.326,16.6667,0.0,,
8.84,stanley_60,lka_test,70.5501,121.6268,16.6667,curve_0,LaneKeeping,-0.0462,1.1385,16.6667,0.0,,
8.86,stanley_60,lka_test,70.84,121.7914,16.6667,curve_0,LaneKeeping,-0.0519,0.9701,16.6667,0.0,,
8.88,stanley_60,lka_test,71.1303,121.9552,16.6667,curve_0,LaneKeeping,-0.0566,0.8192,16.6667,0.0,,
8.9,stanley_60,lka_test,71.421,122.1183,16.6667,curve_0,LaneKeeping,-0.0606,0.684,16.6667,0.0,,
8.92,stanley_60,lka_test,71.7121,122.2808,16.6667,curve_0,LaneKeeping,-0.0639,0.5631,16.6667,0.0,,
8.94,stanley_60,lka_test,72.0034,122.4427,16.6667,curve_0,LaneKeeping,-0.0665,0.4552,16.6667,0.0,,
8.96,stanley_60,lka_test,72.295,122.6042,16.6667,curve_0,LaneKeeping,-0.0686,0.3591,16.6667,0.0,,
8.98,stanley_60,lka_test,72.5869,122.7652,16.6667,curve_0,LaneKeeping,-0.0702,0.2735,16.6667,0.0,,
9.0,stanley_60,lka_test,72.879,122.9258,16.6667,curve_0,LaneKeeping,-0.0714,0.1976,16.6667,0.0,,
9.02,stanley_60,lka_test,73.1712,123.0861,16.6667,curve_0,LaneKeeping,-0.0228,1.7673,16.6667,0.0,,
9.04,stanley_60,lka_test,73.4642,123.2452,16.6667,curve_0,LaneKeeping,-0.0317,1.5354,16.6667,0.0,,
9.06,stanley_60,lka_test,73.7576,123.4033,16.6667,curve_0,LaneKeeping,-0.0395,1.3267,16.6667,0.0,,
9.08,stanley_60,lka_test,74.0517,123.5603,16.6667,curve_0,LaneKeeping,-0.0461,1.1392,16.6667,0.0,,
9.1,stanley_60,lka_test,74.3461,123.7165,16.6667,curve_0,LaneKeeping,-0.0517,0.9708,16.6667,0.0,,
9.12,stanley_60,lka_test,74.641,123.872,16.6667,curve_0,LaneKeeping,-0.0565,0.8199,16.6667,0.0,,
9.14,stanley_60,lka_test,74.9362,124.0267,16.6667,curve_0,LaneKeeping,-0.0605,0.6847,16.6667,0.0,,
9.16,stanley_60,lka_test,75.2318,124.1808,16.6667,curve_0,LaneKeeping,-0.0638,0.5638,16.6667,0.0,,
9.18,stanley_60,lka_test,75.5277,124.3344,16.6667,curve_0,LaneKeeping,-0.0664,0.4559,16.6667,0.0,,
9.2,stanley_60,lka_test,75.8238,124.4875,16.6667,curve_0,LaneKeeping,-0.0685,0.3597,16.6667,0.0,,
9.22,stanley_60,lka_test,76.1201,124.6401,16.6667,curve_0,LaneKeeping,-0.0701,0.2742,16.6667,0.0,,
9.24,stanley_60,lka_test,76.4167,124.7923,16.6667,curve_0,LaneKeeping,-0.0713,0.1982,16.6667,0.0,,
9.26,stanley_60,lka_test,76.7134,124.9442,16.6667,curve_0,LaneKeeping,-0.0226,1.768,16.6667,0.0,,
9.28,stanley_60,lka_test,77.0107,125.0948,16.6667,curve_0,LaneKeeping,-0.0316,1.536,16.6667,0.0,,
9.3,stanley_60,lka_test,77.3086,125.2444,16.6667,curve_0,LaneKeeping,-0.0393,1.3274,16.6667,0.0,,
9.32,stanley_60,lka_test,77.607,125.3931,16.6667,curve_0,LaneKeeping,-0.0459,1.1398,16.6667,0.0,,
9.34,stanley_60,lka_test,77.9058,125.5408,16.6667,curve_0,LaneKeeping,-0.0516,0.9715,16.6667,0.0,,
9.36,stanley_60,lka_test,78.205,125.6877,16.6667,curve_0,LaneKeeping,-0.0564,0.8206,16.6667,0.0,,
9.38,stanley_60,lka_test,78.5045,125.834,16.6667,curve_0,LaneKeeping,-0.0603,0.6854,16.6667,0.0,,
9.4,stanley_60,lka_test,78.8044,125.9796,16.6667,curve_0,LaneKeeping,-0.0636,0.5645,16.6667,0.0,,
9.42,stanley_60,lka_test,79.1045,126.1246,16.6667,curve_0,LaneKeeping,-0.0663,0.4566,16.6667,0.0,,
9.44,stanley_60,lka_test,79.4048,126.2692,16.6667,curve_0,LaneKeeping,-0.0684,0.3604,16.6667,0.0,,
9.46,stanley_60,lka_test,79.7054,126.4133,16.6667,curve_0,LaneKeeping,-0.07,0.2748,16.6667,0.0,,
9.48,stanley_60,lka_test,80.0062,126.557,16.6667,curve_0,LaneKeeping,-0.0711,0.1989,16.6667,0.0,,
9.5,stanley_60,lka_test,80.3071,126.7003,16.6667,curve_0,LaneKeeping,-0.0225,1.7686,16.6667,0.0,,
9.52,stanley_60,lka_test,80.6086,126.8424,16.6667,curve_0,LaneKeeping,-0.0314,1.5367,16.6667,0.0,,
9.54,stanley_60,lka_test,80.9107,126.9835,16.6667,curve_0,LaneKeeping,-0.0392,1.328,16.6667,0.0,,
9.56,stanley_60,lka_test,81.2132,127.1235,16.6667,curve_0,LaneKeeping,-0.0458,1.1405,16.6667,0.0,,
9.58,stanley_60,lka_test,81.5161,127.2626,16.6667,curve_0,LaneKeeping,-0.0514,0.9722,16.6667,0.0,,
9.6,stanley_60,lka_test,81.8193,127.401,16.6667,curve_0,LaneKeeping,-0.0562,0.8212,16.6667,0.0,,
9.62,stanley_60,lka_test,82.1229,127.5386,16.6667,curve_0,LaneKeeping,-0.0602,0.6861,16.6667,0.0,,
9.64,stanley_60,lka_test,82.4268,127.6756,16.6667,curve_0,LaneKeeping,-0.0635,0.5652,16.6667,0.0,,
9.66,stanley_60,lka_test,82.731,127.812,16.6667,curve_0,LaneKeeping,-0.0662,0.4573,16.6667,0.0,,
9.68,stanley_60,lka_test,83.0353,127.9479,16.6667,curve_0,LaneKeeping,-0.0683,0.3611,16.6667,0.0,,
9.7,stanley_60,lka_test,83.3399,128.0834,16.6667,curve_0,LaneKeeping,-0.0699,0.2755,16.6667,0.0,,
9.72,stanley_60,lka_test,83.6446,128.2184,16.6667,curve_0,LaneKeeping,-0.071,0.1995,16.6667,0.0,,
9.74,stanley_60,lka_test,83.9496,128.3531,16.6667,curve_0,LaneKeeping,-0.0223,1.7693,16.6667,0.0,,
9.76,stanley_60,lka_test,84.255,128.4866,16.6667,curve_0,LaneKeeping,-0.0313,1.5373,16.6667,0.0,,
9.78,stanley_60,lka_test,84.5609,128.6189,16.6667,curve_0,LaneKeeping,-0.039,1.3287,16.6667,0.0,,
9.8,stanley_60,lka_test,84.8673,128.7503,16.6667,curve_0,LaneKeeping,-0.0456,1.1412,16.6667,0.0,,
9.82,stanley_60,lka_test,85.1741,128.8807,16.6667,curve_0,LaneKeeping,-0.0513,0.9729,16.6667,0.0,,
9.84,stanley_60,lka_test,85.4812,129.0103,16.6667,curve_0,LaneKeeping,-0.0561,0.8219,16.6667,0.0,,
9.86,stanley_60,lka_test,85.7886,129.1392,16.6667,curve_0,LaneKeeping,-0.0601,0.6868,16.6667,0.0,,
9.88,stanley_60,lka_test,86.0962,129.2675,16.6667,curve_0,LaneKeeping,-0.0634,0.5659,16.6667,0.0,,
9.9,stanley_60,lka_test,86.4041,129.3952,16.6667,curve_0,LaneKeeping,-0.066,0.458,16.6667,0.0,,
9.92,stanley_60,lka_test,86.7123,129.5223,16.6667,curve_0,LaneKeeping,-0.0681,0.3618,16.6667,0.0,,
9.94,stanley_60,lka_test,87.0206,129.649,16.6667,curve_0,LaneKeeping,-0.0697,0.2762,16.6667,0.0,,
9.96,stanley_60,lka_test,87.3291,129.7753,16.6667,curve_0,LaneKeeping,-0.0709,0.2002,16.6667,0.0,,
9.98,stanley_60,lka_test,87.6377,129.9012,16.6667,curve_0,LaneKeeping,-0.0222,1.7699,16.6667,0.0,,
10.0,stanley_60,lka_test,87.9468,130.0259,16.6667,curve_0,LaneKeeping,-0.0311,1.538,16.6667,0.0,,
10.02,stanley_60,lka_test,88.2564,130.1495,16.6667,curve_0,LaneKeeping,-0.0388,1.3294,16.6667,0.0,,
10.04,stanley_60,lka_test,88.5664,130.272,16.6667,curve_0,LaneKeeping,-0.0455,1.1419,16.6667,0.0,,
10.06,stanley_60,lka_test,88.8768,130.3936,16.6667,curve_0,LaneKeeping,-0.0512,0.9736,16.6667,0.0,,
10.08,stanley_60,lka_test,89.1874,130.5144,16.6667,curve_0,LaneKeeping,-0.0559,0.8226,16.6667,0.0,,
10.1,stanley_60,lka_test,89.4984,130.6345,16.6667,curve_0,LaneKeeping,-0.0599,0.6874,16.6667,0.0,,
10.12,stanley_60,lka_test,89.8096,130.7539,16.6667,curve_0,LaneKeeping,-0.0632,0.5666,16.6667,0.0,,
10.14,stanley_60,lka_test,90.121,130.8728,16.6667,curve_0,LaneKeeping,-0.0659,0.4586,16.6667,0.0,,
10.16,stanley_60,lka_test,90.4327,130.9911,16.6667,curve_0,LaneKeeping,-0.068,0.3624,16.6667,0.0,,
10.18,stanley_60,lka_test,90.7445,131.1089,16.6667,curve_0,LaneKeeping,-0.0696,0.2768,16.6667,0.0,,
10.2,stanley_60,lka_test,91.0564,131.2264,16.6667,curve_0,LaneKeeping,-0.0708,0.2008,16.6667,0.0,,
10.22,stanley_60,lka_test,91.3685,131.3434,16.6667,curve_0,LaneKeeping,-0.022,1.7705,16.6667,0.0,,
10.24,stanley_60,lka_test,91.6811,131.4592,16.6667,curve_0,LaneKeeping,-0.031,1.5387,16.6667,0.0,,
10.26,stanley_60,lka_test,91.9941,131.5739,16.6667,curve_0,LaneKeeping,-0.0387,1.33,16.6667,0.0,,
10.28,stanley_60,lka_test,92.3075,131.6875,16.6667,curve_0,LaneKeeping,-0.0453,1.1426,16.6667,0.0,,
10.3,stanley_60,lka_test,92.6212,131.8002,16.6667,curve_0,LaneKeeping,-0.051,0.9742,16.6667,0.0,,
10.32,stanley_60,lka_test,92.9352,131.9121,16.6667,curve_0,LaneKeeping,-0.0558,0.8233,16.6667,0.0,,
10.34,stanley_60,lka_test,93.2494,132.0233,16.6667,curve_0,LaneKeeping,-0.0598,0.6881,16.6667,0.0,,
10.36,stanley_60,lka_test,93.5639,132.1337,16.6667,curve_0,LaneKeeping,-0.0631,0.5672,16.6667,0.0,,
10.38,stanley_60,lka_test,93.8786,132.2436,16.6667,curve_0,LaneKeeping,-0.0658,0.4593,16.6667,0.0,,
10.4,stanley_60,lka_test,94.1935,132.353,16.6667,curve_0,LaneKeeping,-0.0679,0.3631,16.6667,0.0,,
10.42,stanley_60,lka_test,94.5085,132.4619,16.6667,curve_0,LaneKeeping,-0.0695,0.2775,16.6667,0.0,,
10.44,stanley_60,lka_test,94.8237,132.5704,16.6667,curve_0,LaneKeeping,-0.0707,0.2015,16.6667,0.0,,
10.46,stanley_60,lka_test,95.139,132.6785,16.6667,curve_0,LaneKeeping,-0.0219,1.7712,16.6667,0.0,,
10.48,stanley_60,lka_test,95.4548,132.7853,16.6667,curve_0,LaneKeeping,-0.0308,1.5393,16.6667,0.0,,
10.5,stanley_60,lka_test,95.7709,132.891,16.6667,curve_0,LaneKeeping,-0.0385,1.3307,16.6667,0.0,,
10.52,stanley_60,lka_test,96.0874,132.9956,16.6667,curve_0,LaneKeeping,-0.0452,1.1432,16.6667,0.0,,
10.54,stanley_60,lka_test,96.4042,133.0993,16.6667,curve_0,LaneKeeping,-0.0509,0.9749,16.6667,0.0,,
10.56,stanley_60,lka_test,96.7213,133.2022,16.6667,curve_0,LaneKeeping,-0.0557,0.824,16.6667,0.0,,
10.58,stanley_60,lka_test,97.0386,133.3043,16.6667,curve_0,LaneKeeping,-0.0597,0.6888,16.6667,0.0,,
10.6,stanley_60,lka_test,97.3561,133.4058,16.6667,curve_0,LaneKeeping,-0.063,0.5679,16.6667,0.0,,
10.62,stanley_60,lka_test,97.6738,133.5066,16.6667,curve_0,LaneKeeping,-0.0656,0.46,16.6667,0.0,,
10.64,stanley_60,lka_test,97.9917,133.607,16.6667,curve_0,LaneKeeping,-0.0678,0.3638,16.6667,0.0,,
10.66,stanley_60,lka_test,98.3097,133.7068,16.6667,curve_0,LaneKeeping,-0.0694,0.2782,16.6667,0.0,,
10.68,stanley_60,lka_test,98.6279,133.8062,16.6667,curve_0,LaneKeeping,-0.0706,0.2021,16.6667,0.0,,
10.7,stanley_60,lka_test,98.9461,133.9053,16.6667,curve_0,LaneKeeping,-0.0217,1.7718,16.6667,0.0,,
10.72,stanley_60,lka_test,99.2648,134.0031,16.6667,curve_0,LaneKeeping,-0.0307,1.54,16.6667,0.0,,
10.74,stanley_60,lka_test,99.5838,134.0997,16.6667,curve_0,LaneKeeping,-0.0384,1.3314,16.6667,0.0,,
10.76,stanley_60,lka_test,99.9032,134.1952,16.6667,curve_0,LaneKeeping,-0.0451,1.1439,16.6667,0.0,,
10.78,stanley_60,lka_test,100.2228,134.2899,16.6667,curve_0,LaneKeeping,-0.0507,0.9756,16.6667,0.0,,
10.8,stanley_60,lka_test,100.5427,134.3836,16.6667,curve_0,LaneKeeping,-0.0555,0.8247,16.6667,0.0,,
10.82,stanley_60,lka_test,100.8628,134.4767,16.6667,curve_0,LaneKeeping,-0.0595,0.6895,16.6667,0.0,,
10.84,stanley_60,lka_test,101.183,134.569,16.6667,curve_0,LaneKeeping,-0.0628,0.5686,16.6667,0.0,,
10.86,stanley_60,lka_test,101.5035,134.6608,16.6667,curve_0,LaneKeeping,-0.0655,0.4607,16.6667,0.0,,
10.88,stanley_60,lka_test,101.8241,134.752,16.6667,curve_0,LaneKeeping,-0.0676,0.3644,16.6667,0.0,,
10.9,stanley_60,lka_test,102.1449,134.8427,16.6667,curve_0,LaneKeeping,-0.0693,0.2788,16.6667,0.0,,
10.92,stanley_60,lka_test,102.4657,134.933,16.6667,curve_0,LaneKeeping,-0.0704,0.2028,16.6667,0.0,,
10.94,stanley_60,lka_test,102.7867,135.0229,16.6667,curve_0,LaneKeeping,-0.0215,1.7725,16.6667,0.0,,
10.96,stanley_60,lka_test,103.108,135.1115,16.6667,curve_0,LaneKeeping,-0.0305,1.5406,16.6667,0.0,,
10.98,stanley_60,lka_test,103.4297,135.199,16.6667,curve_0,LaneKeeping,-0.0382,1.332,16.6667,0.0,,
11.0,stanley_60,lka_test,103.7516,135.2854,16.6667,curve_0,LaneKeeping,-0.0449,1.1446,16.6667,0.0,,
11.02,stanley_60,lka_test,104.0738,135.3709,16.6667,curve_0,LaneKeeping,-0.0506,0.9763,16.6667,0.0,,
11.04,stanley_60,lka_test,104.3962,135.4555,16.6667,curve_0,LaneKeeping,-0.0554,0.8253,16.6667,0.0,,
11.06,stanley_60,lka_test,104.7189,135.5393,16.6667,curve_0,LaneKeeping,-0.0594,0.6902,16.6667,0.0,,
11.08,stanley_60,lka_test,105.0417,135.6225,16.6667,curve_0,LaneKeeping,-0.0627,0.5693,16.6667,0.0,,
11.1,stanley_60,lka_test,105.3646,135.705,16.6667,curve_0,LaneKeeping,-0.0654,0.4613,16.6667,0.0,,
11.12,stanley_60,lka_test,105.6877,135.787,16.6667,curve_0,LaneKeeping,-0.0675,0.3651,16.6667,0.0,,
11.14,stanley_60,lka_test,106.0109,135.8686,16.6667,curve_0,LaneKeeping,-0.0691,0.2795,16.6667,0.0,,
11.16,stanley_60,lka_test,106.3342,135.9497,16.6667,curve_0,LaneKeeping,-0.0703,0.2034,16.6667,0.0,,
11.18,stanley_60,lka_test,106.6576,136.0304,16.6667,curve_0,LaneKeeping,-0.0214,1.7731,16.6667,0.0,,
11.2,stanley_60,lka_test,106.9814,136.1098,16.6667,curve_0,LaneKeeping,-0.0303,1.5413,16.6667,0.0,,
11.22,stanley_60,lka_test,107.3054,136.1881,16.6667,curve_0,LaneKeeping,-0.0381,1.3327,16.6667,0.0,,
11.24,stanley_60,lka_test,107.6297,136.2652,16.6667,curve_0,LaneKeeping,-0.0448,1.1453,16.6667,0.0,,
11.26,stanley_60,lka_test,107.9542,136.3414,16.6667,curve_0,LaneKeeping,-0.0504,0.977,16.6667,0.0,,
11.28,stanley_60,lka_test,108.2789,136.4168,16.6667,curve_0,LaneKeeping,-0.0552,0.826,16.6667,0.0,,
11.3,stanley_60,lka_test,108.6037,136.4914,16.6667,curve_0,LaneKeeping,-0.0593,0.6908,16.6667,0.0,,
0.0,stanley_80,lka_test,0.0,0.0,22.2222,curve_0,LaneKeeping,0.0,0.8185,22.2222,0.0,,
0.02,stanley_80,lka_test,0.001,0.4444,22.2222,curve_0,LaneKeeping,-0.0053,0.6838,22.2222,0.0,,
0.04,stanley_80,lka_test,0.003,0.8889,22.2222,curve_0,LaneKeeping,-0.0097,0.568,22.2222,0.0,,
0.06,stanley_80,lka_test,0.0057,1.3333,22.2222,curve_0,LaneKeeping,-0.0133,0.4686,22.2222,0.0,,
0.08,stanley_80,lka_test,0.0091,1.7778,22.2222,curve_0,LaneKeeping,-0.0163,0.3833,22.2222,0.0,,
0.1,stanley_80,lka_test,0.013,2.2222,22.2222,curve_0,LaneKeeping,0.0321,1.9473,22.2222,0.0,,
0.12,stanley_80,lka_test,0.0193,2.6666,22.2222,curve_0,LaneKeeping,0.0193,1.6462,22.2222,0.0,,
0.14,stanley_80,lka_test,0.0276,3.1109,22.2222,curve_0,LaneKeeping,0.0085,1.3869,22.2222,0.0,,
0.16,stanley_80,lka_test,0.0376,3.5553,22.2222,curve_0,LaneKeeping,-0.0005,1.1638,22.2222,0.0,,
0.18,stanley_80,lka_test,0.0491,3.9996,22.2222,curve_0,LaneKeeping,-0.008,0.9719,22.2222,0.0,,
0.2,stanley_80,lka_test,0.0619,4.4438,22.2222,curve_0,LaneKeeping,-0.0143,0.807,22.2222,0.0,,
0.22,stanley_80,lka_test,0.0758,4.8881,22.2222,curve_0,LaneKeeping,-0.0194,0.6654,22.2222,0.0,,
0.24,stanley_80,lka_test,0.0906,5.3323,22.2222,curve_0,LaneKeeping,-0.0237,0.5441,22.2222,0.0,,
0.26,stanley_80,lka_test,0.1062,5.7764,22.2222,curve_0,LaneKeeping,-0.0271,0.4401,22.2222,0.0,,
0.28,stanley_80,lka_test,0.1226,6.2206,22.2222,curve_0,LaneKeeping,0.021,1.9882,22.2222,0.0,,
0.3,stanley_80,lka_test,0.1413,6.6646,22.2222,curve_0,LaneKeeping,0.008,1.6736,22.2222,0.0,,
0.32,stanley_80,lka_test,0.1622,7.1086,22.2222,curve_0,LaneKeeping,-0.0029,1.4029,22.2222,0.0,,
0.34,stanley_80,lka_test,0.1848,7.5524,22.2222,curve_0,LaneKeeping,-0.0119,1.1702,22.2222,0.0,,
0.36,stanley_80,lka_test,0.209,7.9962,22.2222,curve_0,LaneKeeping,-0.0195,0.9703,22.2222,0.0,,
0.38,stanley_80,lka_test,0.2346,8.4399,22.2222,curve_0,LaneKeeping,-0.0257,0.7987,22.2222,0.0,,
0.4,stanley_80,lka_test,0.2613,8.8836,22.2222,curve_0,LaneKeeping,-0.0307,0.6516,22.2222,0.0,,
0.42,stanley_80,lka_test,0.2889,9.3272,22.2222,curve_0,LaneKeeping,-0.0348,0.5256,22.2222,0.0,,
0.44,stanley_80,lka_test,0.3174,9.7707,22.2222,curve_0,LaneKeeping,-0.038,0.4179,22.2222,0.0,,
0.46,stanley_80,lka_test,0.3466,10.2142,22.2222,curve_0,LaneKeeping,0.0103,1.9629,22.2222,0.0,,
0.48,stanley_80,lka_test,0.3782,10.6575,22.2222,curve_0,LaneKeeping,-0.0025,1.646,22.2222,0.0,,
0.5,stanley_80,lka_test,0.412,11.1007,22.2222,curve_0,LaneKeeping,-0.0131,1.3734,22.2222,0.0,,
0.52,stanley_80,lka_test,0.4476,11.5437,22.2222,curve_0,LaneKeeping,-0.022,1.1393,22.2222,0.0,,
0.54,stanley_80,lka_test,0.4847,11.9866,22.2222,curve_0,LaneKeeping,-0.0293,0.9383,22.2222,0.0,,
0.56,stanley_80,lka_test,0.5231,12.4293,22.2222,curve_0,LaneKeeping,-0.0352,0.766,22.2222,0.0,,
0.58,stanley_80,lka_test,0.5627,12.872,22.2222,curve_0,LaneKeeping,-0.04,0.6185,22.2222,0.0,,
0.6,stanley_80,lka_test,0.6033,13.3146,22.2222,curve_0,LaneKeeping,-0.0438,0.4923,22.2222,0.0,,
0.62,stanley_80,lka_test,0.6447,13.7571,22.2222,curve_0,LaneKeeping,-0.0468,0.3846,22.2222,0.0,,
0.64,stanley_80,lka_test,0.6868,14.1996,22.2222,curve_0,LaneKeeping,0.0018,1.9298,22.2222,0.0,,
0.66,stanley_80,lka_test,0.7314,14.6418,22.2222,curve_0,LaneKeeping,-0.0107,1.6131,22.2222,0.0,,
0.68,stanley_80,lka_test,0.778,15.0838,22.2222,curve_0,LaneKeeping,-0.0211,1.3409,22.2222,0.0,,
0.7,stanley_80,lka_test,0.8265,15.5256,22.2222,curve_0,LaneKeeping,-0.0297,1.1073,22.2222,0.0,,
0.72,stanley_80,lka_test,0.8765,15.9672,22.2222,curve_0,LaneKeeping,-0.0368,0.9069,22.2222,0.0,,
0.74,stanley_80,lka_test,0.9278,16.4086,22.2222,curve_0,LaneKeeping,-0.0425,0.7352,22.2222,0.0,,
0.76,stanley_80,lka_test,0.9803,16.85,22.2222,curve_0,LaneKeeping,-0.047,0.5883,22.2222,0.0,,
0.78,stanley_80,lka_test,1.0337,17.2912,22.2222,curve_0,LaneKeeping,-0.0506,0.4628,22.2222,0.0,,
0.8,stanley_80,lka_test,1.0879,17.7323,22.2222,curve_0,LaneKeeping,-0.0534,0.3558,22.2222,0.0,,
0.82,stanley_80,lka_test,1.1429,18.1734,22.2222,curve_0,LaneKeeping,-0.0045,1.9017,22.2222,0.0,,
0.84,stanley_80,lka_test,1.2003,18.6141,22.2222,curve_0,LaneKeeping,-0.0168,1.5858,22.2222,0.0,,
0.86,stanley_80,lka_test,1.2597,19.0545,22.2222,curve_0,LaneKeeping,-0.027,1.3144,22.2222,0.0,,
0.88,stanley_80,lka_test,1.321,19.4947,22.2222,curve_0,LaneKeeping,-0.0354,1.0815,22.2222,0.0,,
0.9,stanley_80,lka_test,1.3838,19.9347,22.2222,curve_0,LaneKeeping,-0.0423,0.8819,22.2222,0.0,,
0.92,stanley_80,lka_test,1.4479,20.3745,22.2222,curve_0,LaneKeeping,-0.0478,0.711,22.2222,0.0,,
0.94,stanley_80,lka_test,1.5131,20.8142,22.2222,curve_0,LaneKeeping,-0.0522,0.5648,22.2222,0.0,,
0.96,stanley_80,lka_test,1.5793,21.2536,22.2222,curve_0,LaneKeeping,-0.0556,0.4401,22.2222,0.0,,
0.98,stanley_80,lka_test,1.6463,21.693,22.2222,curve_0,LaneKeeping,-0.0582,0.3338,22.2222,0.0,,
1.0,stanley_80,lka_test,1.714,22.1323,22.2222,curve_0,LaneKeeping,-0.0091,1.8804,22.2222,0.0,,
1.02,stanley_80,lka_test,1.7841,22.5712,22.2222,curve_0,LaneKeeping,-0.0213,1.5652,22.2222,0.0,,
1.04,stanley_80,lka_test,1.8563,23.0097,22.2222,curve_0,LaneKeeping,-0.0313,1.2945,22.2222,0.0,,
1.06,stanley_80,lka_test,1.9302,23.4479,22.2222,curve_0,LaneKeeping,-0.0395,1.0623,22.2222,0.0,,
1.08,stanley_80,lka_test,2.0057,23.8859,22.2222,curve_0,LaneKeeping,-0.0462,0.8633,22.2222,0.0,,
1.1,stanley_80,lka_test,2.0825,24.3237,22.2222,curve_0,LaneKeeping,-0.0516,0.693,22.2222,0.0,,
1.12,stanley_80,lka_test,2.1603,24.7613,22.2222,curve_0,LaneKeeping,-0.0559,0.5475,22.2222,0.0,,
1.14,stanley_80,lka_test,2.2392,25.1987,22.2222,curve_0,LaneKeeping,-0.0591,0.4233,22.2222,0.0,,
1.16,stanley_80,lka_test,2.3188,25.6359,22.2222,curve_0,LaneKeeping,-0.0616,0.3176,22.2222,0.0,,
1.18,stanley_80,lka_test,2.3992,26.073,22.2222,curve_0,LaneKeeping,-0.0124,1.8648,22.2222,0.0,,
1.2,stanley_80,lka_test,2.4819,26.5097,22.2222,curve_0,LaneKeeping,-0.0244,1.5502,22.2222,0.0,,
1.22,stanley_80,lka_test,2.5667,26.946,22.2222,curve_0,LaneKeeping,-0.0344,1.28,22.2222,0.0,,
1.24,stanley_80,lka_test,2.6532,27.3819,22.2222,curve_0,LaneKeeping,-0.0425,1.0483,22.2222,0.0,,
1.26,stanley_80,lka_test,2.7413,27.8176,22.2222,curve_0,LaneKeeping,-0.0491,0.8499,22.2222,0.0,,
1.28,stanley_80,lka_test,2.8306,28.2529,22.2222,curve_0,LaneKeeping,-0.0544,0.68,22.2222,0.0,,
1.3,stanley_80,lka_test,2.9211,28.6881,22.2222,curve_0,LaneKeeping,-0.0585,0.535,22.2222,0.0,,
1.32,stanley_80,lka_test,3.0125,29.123,22.2222,curve_0,LaneKeeping,-0.0617,0.4112,22.2222,0.0,,
1.34,stanley_80,lka_test,3.1047,29.5578,22.2222,curve_0,LaneKeeping,-0.0641,0.306,22.2222,0.0,,
1.36,stanley_80,lka_test,3.1975,29.9924,22.2222,curve_0,LaneKeeping,-0.0148,1.8536,22.2222,0.0,,
1.38,stanley_80,lka_test,3.2928,30.4266,22.2222,curve_0,LaneKeeping,-0.0267,1.5394,22.2222,0.0,,
1.4,stanley_80,lka_test,3.3901,30.8602,22.2222,curve_0,LaneKeeping,-0.0365,1.2696,22.2222,0.0,,
1.42,stanley_80,lka_test,3.4891,31.2935,22.2222,curve_0,LaneKeeping,-0.0446,1.0383,22.2222,0.0,,
1.44,stanley_80,lka_test,3.5897,31.7264,22.2222,curve_0,LaneKeeping,-0.0511,0.8402,22.2222,0.0,,
1.46,stanley_80,lka_test,3.6915,32.159,22.2222,curve_0,LaneKeeping,-0.0563,0.6707,22.2222,0.0,,
1.48,stanley_80,lka_test,3.7944,32.5914,22.2222,curve_0,LaneKeeping,-0.0604,0.526,22.2222,0.0,,
1.5,stanley_80,lka_test,3.8982,33.0235,22.2222,curve_0,LaneKeeping,-0.0635,0.4026,22.2222,0.0,,
1.52,stanley_80,lka_test,4.0029,33.4555,22.2222,curve_0,LaneKeeping,-0.0658,0.2977,22.2222,0.0,,
1.54,stanley_80,lka_test,4.1082,33.8873,22.2222,curve_0,LaneKeeping,-0.0164,1.8456,22.2222,0.0,,
1.56,stanley_80,lka_test,4.2159,34.3185,22.2222,curve_0,LaneKeeping,-0.0283,1.5317,22.2222,0.0,,
1.58,stanley_80,lka_test,4.3256,34.7492,22.2222,curve_0,LaneKeeping,-0.0381,1.2622,22.2222,0.0,,
1.6,stanley_80,lka_test,4.437,35.1794,22.2222,curve_0,LaneKeeping,-0.0461,1.0312,22.2222,0.0,,
1.62,stanley_80,lka_test,4.5499,35.6093,22.2222,curve_0,LaneKeeping,-0.0525,0.8334,22.2222,0.0,,
1.64,stanley_80,lka_test,4.6641,36.0388,22.2222,curve_0,LaneKeeping,-0.0577,0.6642,22.2222,0.0,,
1.66,stanley_80,lka_test,4.7794,36.468,22.2222,curve_0,LaneKeeping,-0.0617,0.5197,22.2222,0.0,,
1.68,stanley_80,lka_test,4.8956,36.897,22.2222,curve_0,LaneKeeping,-0.0648,0.3965,22.2222,0.0,,
1.7,stanley_80,lka_test,5.0125,37.3258,22.2222,curve_0,LaneKeeping,-0.0671,0.2918,22.2222,0.0,,
1.72,stanley_80,lka_test,5.1302,37.7544,22.2222,curve_0,LaneKeeping,-0.0175,1.8399,22.2222,0.0,,
1.74,stanley_80,lka_test,5.2502,38.1823,22.2222,curve_0,LaneKeeping,-0.0294,1.5263,22.2222,0.0,,
1.76,stanley_80,lka_test,5.3722,38.6097,22.2222,curve_0,LaneKeeping,-0.0391,1.2571,22.2222,0.0,,
1.78,stanley_80,lka_test,5.4959,39.0366,22.2222,curve_0,LaneKeeping,-0.0471,1.0262,22.2222,0.0,,
1.8,stanley_80,lka_test,5.6211,39.463,22.2222,curve_0,LaneKeeping,-0.0535,0.8286,22.2222,0.0,,
1.82,stanley_80,lka_test,5.7475,39.8891,22.2222,curve_0,LaneKeeping,-0.0586,0.6596,22.2222,0.0,,
1.84,stanley_80,lka_test,5.875,40.3149,22.2222,curve_0,LaneKeeping,-0.0626,0.5153,22.2222,0.0,,
1.86,stanley_80,lka_test,6.0035,40.7404,22.2222,curve_0,LaneKeeping,-0.0657,0.3923,22.2222,0.0,,
1.88,stanley_80,lka_test,6.1327,41.1656,22.2222,curve_0,LaneKeeping,-0.0679,0.2877,22.2222,0.0,,
1.9,stanley_80,lka_test,6.2625,41.5907,22.2222,curve_0,LaneKeeping,-0.0183,1.836,22.2222,0.0,,
1.92,stanley_80,lka_test,6.3947,42.015,22.2222,curve_0,LaneKeeping,-0.0301,1.5225,22.2222,0.0,,
1.94,stanley_80,lka_test,6.5289,42.4387,22.2222,curve_0,LaneKeeping,-0.0398,1.2535,22.2222,0.0,,
1.96,stanley_80,lka_test,6.6648,42.8619,22.2222,curve_0,LaneKeeping,-0.0478,1.0228,22.2222,0.0,,
1.98,stanley_80,lka_test,6.8021,43.2845,22.2222,curve_0,LaneKeeping,-0.0542,0.8253,22.2222,0.0,,
2.0,stanley_80,lka_test,6.9407,43.7068,22.2222,curve_0,LaneKeeping,-0.0593,0.6564,22.2222,0.0,,
2.02,stanley_80,lka_test,7.0804,44.1288,22.2222,curve_0,LaneKeeping,-0.0632,0.5123,22.2222,0.0,,
2.04,stanley_80,lka_test,7.2209,44.5504,22.2222,curve_0,LaneKeeping,-0.0663,0.3894,22.2222,0.0,,
2.06,stanley_80,lka_test,7.3623,44.9718,22.2222,curve_0,LaneKeeping,-0.0685,0.2849,22.2222,0.0,,
2.08,stanley_80,lka_test,7.5042,45.3929,22.2222,curve_0,LaneKeeping,-0.0188,1.8333,22.2222,0.0,,
2.1,stanley_80,lka_test,7.6485,45.8133,22.2222,curve_0,LaneKeeping,-0.0306,1.52,22.2222,0.0,,
2.12,stanley_80,lka_test,7.7948,46.233,22.2222,curve_0,LaneKeeping,-0.0403,1.2511,22.2222,0.0,,
2.14,stanley_80,lka_test,7.9427,46.6521,22.2222,curve_0,LaneKeeping,-0.0482,1.0205,22.2222,0.0,,
2.16,stanley_80,lka_test,8.0921,47.0707,22.2222,curve_0,LaneKeeping,-0.0546,0.8231,22.2222,0.0,,
2.18,stanley_80,lka_test,8.2427,47.4888,22.2222,curve_0,LaneKeeping,-0.0597,0.6543,22.2222,0.0,,
2.2,stanley_80,lka_test,8.3944,47.9066,22.2222,curve_0,LaneKeeping,-0.0636,0.5103,22.2222,0.0,,
2.22,stanley_80,lka_test,8.5469,48.324,22.2222,curve_0,LaneKeeping,-0.0666,0.3875,22.2222,0.0,,
2.24,stanley_80,lka_test,8.7002,48.7412,22.2222,curve_0,LaneKeeping,-0.0688,0.2831,22.2222,0.0,,
2.26,stanley_80,lka_test,8.8542,49.1581,22.2222,curve_0,LaneKeeping,-0.0191,1.8316,22.2222,0.0,,
2.28,stanley_80,lka_test,9.0104,49.5742,22.2222,curve_0,LaneKeeping,-0.0309,1.5183,22.2222,0.0,,
2.3,stanley_80,lka_test,9.1686,49.9895,22.2222,curve_0,LaneKeeping,-0.0406,1.2495,22.2222,0.0,,
2.32,stanley_80,lka_test,9.3285,50.4042,22.2222,curve_0,LaneKeeping,-0.0485,1.019,22.2222,0.0,,
2.34,stanley_80,lka_test,9.4898,50.8184,22.2222,curve_0,LaneKeeping,-0.0549,0.8217,22.2222,0.0,,
2.36,stanley_80,lka_test,9.6523,51.2321,22.2222,curve_0,LaneKeeping,-0.0599,0.653,22.2222,0.0,,
2.38,stanley_80,lka_test,9.8158,51.6453,22.2222,curve_0,LaneKeeping,-0.0639,0.509,22.2222,0.0,,
2.4,stanley_80,lka_test,9.9802,52.0582,22.2222,curve_0,LaneKeeping,-0.0669,0.3863,22.2222,0.0,,
2.42,stanley_80,lka_test,10.1454,52.4708,22.2222,curve_0,LaneKeeping,-0.0691,0.2819,22.2222,0.0,,
2.44,stanley_80,lka_test,10.3112,52.8832,22.2222,curve_0,LaneKeeping,-0.0193,1.8305,22.2222,0.0,,
2.46,stanley_80,lka_test,10.4793,53.2946,22.2222,curve_0,LaneKeeping,-0.0311,1.5173,22.2222,0.0,,
2.48,stanley_80,lka_test,10.6493,53.7053,22.2222,curve_0,LaneKeeping,-0.0408,1.2485,22.2222,0.0,,
2.5,stanley_80,lka_test,10.821,54.1152,22.2222,curve_0,LaneKeeping,-0.0487,1.0181,22.2222,0.0,,
2.52,stanley_80,lka_test,10.994,54.5246,22.2222,curve_0,LaneKeeping,-0.055,0.8209,22.2222,0.0,,
2.54,stanley_80,lka_test,11.1683,54.9335,22.2222,curve_0,LaneKeeping,-0.0601,0.6522,22.2222,0.0,,
2.56,stanley_80,lka_test,11.3436,55.3419,22.2222,curve_0,LaneKeeping,-0.064,0.5082,22.2222,0.0,,
2.58,stanley_80,lka_test,11.5197,55.7499,22.2222,curve_0,LaneKeeping,-0.067,0.3856,22.2222,0.0,,
2.6,stanley_80,lka_test,11.6966,56.1576,22.2222,curve_0,LaneKeeping,-0.0692,0.2813,22.2222,0.0,,
2.62,stanley_80,lka_test,11.8742,56.5651,22.2222,curve_0,LaneKeeping,-0.0194,1.8298,22.2222,0.0,,
2.64,stanley_80,lka_test,12.0539,56.9716,22.2222,curve_0,LaneKeeping,-0.0311,1.5167,22.2222,0.0,,
2.66,stanley_80,lka_test,12.2356,57.3772,22.2222,curve_0,LaneKeeping,-0.0408,1.248,22.2222,0.0,,
2.68,stanley_80,lka_test,12.4189,57.7821,22.2222,curve_0,LaneKeeping,-0.0487,1.0177,22.2222,0.0,,
2.7,stanley_80,lka_test,12.6036,58.1863,22.2222,curve_0,LaneKeeping,-0.0551,0.8204,22.2222,0.0,,
2.72,stanley_80,lka_test,12.7894,58.59,22.2222,curve_0,LaneKeeping,-0.0601,0.6518,22.2222,0.0,,
2.74,stanley_80,lka_test,12.9763,58.9933,22.2222,curve_0,LaneKeeping,-0.0641,0.5079,22.2222,0.0,,
2.76,stanley_80,lka_test,13.1641,59.3961,22.2222,curve_0,LaneKeeping,-0.0671,0.3852,22.2222,0.0,,
2.78,stanley_80,lka_test,13.3526,59.7986,22.2222,curve_0,LaneKeeping,-0.0692,0.281,22.2222,0.0,,
2.8,stanley_80,lka_test,13.5417,60.2008,22.2222,curve_0,LaneKeeping,-0.0194,1.8296,22.2222,0.0,,
2.82,stanley_80,lka_test,13.733,60.602,22.2222,curve_0,LaneKeeping,-0.0311,1.5165,22.2222,0.0,,
2.84,stanley_80,lka_test,13.9261,61.0023,22.2222,curve_0,LaneKeeping,-0.0408,1.2478,22.2222,0.0,,
2.86,stanley_80,lka_test,14.1209,61.4017,22.2222,curve_0,LaneKeeping,-0.0487,1.0175,22.2222,0.0,,
2.88,stanley_80,lka_test,14.3171,61.8006,22.2222,curve_0,LaneKeeping,-0.0551,0.8203,22.2222,0.0,,
2.9,stanley_80,lka_test,14.5144,62.1988,22.2222,curve_0,LaneKeeping,-0.0601,0.6517,22.2222,0.0,,
2.92,stanley_80,lka_test,14.7128,62.5965,22.2222,curve_0,LaneKeeping,-0.0641,0.5078,22.2222,0.0,,
2.94,stanley_80,lka_test,14.9119,62.9938,22.2222,curve_0,LaneKeeping,-0.067,0.3852,22.2222,0.0,,
2.96,stanley_80,lka_test,15.1118,63.3908,22.2222,curve_0,LaneKeeping,-0.0692,0.2809,22.2222,0.0,,
2.98,stanley_80,lka_test,15.3124,63.7874,22.2222,curve_0,LaneKeeping,-0.0193,1.8295,22.2222,0.0,,
3.0,stanley_80,lka_test,15.515,64.183,22.2222,curve_0,LaneKeeping,-0.0311,1.5165,22.2222,0.0,,
3.02,stanley_80,lka_test,15.7196,64.5776,22.2222,curve_0,LaneKeeping,-0.0408,1.2479,22.2222,0.0,,
3.04,stanley_80,lka_test,15.9257,64.9713,22.2222,curve_0,LaneKeeping,-0.0486,1.0176,22.2222,0.0,,
3.06,stanley_80,lka_test,16.1332,65.3644,22.2222,curve_0,LaneKeeping,-0.055,0.8204,22.2222,0.0,,
3.08,stanley_80,lka_test,16.3418,65.7568,22.2222,curve_0,LaneKeeping,-0.0601,0.6518,22.2222,0.0,,
3.1,stanley_80,lka_test,16.5514,66.1487,22.2222,curve_0,LaneKeeping,-0.064,0.5079,22.2222,0.0,,
3.12,stanley_80,lka_test,16.7619,66.5402,22.2222,curve_0,LaneKeeping,-0.067,0.3853,22.2222,0.0,,
3.14,stanley_80,lka_test,16.973,66.9313,22.2222,curve_0,LaneKeeping,-0.0692,0.2811,22.2222,0.0,,
3.16,stanley_80,lka_test,17.1848,67.322,22.2222,curve_0,LaneKeeping,-0.0192,1.8297,22.2222,0.0,,
3.18,stanley_80,lka_test,17.3987,67.7116,22.2222,curve_0,LaneKeeping,-0.031,1.5167,22.2222,0.0,,
3.2,stanley_80,lka_test,17.6144,68.1002,22.2222,curve_0,LaneKeeping,-0.0407,1.2481,22.2222,0.0,,
3.22,stanley_80,lka_test,17.8317,68.4879,22.2222,curve_0,LaneKeeping,-0.0486,1.0178,22.2222,0.0,,
3.24,stanley_80,lka_test,18.0503,68.8748,22.2222,curve_0,LaneKeeping,-0.0549,0.8207,22.2222,0.0,,
3.26,stanley_80,lka_test,18.27,69.2612,22.2222,curve_0,LaneKeeping,-0.06,0.6521,22.2222,0.0,,
3.28,stanley_80,lka_test,18.4908,69.6469,22.2222,curve_0,LaneKeeping,-0.0639,0.5082,22.2222,0.0,,
3.3,stanley_80,lka_test,18.7123,70.0322,22.2222,curve_0,LaneKeeping,-0.0669,0.3856,22.2222,0.0,,
3.32,stanley_80,lka_test,18.9346,70.4171,22.2222,curve_0,LaneKeeping,-0.0691,0.2814,22.2222,0.0,,
3.34,stanley_80,lka_test,19.1574,70.8016,22.2222,curve_0,LaneKeeping,-0.0191,1.83,22.2222,0.0,,
3.36,stanley_80,lka_test,19.3823,71.185,22.2222,curve_0,LaneKeeping,-0.0309,1.517,22.2222,0.0,,
3.38,stanley_80,lka_test,19.6091,71.5672,22.2222,curve_0,LaneKeeping,-0.0405,1.2484,22.2222,0.0,,
3.4,stanley_80,lka_test,19.8373,71.9486,22.2222,curve_0,LaneKeeping,-0.0484,1.0182,22.2222,0.0,,
3.42,stanley_80,lka_test,20.0669,72.3291,22.2222,curve_0,LaneKeeping,-0.0548,0.821,22.2222,0.0,,
3.44,stanley_80,lka_test,20.2976,72.709,22.2222,curve_0,LaneKeeping,-0.0599,0.6525,22.2222,0.0,,
3.46,stanley_80,lka_test,20.5292,73.0883,22.2222,curve_0,LaneKeeping,-0.0638,0.5086,22.2222,0.0,,
3.48,stanley_80,lka_test,20.7617,73.4671,22.2222,curve_0,LaneKeeping,-0.0668,0.386,22.2222,0.0,,
3.5,stanley_80,lka_test,20.9949,73.8455,22.2222,curve_0,LaneKeeping,-0.069,0.2817,22.2222,0.0,,
3.52,stanley_80,lka_test,21.2286,74.2235,22.2222,curve_0,LaneKeeping,-0.019,1.8303,22.2222,0.0,,
3.54,stanley_80,lka_test,21.4644,74.6003,22.2222,curve_0,LaneKeeping,-0.0307,1.5174,22.2222,0.0,,
3.56,stanley_80,lka_test,21.7019,74.9759,22.2222,curve_0,LaneKeeping,-0.0404,1.2488,22.2222,0.0,,
3.58,stanley_80,lka_test,21.941,75.3506,22.2222,curve_0,LaneKeeping,-0.0483,1.0186,22.2222,0.0,,
3.6,stanley_80,lka_test,22.1813,75.7244,22.2222,curve_0,LaneKeeping,-0.0547,0.8215,22.2222,0.0,,
3.62,stanley_80,lka_test,22.4228,76.0976,22.2222,curve_0,LaneKeeping,-0.0597,0.6529,22.2222,0.0,,
3.64,stanley_80,lka_test,22.6652,76.4701,22.2222,curve_0,LaneKeeping,-0.0637,0.509,22.2222,0.0,,
3.66,stanley_80,lka_test,22.9084,76.8421,22.2222,curve_0,LaneKeeping,-0.0667,0.3864,22.2222,0.0,,
3.68,stanley_80,lka_test,23.1522,77.2137,22.2222,curve_0,LaneKeeping,-0.0689,0.2822,22.2222,0.0,,
3.7,stanley_80,lka_test,23.3967,77.5849,22.2222,curve_0,LaneKeeping,-0.0188,1.8308,22.2222,0.0,,
3.72,stanley_80,lka_test,23.6431,77.9547,22.2222,curve_0,LaneKeeping,-0.0306,1.5179,22.2222,0.0,,
3.74,stanley_80,lka_test,23.8913,78.3234,22.2222,curve_0,LaneKeeping,-0.0403,1.2493,22.2222,0.0,,
3.76,stanley_80,lka_test,24.141,78.6911,22.2222,curve_0,LaneKeeping,-0.0482,1.0191,22.2222,0.0,,
3.78,stanley_80,lka_test,24.3919,79.0579,22.2222,curve_0,LaneKeeping,-0.0545,0.822,22.2222,0.0,,
3.8,stanley_80,lka_test,24.6439,79.424,22.2222,curve_0,LaneKeeping,-0.0596,0.6534,22.2222,0.0,,
3.82,stanley_80,lka_test,24.8968,79.7895,22.2222,curve_0,LaneKeeping,-0.0636,0.5095,22.2222,0.0,,
3.84,stanley_80,lka_test,25.1505,80.1544,22.2222,curve_0,LaneKeeping,-0.0666,0.3869,22.2222,0.0,,
3.86,stanley_80,lka_test,25.4049,80.5188,22.2222,curve_0,LaneKeeping,-0.0688,0.2827,22.2222,0.0,,
3.88,stanley_80,lka_test,25.6598,80.8829,22.2222,curve_0,LaneKeeping,-0.0186,1.8313,22.2222,0.0,,
3.9,stanley_80,lka_test,25.9168,81.2456,22.2222,curve_0,LaneKeeping,-0.0304,1.5184,22.2222,0.0,,
3.92,stanley_80,lka_test,26.1754,81.607,22.2222,curve_0,LaneKeeping,-0.0401,1.2498,22.2222,0.0,,
3.94,stanley_80,lka_test,26.4354,81.9674,22.2222,curve_0,LaneKeeping,-0.048,1.0196,22.2222,0.0,,
3.96,stanley_80,lka_test,26.6968,82.3269,22.2222,curve_0,LaneKeeping,-0.0544,0.8225,22.2222,0.0,,
3.98,stanley_80,lka_test,26.9591,82.6857,22.2222,curve_0,LaneKeeping,-0.0595,0.654,22.2222,0.0,,
4.0,stanley_80,lka_test,27.2224,83.0438,22.2222,curve_0,LaneKeeping,-0.0634,0.5101,22.2222,0.0,,
4.02,stanley_80,lka_test,27.4864,83.4013,22.2222,curve_0,LaneKeeping,-0.0664,0.3875,22.2222,0.0,,
4.04,stanley_80,lka_test,27.7511,83.7583,22.2222,curve_0,LaneKeeping,-0.0686,0.2832,22.2222,0.0,,
4.06,stanley_80,lka_test,28.0163,84.115,22.2222,curve_0,LaneKeeping,-0.0185,1.8318,22.2222,0.0,,
4.08,stanley_80,lka_test,28.2835,84.4701,22.2222,curve_0,LaneKeeping,-0.0302,1.5189,22.2222,0.0,,
4.1,stanley_80,lka_test,28.5523,84.8241,22.2222,curve_0,LaneKeeping,-0.0399,1.2504,22.2222,0.0,,
4.12,stanley_80,lka_test,28.8226,85.1769,22.2222,curve_0,LaneKeeping,-0.0478,1.0202,22.2222,0.0,,
4.14,stanley_80,lka_test,29.094,85.5288,22.2222,curve_0,LaneKeeping,-0.0542,0.8231,22.2222,0.0,,
4.16,stanley_80,lka_test,29.3665,85.8799,22.2222,curve_0,LaneKeeping,-0.0593,0.6546,22.2222,0.0,,
4.18,stanley_80,lka_test,29.6399,86.2303,22.2222,curve_0,LaneKeeping,-0.0633,0.5107,22.2222,0.0,,
4.2,stanley_80,lka_test,29.914,86.5802,22.2222,curve_0,LaneKeeping,-0.0663,0.3881,22.2222,0.0,,
4.22,stanley_80,lka_test,30.1888,86.9295,22.2222,curve_0,LaneKeeping,-0.0685,0.2838,22.2222,0.0,,
4.24,stanley_80,lka_test,30.4641,87.2784,22.2222,curve_0,LaneKeeping,-0.0183,1.8324,22.2222,0.0,,
4.26,stanley_80,lka_test,30.7413,87.6258,22.2222,curve_0,LaneKeeping,-0.0301,1.5195,22.2222,0.0,,
4.28,stanley_80,lka_test,31.0201,87.9719,22.2222,curve_0,LaneKeeping,-0.0398,1.251,22.2222,0.0,,
4.3,stanley_80,lka_test,31.3003,88.3169,22.2222,curve_0,LaneKeeping,-0.0477,1.0208,22.2222,0.0,,
4.32,stanley_80,lka_test,31.5817,88.6609,22.2222,curve_0,LaneKeeping,-0.0541,0.8237,22.2222,0.0,,
4.34,stanley_80,lka_test,31.8642,89.0041,22.2222,curve_0,LaneKeeping,-0.0592,0.6552,22.2222,0.0,,
4.36,stanley_80,lka_test,32.1474,89.3466,22.2222,curve_0,LaneKeeping,-0.0631,0.5113,22.2222,0.0,,
4.38,stanley_80,lka_test,32.4314,89.6884,22.2222,curve_0,LaneKeeping,-0.0661,0.3886,22.2222,0.0,,
4.4,stanley_80,lka_test,32.7161,90.0298,22.2222,curve_0,LaneKeeping,-0.0683,0.2844,22.2222,0.0,,
4.42,stanley_80,lka_test,33.0012,90.3707,22.2222,curve_0,LaneKeeping,-0.0181,1.833,22.2222,0.0,,
4.44,stanley_80,lka_test,33.2882,90.71,22.2222,curve_0,LaneKeeping,-0.0299,1.5201,22.2222,0.0,,
4.46,stanley_80,lka_test,33.5768,91.048,22.2222,curve_0,LaneKeeping,-0.0396,1.2516,22.2222,0.0,,
4.48,stanley_80,lka_test,33.8668,91.3849,22.2222,curve_0,LaneKeeping,-0.0475,1.0214,22.2222,0.0,,
4.5,stanley_80,lka_test,34.1579,91.7207,22.2222,curve_0,LaneKeeping,-0.0539,0.8243,22.2222,0.0,,
4.52,stanley_80,lka_test,34.45,92.0557,22.2222,curve_0,LaneKeeping,-0.059,0.6558,22.2222,0.0,,
4.54,stanley_80,lka_test,34.7429,92.3899,22.2222,curve_0,LaneKeeping,-0.063,0.5119,22.2222,0.0,,
4.56,stanley_80,lka_test,35.0366,92.7235,22.2222,curve_0,LaneKeeping,-0.066,0.3892,22.2222,0.0,,
4.58,stanley_80,lka_test,35.3309,93.0566,22.2222,curve_0,LaneKeeping,-0.0682,0.285,22.2222,0.0,,
4.6,stanley_80,lka_test,35.6256,93.3892,22.2222,curve_0,LaneKeeping,-0.0179,1.8335,22.2222,0.0,,
4.62,stanley_80,lka_test,35.9222,93.7202,22.2222,curve_0,LaneKeeping,-0.0297,1.5207,22.2222,0.0,,
4.64,stanley_80,lka_test,36.2203,94.0499,22.2222,curve_0,LaneKeeping,-0.0394,1.2522,22.2222,0.0,,
4.66,stanley_80,lka_test,36.5198,94.3783,22.2222,curve_0,LaneKeeping,-0.0473,1.022,22.2222,0.0,,
4.68,stanley_80,lka_test,36.8204,94.7057,22.2222,curve_0,LaneKeeping,-0.0537,0.8249,22.2222,0.0,,
4.7,stanley_80,lka_test,37.1219,95.0322,22.2222,curve_0,LaneKeeping,-0.0588,0.6564,22.2222,0.0,,
4.72,stanley_80,lka_test,37.4243,95.3579,22.2222,curve_0,LaneKeeping,-0.0628,0.5125,22.2222,0.0,,
4.74,stanley_80,lka_test,37.7274,95.683,22.2222,curve_0,LaneKeeping,-0.0658,0.3899,22.2222,0.0,,
4.76,stanley_80,lka_test,38.031,96.0075,22.2222,curve_0,LaneKeeping,-0.068,0.2856,22.2222,0.0,,
4.78,stanley_80,lka_test,38.3352,96.3316,22.2222,curve_0,LaneKeeping,-0.0177,1.8341,22.2222,0.0,,
4.8,stanley_80,lka_test,38.6411,96.654,22.2222,curve_0,LaneKeeping,-0.0295,1.5213,22.2222,0.0,,
4.82,stanley_80,lka_test,38.9485,96.975,22.2222,curve_0,LaneKeeping,-0.0392,1.2528,22.2222,0.0,,
4.84,stanley_80,lka_test,39.2572,97.2947,22.2222,curve_0,LaneKeeping,-0.0472,1.0227,22.2222,0.0,,
4.86,stanley_80,lka_test,39.567,97.6134,22.2222,curve_0,LaneKeeping,-0.0536,0.8256,22.2222,0.0,,
4.88,stanley_80,lka_test,39.8778,97.9311,22.2222,curve_0,LaneKeeping,-0.0587,0.657,22.2222,0.0,,
4.9,stanley_80,lka_test,40.1893,98.2481,22.2222,curve_0,LaneKeeping,-0.0626,0.5131,22.2222,0.0,,
4.92,stanley_80,lka_test,40.5015,98.5644,22.2222,curve_0,LaneKeeping,-0.0657,0.3905,22.2222,0.0,,
4.94,stanley_80,lka_test,40.8143,98.8801,22.2222,curve_0,LaneKeeping,-0.0679,0.2862,22.2222,0.0,,
4.96,stanley_80,lka_test,41.1276,99.1954,22.2222,curve_0,LaneKeeping,-0.0175,1.8347,22.2222,0.0,,
4.98,stanley_80,lka_test,41.4426,99.5089,22.2222,curve_0,LaneKeeping,-0.0293,1.5219,22.2222,0.0,,
5.0,stanley_80,lka_test,41.7591,99.821,22.2222,curve_0,LaneKeeping,-0.0391,1.2535,22.2222,0.0,,
5.02,stanley_80,lka_test,42.0768,100.1318,22.2222,curve_0,LaneKeeping,-0.047,1.0233,22.2222,0.0,,
5.04,stanley_80,lka_test,42.3956,100.4415,22.2222,curve_0,LaneKeeping,-0.0534,0.8262,22.2222,0.0,,
5.06,stanley_80,lka_test,42.7153,100.7502,22.2222,curve_0,LaneKeeping,-0.0585,0.6577,22.2222,0.0,,
5.08,stanley_80,lka_test,43.0357,101.0582,22.2222,curve_0,LaneKeeping,-0.0625,0.5137,22.2222,0.0,,
5.1,stanley_80,lka_test,43.3569,101.3654,22.2222,curve_0,LaneKeeping,-0.0655,0.3911,22.2222,0.0,,
5.12,stanley_80,lka_test,43.6785,101.6721,22.2222,curve_0,LaneKeeping,-0.0677,0.2868,22.2222,0.0,,
5.14,stanley_80,lka_test,44.0007,101.9783,22.2222,curve_0,LaneKeeping,-0.0173,1.8353,22.2222,0.0,,
5.16,stanley_80,lka_test,44.3245,102.2827,22.2222,curve_0,LaneKeeping,-0.0291,1.5226,22.2222,0.0,,
5.18,stanley_80,lka_test,44.6498,102.5856,22.2222,curve_0,LaneKeeping,-0.0389,1.2541,22.2222,0.0,,
5.2,stanley_80,lka_test,44.9762,102.8872,22.2222,curve_0,LaneKeeping,-0.0468,1.0239,22.2222,0.0,,
5.22,stanley_80,lka_test,45.3037,103.1876,22.2222,curve_0,LaneKeeping,-0.0532,0.8268,22.2222,0.0,,
5.24,stanley_80,lka_test,45.6321,103.4871,22.2222,curve_0,LaneKeeping,-0.0583,0.6583,22.2222,0.0,,
5.26,stanley_80,lka_test,45.9612,103.7858,22.2222,curve_0,LaneKeeping,-0.0623,0.5144,22.2222,0.0,,
5.28,stanley_80,lka_test,46.291,104.0838,22.2222,curve_0,LaneKeeping,-0.0654,0.3917,22.2222,0.0,,
5.3,stanley_80,lka_test,46.6213,104.3811,22.2222,curve_0,LaneKeeping,-0.0676,0.2874,22.2222,0.0,,
5.32,stanley_80,lka_test,46.9521,104.678,22.2222,curve_0,LaneKeeping,-0.0171,1.836,22.2222,0.0,,
5.34,stanley_80,lka_test,47.2845,104.973,22.2222,curve_0,LaneKeeping,-0.029,1.5232,22.2222,0.0,,
5.36,stanley_80,lka_test,47.6182,105.2665,22.2222,curve_0,LaneKeeping,-0.0387,1.2547,22.2222,0.0,,
5.38,stanley_80,lka_test,47.9532,105.5587,22.2222,curve_0,LaneKeeping,-0.0466,1.0246,22.2222,0.0,,
5.4,stanley_80,lka_test,48.2891,105.8496,22.2222,curve_0,LaneKeeping,-0.0531,0.8275,22.2222,0.0,,
5.42,stanley_80,lka_test,48.6259,106.1396,22.2222,curve_0,LaneKeeping,-0.0582,0.6589,22.2222,0.0,,
5.44,stanley_80,lka_test,48.9634,106.4288,22.2222,curve_0,LaneKeeping,-0.0622,0.515,22.2222,0.0,,
5.46,stanley_80,lka_test,49.3016,106.7172,22.2222,curve_0,LaneKeeping,-0.0652,0.3924,22.2222,0.0,,
5.48,stanley_80,lka_test,49.6403,107.005,22.2222,curve_0,LaneKeeping,-0.0674,0.288,22.2222,0.0,,
5.5,stanley_80,lka_test,49.9794,107.2923,22.2222,curve_0,LaneKeeping,-0.017,1.8366,22.2222,0.0,,
5.52,stanley_80,lka_test,50.32,107.5777,22.2222,curve_0,LaneKeeping,-0.0288,1.5238,22.2222,0.0,,
5.54,stanley_80,lka_test,50.6621,107.8616,22.2222,curve_0,LaneKeeping,-0.0385,1.2554,22.2222,0.0,,
5.56,stanley_80,lka_test,51.0052,108.144,22.2222,curve_0,LaneKeeping,-0.0465,1.0252,22.2222,0.0,,
5.58,stanley_80,lka_test,51.3493,108.4253,22.2222,curve_0,LaneKeeping,-0.0529,0.8281,22.2222,0.0,,
5.6,stanley_80,lka_test,51.6943,108.7056,22.2222,curve_0,LaneKeeping,-0.058,0.6596,22.2222,0.0,,
5.62,stanley_80,lka_test,52.0399,108.985,22.2222,curve_0,LaneKeeping,-0.062,0.5157,22.2222,0.0,,
5.64,stanley_80,lka_test,52.3861,109.2636,22.2222,curve_0,LaneKeeping,-0.0651,0.393,22.2222,0.0,,
5.66,stanley_80,lka_test,52.7329,109.5416,22.2222,curve_0,LaneKeeping,-0.0673,0.2887,22.2222,0.0,,
5.68,stanley_80,lka_test,53.0801,109.8191,22.2222,curve_0,LaneKeeping,-0.0168,1.8372,22.2222,0.0,,
5.7,stanley_80,lka_test,53.4288,110.0947,22.2222,curve_0,LaneKeeping,-0.0286,1.5244,22.2222,0.0,,
5.72,stanley_80,lka_test,53.7787,110.3687,22.2222,curve_0,LaneKeeping,-0.0383,1.256,22.2222,0.0,,
5.74,stanley_80,lka_test,54.1298,110.6412,22.2222,curve_0,LaneKeeping,-0.0463,1.0259,22.2222,0.0,,
5.76,stanley_80,lka_test,54.4818,110.9125,22.2222,curve_0,LaneKeeping,-0.0527,0.8288,22.2222,0.0,,
5.78,stanley_80,lka_test,54.8346,111.1828,22.2222,curve_0,LaneKeeping,-0.0578,0.6602,22.2222,0.0,,
5.8,stanley_80,lka_test,55.1881,111.4522,22.2222,curve_0,LaneKeeping,-0.0618,0.5163,22.2222,0.0,,
5.82,stanley_80,lka_test,55.5422,111.7209,22.2222,curve_0,LaneKeeping,-0.0649,0.3936,22.2222,0.0,,
5.84,stanley_80,lka_test,55.8967,111.9889,22.2222,curve_0,LaneKeeping,-0.0671,0.2893,22.2222,0.0,,
5.86,stanley_80,lka_test,56.2517,112.2563,22.2222,curve_0,LaneKeeping,-0.0166,1.8378,22.2222,0.0,,
5.88,stanley_80,lka_test,56.6081,112.5219,22.2222,curve_0,LaneKeeping,-0.0284,1.5251,22.2222,0.0,,
5.9,stanley_80,lka_test,56.9657,112.7857,22.2222,curve_0,LaneKeeping,-0.0382,1.2566,22.2222,0.0,,
5.92,stanley_80,lka_test,57.3245,113.0481,22.2222,curve_0,LaneKeeping,-0.0461,1.0265,22.2222,0.0,,
5.94,stanley_80,lka_test,57.6841,113.3093,22.2222,curve_0,LaneKeeping,-0.0525,0.8294,22.2222,0.0,,
5.96,stanley_80,lka_test,58.0444,113.5694,22.2222,curve_0,LaneKeeping,-0.0577,0.6608,22.2222,0.0,,
5.98,stanley_80,lka_test,58.4055,113.8286,22.2222,curve_0,LaneKeeping,-0.0617,0.5169,22.2222,0.0,,
6.0,stanley_80,lka_test,58.7671,114.087,22.2222,curve_0,LaneKeeping,-0.0647,0.3942,22.2222,0.0,,
6.02,stanley_80,lka_test,59.1291,114.3448,22.2222,curve_0,LaneKeeping,-0.067,0.2899,22.2222,0.0,,
6.04,stanley_80,lka_test,59.4916,114.602,22.2222,curve_0,LaneKeeping,-0.0164,1.8384,22.2222,0.0,,
6.06,stanley_80,lka_test,59.8554,114.8572,22.2222,curve_0,LaneKeeping,-0.0282,1.5257,22.2222,0.0,,
6.08,stanley_80,lka_test,60.2205,115.1108,22.2222,curve_0,LaneKeeping,-0.038,1.2573,22.2222,0.0,,
6.1,stanley_80,lka_test,60.5865,115.3628,22.2222,curve_0,LaneKeeping,-0.0459,1.0271,22.2222,0.0,,
6.12,stanley_80,lka_test,60.9535,115.6136,22.2222,curve_0,LaneKeeping,-0.0524,0.83,22.2222,0.0,,
6.14,stanley_80,lka_test,61.3211,115.8633,22.2222,curve_0,LaneKeeping,-0.0575,0.6615,22.2222,0.0,,
6.16,stanley_80,lka_test,61.6894,116.1121,22.2222,curve_0,LaneKeeping,-0.0615,0.5176,22.2222,0.0,,
6.18,stanley_80,lka_test,62.0582,116.3601,22.2222,curve_0,LaneKeeping,-0.0646,0.3949,22.2222,0.0,,
6.2,stanley_80,lka_test,62.4275,116.6074,22.2222,curve_0,LaneKeeping,-0.0668,0.2905,22.2222,0.0,,
6.22,stanley_80,lka_test,62.7971,116.8542,22.2222,curve_0,LaneKeeping,-0.0162,1.839,22.2222,0.0,,
6.24,stanley_80,lka_test,63.1681,117.0989,22.2222,curve_0,LaneKeeping,-0.028,1.5263,22.2222,0.0,,
6.26,stanley_80,lka_test,63.5403,117.3419,22.2222,curve_0,LaneKeeping,-0.0378,1.2579,22.2222,0.0,,
6.28,stanley_80,lka_test,63.9134,117.5834,22.2222,curve_0,LaneKeeping,-0.0458,1.0278,22.2222,0.0,,
6.3,stanley_80,lka_test,64.2873,117.8236,22.2222,curve_0,LaneKeeping,-0.0522,0.8307,22.2222,0.0,,
6.32,stanley_80,lka_test,64.6619,118.0628,22.2222,curve_0,LaneKeeping,-0.0573,0.6621,22.2222,0.0,,
6.34,stanley_80,lka_test,65.0372,118.3009,22.2222,curve_0,LaneKeeping,-0.0614,0.5182,22.2222,0.0,,
6.36,stanley_80,lka_test,65.4129,118.5383,22.2222,curve_0,LaneKeeping,-0.0644,0.3955,22.2222,0.0,,
6.38,stanley_80,lka_test,65.7891,118.775,22.2222,curve_0,LaneKeeping,-0.0667,0.2911,22.2222,0.0,,
6.4,stanley_80,lka_test,66.1657,119.0111,22.2222,curve_0,LaneKeeping,-0.016,1.8396,22.2222,0.0,,
6.42,stanley_80,lka_test,66.5435,119.2451,22.2222,curve_0,LaneKeeping,-0.0279,1.5269,22.2222,0.0,,
6.44,stanley_80,lka_test,66.9224,119.4774,22.2222,curve_0,LaneKeeping,-0.0376,1.2585,22.2222,0.0,,
6.46,stanley_80,lka_test,67.3023,119.7081,22.2222,curve_0,LaneKeeping,-0.0456,1.0284,22.2222,0.0,,
6.48,stanley_80,lka_test,67.6829,119.9376,22.2222,curve_0,LaneKeeping,-0.052,0.8313,22.2222,0.0,,
6.5,stanley_80,lka_test,68.0642,120.1659,22.2222,curve_0,LaneKeeping,-0.0572,0.6628,22.2222,0.0,,
6.52,stanley_80,lka_test,68.4461,120.3932,22.2222,curve_0,LaneKeeping,-0.0612,0.5188,22.2222,0.0,,
6.54,stanley_80,lka_test,68.8285,120.6198,22.2222,curve_0,LaneKeeping,-0.0643,0.3961,22.2222,0.0,,
6.56,stanley_80,lka_test,69.2113,120.8456,22.2222,curve_0,LaneKeeping,-0.0665,0.2918,22.2222,0.0,,
6.58,stanley_80,lka_test,69.5944,121.0709,22.2222,curve_0,LaneKeeping,-0.0158,1.8402,22.2222,0.0,,
6.6,stanley_80,lka_test,69.9788,121.294,22.2222,curve_0,LaneKeeping,-0.0277,1.5275,22.2222,0.0,,
6.62,stanley_80,lka_test,70.3642,121.5154,22.2222,curve_0,LaneKeeping,-0.0374,1.2592,22.2222,0.0,,
6.64,stanley_80,lka_test,70.7505,121.7352,22.2222,curve_0,LaneKeeping,-0.0454,1.029,22.2222,0.0,,
6.66,stanley_80,lka_test,71.1375,121.9537,22.2222,curve_0,LaneKeeping,-0.0519,0.832,22.2222,0.0,,
6.68,stanley_80,lka_test,71.5252,122.171,22.2222,curve_0,LaneKeeping,-0.057,0.6634,22.2222,0.0,,
6.7,stanley_80,lka_test,71.9134,122.3874,22.2222,curve_0,LaneKeeping,-0.061,0.5194,22.2222,0.0,,
6.72,stanley_80,lka_test,72.3021,122.6029,22.2222,curve_0,LaneKeeping,-0.0641,0.3967,22.2222,0.0,,
6.74,stanley_80,lka_test,72.6912,122.8177,22.2222,curve_0,LaneKeeping,-0.0664,0.2924,22.2222,0.0,,
6.76,stanley_80,lka_test,73.0806,123.0319,22.2222,curve_0,LaneKeeping,-0.0156,1.8408,22.2222,0.0,,
6.78,stanley_80,lka_test,73.4712,123.244,22.2222,curve_0,LaneKeeping,-0.0275,1.5282,22.2222,0.0,,
6.8,stanley_80,lka_test,73.8627,123.4543,22.2222,curve_0,LaneKeeping,-0.0373,1.2598,22.2222,0.0,,
6.82,stanley_80,lka_test,74.2551,123.663,22.2222,curve_0,LaneKeeping,-0.0452,1.0297,22.2222,0.0,,
6.84,stanley_80,lka_test,74.6483,123.8703,22.2222,curve_0,LaneKeeping,-0.0517,0.8326,22.2222,0.0,,
6.86,stanley_80,lka_test,75.042,124.0765,22.2222,curve_0,LaneKeeping,-0.0569,0.664,22.2222,0.0,,
6.88,stanley_80,lka_test,75.4362,124.2817,22.2222,curve_0,LaneKeeping,-0.0609,0.5201,22.2222,0.0,,
6.9,stanley_80,lka_test,75.8309,124.486,22.2222,curve_0,LaneKeeping,-0.064,0.3974,22.2222,0.0,,
6.92,stanley_80,lka_test,76.226,124.6896,22.2222,curve_0,LaneKeeping,-0.0662,0.293,22.2222,0.0,,
6.94,stanley_80,lka_test,76.6213,124.8926,22.2222,curve_0,LaneKeeping,-0.0154,1.8414,22.2222,0.0,,
6.96,stanley_80,lka_test,77.0178,125.0935,22.2222,curve_0,LaneKeeping,-0.0273,1.5288,22.2222,0.0,,
6.98,stanley_80,lka_test,77.4152,125.2925,22.2222,curve_0,LaneKeeping,-0.0371,1.2604,22.2222,0.0,,
7.0,stanley_80,lka_test,77.8134,125.4899,22.2222,curve_0,LaneKeeping,-0.0451,1.0303,22.2222,0.0,,
7.02,stanley_80,lka_test,78.2123,125.6859,22.2222,curve_0,LaneKeeping,-0.0515,0.8332,22.2222,0.0,,
7.04,stanley_80,lka_test,78.6118,125.8807,22.2222,curve_0,LaneKeeping,-0.0567,0.6647,22.2222,0.0,,
7.06,stanley_80,lka_test,79.0117,126.0746,22.2222,curve_0,LaneKeeping,-0.0607,0.5207,22.2222,0.0,,
7.08,stanley_80,lka_test,79.4121,126.2676,22.2222,curve_0,LaneKeeping,-0.0638,0.398,22.2222,0.0,,
7.1,stanley_80,lka_test,79.8128,126.4598,22.2222,curve_0,LaneKeeping,-0.0661,0.2936,22.2222,0.0,,
7.12,stanley_80,lka_test,80.2138,126.6515,22.2222,curve_0,LaneKeeping,-0.0153,1.842,22.2222,0.0,,
7.14,stanley_80,lka_test,80.6158,126.8409,22.2222,curve_0,LaneKeeping,-0.0271,1.5294,22.2222,0.0,,
7.16,stanley_80,lka_test,81.0188,127.0285,22.2222,curve_0,LaneKeeping,-0.0369,1.2611,22.2222,0.0,,
7.18,stanley_80,lka_test,81.4224,127.2144,22.2222,curve_0,LaneKeeping,-0.0449,1.0309,22.2222,0.0,,
7.2,stanley_80,lka_test,81.8268,127.3989,22.2222,curve_0,LaneKeeping,-0.0514,0.8339,22.2222,0.0,,
7.22,stanley_80,lka_test,82.2316,127.5823,22.2222,curve_0,LaneKeeping,-0.0565,0.6653,22.2222,0.0,,
7.24,stanley_80,lka_test,82.6369,127.7647,22.2222,curve_0,LaneKeeping,-0.0606,0.5213,22.2222,0.0,,
7.26,stanley_80,lka_test,83.0426,127.9461,22.2222,curve_0,LaneKeeping,-0.0637,0.3986,22.2222,0.0,,
7.28,stanley_80,lka_test,83.4487,128.1269,22.2222,curve_0,LaneKeeping,-0.0659,0.2942,22.2222,0.0,,
7.3,stanley_80,lka_test,83.855,128.307,22.2222,curve_0,LaneKeeping,-0.0151,1.8426,22.2222,0.0,,
7.32,stanley_80,lka_test,84.2623,128.4849,22.2222,curve_0,LaneKeeping,-0.0269,1.53,22.2222,0.0,,
7.34,stanley_80,lka_test,84.6704,128.6608,22.2222,curve_0,LaneKeeping,-0.0367,1.2617,22.2222,0.0,,
7.36,stanley_80,lka_test,85.0792,128.8352,22.2222,curve_0,LaneKeeping,-0.0447,1.0316,22.2222,0.0,,
7.38,stanley_80,lka_test,85.4886,129.0081,22.2222,curve_0,LaneKeeping,-0.0512,0.8345,22.2222,0.0,,
7.4,stanley_80,lka_test,85.8986,129.1798,22.2222,curve_0,LaneKeeping,-0.0564,0.6659,22.2222,0.0,,
7.42,stanley_80,lka_test,86.3089,129.3505,22.2222,curve_0,LaneKeeping,-0.0604,0.522,22.2222,0.0,,
7.44,stanley_80,lka_test,86.7197,129.5203,22.2222,curve_0,LaneKeeping,-0.0635,0.3992,22.2222,0.0,,
7.46,stanley_80,lka_test,87.1307,129.6894,22.2222,curve_0,LaneKeeping,-0.0658,0.2948,22.2222,0.0,,
7.48,stanley_80,lka_test,87.542,129.8578,22.2222,curve_0,LaneKeeping,-0.0149,1.8432,22.2222,0.0,,
7.5,stanley_80,lka_test,87.9542,130.024,22.2222,curve_0,LaneKeeping,-0.0268,1.5306,22.2222,0.0,,
7.52,stanley_80,lka_test,88.3672,130.1883,22.2222,curve_0,LaneKeeping,-0.0365,1.2623,22.2222,0.0,,
7.54,stanley_80,lka_test,88.7808,130.3509,22.2222,curve_0,LaneKeeping,-0.0446,1.0322,22.2222,0.0,,
7.56,stanley_80,lka_test,89.195,130.512,22.2222,curve_0,LaneKeeping,-0.051,0.8351,22.2222,0.0,,
7.58,stanley_80,lka_test,89.6097,130.672,22.2222,curve_0,LaneKeeping,-0.0562,0.6665,22.2222,0.0,,
7.6,stanley_80,lka_test,90.0247,130.8309,22.2222,curve_0,LaneKeeping,-0.0603,0.5226,22.2222,0.0,,
7.62,stanley_80,lka_test,90.4401,130.9889,22.2222,curve_0,LaneKeeping,-0.0634,0.3998,22.2222,0.0,,
7.64,stanley_80,lka_test,90.8558,131.1462,22.2222,curve_0,LaneKeeping,-0.0656,0.2954,22.2222,0.0,,
7.66,stanley_80,lka_test,91.2718,131.3028,22.2222,curve_0,LaneKeeping,-0.0147,1.8438,22.2222,0.0,,
7.68,stanley_80,lka_test,91.6885,131.4571,22.2222,curve_0,LaneKeeping,-0.0266,1.5312,22.2222,0.0,,
7.7,stanley_80,lka_test,92.106,131.6095,22.2222,curve_0,LaneKeeping,-0.0364,1.2629,22.2222,0.0,,
7.72,stanley_80,lka_test,92.5242,131.7602,22.2222,curve_0,LaneKeeping,-0.0444,1.0328,22.2222,0.0,,
7.74,stanley_80,lka_test,92.9428,131.9095,22.2222,curve_0,LaneKeeping,-0.0509,0.8357,22.2222,0.0,,
7.76,stanley_80,lka_test,93.3618,132.0575,22.2222,curve_0,LaneKeeping,-0.056,0.6672,22.2222,0.0,,
7.78,stanley_80,lka_test,93.7813,132.2045,22.2222,curve_0,LaneKeeping,-0.0601,0.5232,22.2222,0.0,,
7.8,stanley_80,lka_test,94.201,132.3506,22.2222,curve_0,LaneKeeping,-0.0632,0.4005,22.2222,0.0,,
7.82,stanley_80,lka_test,94.621,132.4959,22.2222,curve_0,LaneKeeping,-0.0655,0.296,22.2222,0.0,,
7.84,stanley_80,lka_test,95.0413,132.6406,22.2222,curve_0,LaneKeeping,-0.0145,1.8444,22.2222,0.0,,
7.86,stanley_80,lka_test,95.4623,132.783,22.2222,curve_0,LaneKeeping,-0.0264,1.5318,22.2222,0.0,,
7.88,stanley_80,lka_test,95.884,132.9234,22.2222,curve_0,LaneKeeping,-0.0362,1.2635,22.2222,0.0,,
7.9,stanley_80,lka_test,96.3062,133.0621,22.2222,curve_0,LaneKeeping,-0.0442,1.0335,22.2222,0.0,,
7.92,stanley_80,lka_test,96.7289,133.1994,22.2222,curve_0,LaneKeeping,-0.0507,0.8364,22.2222,0.0,,
7.94,stanley_80,lka_test,97.1521,133.3354,22.2222,curve_0,LaneKeeping,-0.0559,0.6678,22.2222,0.0,,
7.96,stanley_80,lka_test,97.5755,133.4703,22.2222,curve_0,LaneKeeping,-0.0599,0.5238,22.2222,0.0,,
7.98,stanley_80,lka_test,97.9993,133.6044,22.2222,curve_0,LaneKeeping,-0.0631,0.4011,22.2222,0.0,,
8.0,stanley_80,lka_test,98.4233,133.7377,22.2222,curve_0,LaneKeeping,-0.0654,0.2966,22.2222,0.0,,
8.02,stanley_80,lka_test,98.8475,133.8703,22.2222,curve_0,LaneKeeping,-0.0143,1.845,22.2222,0.0,,
8.04,stanley_80,lka_test,99.2724,134.0006,22.2222,curve_0,LaneKeeping,-0.0262,1.5325,22.2222,0.0,,
8.06,stanley_80,lka_test,99.6979,134.1289,22.2222,curve_0,LaneKeeping,-0.036,1.2642,22.2222,0.0,,
8.08,stanley_80,lka_test,100.1239,134.2555,22.2222,curve_0,LaneKeeping,-0.044,1.0341,22.2222,0.0,,
8.1,stanley_80,lka_test,100.5504,134.3806,22.2222,curve_0,LaneKeeping,-0.0505,0.837,22.2222,0.0,,
8.12,stanley_80,lka_test,100.9772,134.5045,22.2222,curve_0,LaneKeeping,-0.0557,0.6684,22.2222,0.0,,
8.14,stanley_80,lka_test,101.4044,134.6273,22.2222,curve_0,LaneKeeping,-0.0598,0.5244,22.2222,0.0,,
8.16,stanley_80,lka_test,101.8318,134.7492,22.2222,curve_0,LaneKeeping,-0.0629,0.4017,22.2222,0.0,,
8.18,stanley_80,lka_test,102.2594,134.8703,22.2222,curve_0,LaneKeeping,-0.0652,0.2972,22.2222,0.0,,
8.2,stanley_80,lka_test,102.6872,134.9907,22.2222,curve_0,LaneKeeping,-0.0141,1.8456,22.2222,0.0,,
8.22,stanley_80,lka_test,103.1157,135.1088,22.2222,curve_0,LaneKeeping,-0.026,1.5331,22.2222,0.0,,
8.24,stanley_80,lka_test,103.5447,135.2249,22.2222,curve_0,LaneKeeping,-0.0358,1.2648,22.2222,0.0,,
8.26,stanley_80,lka_test,103.9742,135.3393,22.2222,curve_0,LaneKeeping,-0.0439,1.0347,22.2222,0.0,,
8.28,stanley_80,lka_test,104.404,135.4522,22.2222,curve_0,LaneKeeping,-0.0504,0.8376,22.2222,0.0,,
8.3,stanley_80,lka_test,104.8342,135.5639,22.2222,curve_0,LaneKeeping,-0.0556,0.669,22.2222,0.0,,
8.32,stanley_80,lka_test,105.2647,135.6744,22.2222,curve_0,LaneKeeping,-0.0596,0.525,22.2222,0.0,,
8.34,stanley_80,lka_test,105.6954,135.784,22.2222,curve_0,LaneKeeping,-0.0628,0.4023,22.2222,0.0,,
8.36,stanley_80,lka_test,106.1263,135.8929,22.2222,curve_0,LaneKeeping,-0.0651,0.2978,22.2222,0.0,,
8.38,stanley_80,lka_test,106.5574,136.0011,22.2222,curve_0,LaneKeeping,-0.014,1.8462,22.2222,0.0,,
8.4,stanley_80,lka_test,106.9891,136.1069,22.2222,curve_0,LaneKeeping,-0.0259,1.5337,22.2222,0.0,,
8.42,stanley_80,lka_test,107.4212,136.2107,22.2222,curve_0,LaneKeeping,-0.0357,1.2654,22.2222,0.0,,
8.44,stanley_80,lka_test,107.8538,136.3128,22.2222,curve_0,LaneKeeping,-0.0437,1.0353,22.2222,0.0,,
8.46,stanley_80,lka_test,108.2867,136.4134,22.2222,curve_0,LaneKeeping,-0.0502,0.8382,22.2222,0.0,,
8.48,stanley_80,lka_test,108.7199,136.5127,22.2222,curve_0,LaneKeeping,-0.0554,0.6697,22.2222,0.0,,
0.0,stanley_100,lka_test,0.0,0.0,27.7778,curve_0,LaneKeeping,0.0,0.8185,27.7778,0.0,,
0.02,stanley_100,lka_test,0.0016,0.5556,27.7778,curve_0,LaneKeeping,-0.0063,0.6501,27.7778,0.0,,
0.04,stanley_100,lka_test,0.0046,1.1111,27.7778,curve_0,LaneKeeping,-0.0113,0.5124,27.7778,0.0,,
0.06,stanley_100,lka_test,0.0087,1.6666,27.7778,curve_0,LaneKeeping,-0.0152,0.4001,27.7778,0.0,,
0.08,stanley_100,lka_test,0.0136,2.2222,27.7778,curve_0,LaneKeeping,0.0327,1.9455,27.7778,0.0,,
0.1,stanley_100,lka_test,0.0222,2.7777,27.7778,curve_0,LaneKeeping,0.0175,1.5651,27.7778,0.0,,
0.12,stanley_100,lka_test,0.0339,3.3331,27.7778,curve_0,LaneKeeping,0.0053,1.2537,27.7778,0.0,,
0.14,stanley_100,lka_test,0.048,3.8885,27.7778,curve_0,LaneKeeping,-0.0044,0.999,27.7778,0.0,,
0.16,stanley_100,lka_test,0.0642,4.4438,27.7778,curve_0,LaneKeeping,-0.012,0.7907,27.7778,0.0,,
0.18,stanley_100,lka_test,0.0819,4.9991,27.7778,curve_0,LaneKeeping,-0.018,0.6206,27.7778,0.0,,
0.2,stanley_100,lka_test,0.1011,5.5543,27.7778,curve_0,LaneKeeping,-0.0227,0.4818,27.7778,0.0,,
0.22,stanley_100,lka_test,0.1213,6.1095,27.7778,curve_0,LaneKeeping,0.0277,2.0057,27.7778,0.0,,
0.24,stanley_100,lka_test,0.1454,6.6645,27.7778,curve_0,LaneKeeping,0.0121,1.6099,27.7778,0.0,,
0.26,stanley_100,lka_test,0.1726,7.2194,27.7778,curve_0,LaneKeeping,-0.0004,1.286,27.7778,0.0,,
0.28,stanley_100,lka_test,0.2023,7.7742,27.7778,curve_0,LaneKeeping,-0.0103,1.0211,27.7778,0.0,,
0.3,stanley_100,lka_test,0.2342,8.3288,27.7778,curve_0,LaneKeeping,-0.0181,0.8046,27.7778,0.0,,
0.32,stanley_100,lka_test,0.2678,8.8833,27.7778,curve_0,LaneKeeping,-0.0242,0.6279,27.7778,0.0,,
0.34,stanley_100,lka_test,0.3027,9.4378,27.7778,curve_0,LaneKeeping,-0.0289,0.4839,27.7778,0.0,,
0.36,stanley_100,lka_test,0.3388,9.9922,27.7778,curve_0,LaneKeeping,-0.0324,0.3666,27.7778,0.0,,
0.38,stanley_100,lka_test,0.3759,10.5465,27.7778,curve_0,LaneKeeping,0.0062,1.9082,27.7778,0.0,,
0.4,stanley_100,lka_test,0.4167,11.1006,27.7778,curve_0,LaneKeeping,-0.0085,1.5193,27.7778,0.0,,
0.42,stanley_100,lka_test,0.4605,11.6544,27.7778,curve_0,LaneKeeping,-0.0201,1.2014,27.7778,0.0,,
0.44,stanley_100,lka_test,0.5069,12.208,27.7778,curve_0,LaneKeeping,-0.0293,0.9417,27.7778,0.0,,
0.46,stanley_100,lka_test,0.5553,12.7614,27.7778,curve_0,LaneKeeping,-0.0364,0.73,27.7778,0.0,,
0.48,stanley_100,lka_test,0.6054,13.3147,27.7778,curve_0,LaneKeeping,-0.0418,0.5574,27.7778,0.0,,
0.5,stanley_100,lka_test,0.6568,13.8679,27.7778,curve_0,LaneKeeping,-0.0458,0.4171,27.7778,0.0,,
0.52,stanley_100,lka_test,0.7094,14.421,27.7778,curve_0,LaneKeeping,-0.0042,1.9401,27.7778,0.0,,
0.54,stanley_100,lka_test,0.7658,14.9736,27.7778,curve_0,LaneKeeping,-0.0192,1.5381,27.7778,0.0,,
0.56,stanley_100,lka_test,0.8254,15.526,27.7778,curve_0,LaneKeeping,-0.0309,1.2098,27.7778,0.0,,
0.58,stanley_100,lka_test,0.8875,16.0781,27.7778,curve_0,LaneKeeping,-0.04,0.9418,27.7778,0.0,,
0.6,stanley_100,lka_test,0.9518,16.6299,27.7778,curve_0,LaneKeeping,-0.047,0.7234,27.7778,0.0,,
0.62,stanley_100,lka_test,1.0178,17.1815,27.7778,curve_0,LaneKeeping,-0.0523,0.5457,27.7778,0.0,,
0.64,stanley_100,lka_test,1.0852,17.733,27.7778,curve_0,LaneKeeping,-0.0562,0.4012,27.7778,0.0,,
0.66,stanley_100,lka_test,1.1537,18.2843,27.7778,curve_0,LaneKeeping,-0.0113,1.9211,27.7778,0.0,,
0.68,stanley_100,lka_test,1.226,18.8351,27.7778,curve_0,LaneKeeping,-0.026,1.5188,27.7778,0.0,,
0.7,stanley_100,lka_test,1.3015,19.3855,27.7778,curve_0,LaneKeeping,-0.0375,1.1902,27.7778,0.0,,
0.72,stanley_100,lka_test,1.3796,19.9355,27.7778,curve_0,LaneKeeping,-0.0465,0.9222,27.7778,0.0,,
0.74,stanley_100,lka_test,1.4598,20.4853,27.7778,curve_0,LaneKeeping,-0.0533,0.7039,27.7778,0.0,,
0.76,stanley_100,lka_test,1.5417,21.0348,27.7778,curve_0,LaneKeeping,-0.0584,0.5263,27.7778,0.0,,
0.78,stanley_100,lka_test,1.625,21.584,27.7778,curve_0,LaneKeeping,-0.0621,0.3821,27.7778,0.0,,
0.8,stanley_100,lka_test,1.7094,22.1331,27.7778,curve_0,LaneKeeping,-0.0138,1.9023,27.7778,0.0,,
0.82,stanley_100,lka_test,1.7977,22.6817,27.7778,curve_0,LaneKeeping,-0.0283,1.5023,27.7778,0.0,,
0.84,stanley_100,lka_test,1.889,23.2296,27.7778,curve_0,LaneKeeping,-0.0397,1.1757,27.7778,0.0,,
0.86,stanley_100,lka_test,1.9829,23.7772,27.7778,curve_0,LaneKeeping,-0.0485,0.9093,27.7778,0.0,,
0.88,stanley_100,lka_test,2.0789,24.3244,27.7778,curve_0,LaneKeeping,-0.0552,0.6924,27.7778,0.0,,
0.9,stanley_100,lka_test,2.1766,24.8713,27.7778,curve_0,LaneKeeping,-0.0603,0.516,27.7778,0.0,,
0.92,stanley_100,lka_test,2.2756,25.418,27.7778,curve_0,LaneKeeping,-0.0639,0.3728,27.7778,0.0,,
0.94,stanley_100,lka_test,2.3757,25.9644,27.7778,curve_0,LaneKeeping,-0.0122,1.8938,27.7778,0.0,,
0.96,stanley_100,lka_test,2.4796,26.5102,27.7778,curve_0,LaneKeeping,-0.0267,1.4965,27.7778,0.0,,
0.98,stanley_100,lka_test,2.5867,27.0553,27.7778,curve_0,LaneKeeping,-0.0381,1.1721,27.7778,0.0,,
1.0,stanley_100,lka_test,2.6962,27.6,27.7778,curve_0,LaneKeeping,-0.0469,0.9075,27.7778,0.0,,
1.02,stanley_100,lka_test,2.8078,28.1442,27.7778,curve_0,LaneKeeping,-0.0536,0.6919,27.7778,0.0,,
1.04,stanley_100,lka_test,2.921,28.6881,27.7778,curve_0,LaneKeeping,-0.0586,0.5166,27.7778,0.0,,
1.06,stanley_100,lka_test,3.0356,29.2317,27.7778,curve_0,LaneKeeping,-0.0622,0.3743,27.7778,0.0,,
1.08,stanley_100,lka_test,3.1513,29.7751,27.7778,curve_0,LaneKeeping,-0.0647,0.259,27.7778,0.0,,
1.1,stanley_100,lka_test,3.2678,30.3183,27.7778,curve_0,LaneKeeping,-0.0249,1.8029,27.7778,0.0,,
1.12,stanley_100,lka_test,3.3881,30.8607,27.7778,curve_0,LaneKeeping,-0.0386,1.4165,27.7778,0.0,,
1.14,stanley_100,lka_test,3.5113,31.4024,27.7778,curve_0,LaneKeeping,-0.0493,1.1013,27.7778,0.0,,
1.16,stanley_100,lka_test,3.6369,31.9436,27.7778,curve_0,LaneKeeping,-0.0575,0.8443,27.7778,0.0,,
1.18,stanley_100,lka_test,3.7645,32.4843,27.7778,curve_0,LaneKeeping,-0.0636,0.6353,27.7778,0.0,,
1.2,stanley_100,lka_test,3.8937,33.0246,27.7778,curve_0,LaneKeeping,-0.0681,0.4654,27.7778,0.0,,
1.22,stanley_100,lka_test,4.0242,33.5646,27.7778,curve_0,LaneKeeping,-0.0713,0.3278,27.7778,0.0,,
1.24,stanley_100,lka_test,4.1558,34.1043,27.7778,curve_0,LaneKeeping,-0.0287,1.8535,27.7778,0.0,,
1.26,stanley_100,lka_test,4.2911,34.6432,27.7778,curve_0,LaneKeeping,-0.0428,1.4543,27.7778,0.0,,
1.28,stanley_100,lka_test,4.4295,35.1812,27.7778,curve_0,LaneKeeping,-0.0538,1.1287,27.7778,0.0,,
1.3,stanley_100,lka_test,4.5704,35.7186,27.7778,curve_0,LaneKeeping,-0.0621,0.8634,27.7778,0.0,,
1.32,stanley_100,lka_test,4.7133,36.2555,27.7778,curve_0,LaneKeeping,-0.0684,0.6475,27.7778,0.0,,
1.34,stanley_100,lka_test,4.8578,36.7919,27.7778,curve_0,LaneKeeping,-0.073,0.4722,27.7778,0.0,,
1.36,stanley_100,lka_test,5.0036,37.328,27.7778,curve_0,LaneKeeping,-0.0762,0.3302,27.7778,0.0,,
1.38,stanley_100,lka_test,5.1506,37.8637,27.7778,curve_0,LaneKeeping,-0.0304,1.8525,27.7778,0.0,,
1.4,stanley_100,lka_test,5.3013,38.3985,27.7778,curve_0,LaneKeeping,-0.0444,1.4525,27.7778,0.0,,
1.42,stanley_100,lka_test,5.455,38.9323,27.7778,curve_0,LaneKeeping,-0.0554,1.1262,27.7778,0.0,,
1.44,stanley_100,lka_test,5.6112,39.4655,27.7778,curve_0,LaneKeeping,-0.0637,0.8604,27.7778,0.0,,
1.46,stanley_100,lka_test,5.7694,39.998,27.7778,curve_0,LaneKeeping,-0.0699,0.6442,27.7778,0.0,,
1.48,stanley_100,lka_test,5.9292,40.5301,27.7778,curve_0,LaneKeeping,-0.0745,0.4687,27.7778,0.0,,
1.5,stanley_100,lka_test,6.0903,41.0618,27.7778,curve_0,LaneKeeping,-0.0777,0.3265,27.7778,0.0,,
1.52,stanley_100,lka_test,6.2526,41.5931,27.7778,curve_0,LaneKeeping,-0.0286,1.8486,27.7778,0.0,,
1.54,stanley_100,lka_test,6.4185,42.1233,27.7778,curve_0,LaneKeeping,-0.0426,1.4505,27.7778,0.0,,
1.56,stanley_100,lka_test,6.5874,42.6526,27.7778,curve_0,LaneKeeping,-0.0535,1.1258,27.7778,0.0,,
1.58,stanley_100,lka_test,6.7587,43.1811,27.7778,curve_0,LaneKeeping,-0.0619,0.8612,27.7778,0.0,,
1.6,stanley_100,lka_test,6.9321,43.7089,27.7778,curve_0,LaneKeeping,-0.0681,0.646,27.7778,0.0,,
1.62,stanley_100,lka_test,7.107,44.2362,27.7778,curve_0,LaneKeeping,-0.0727,0.4712,27.7778,0.0,,
1.64,stanley_100,lka_test,7.2832,44.763,27.7778,curve_0,LaneKeeping,-0.0759,0.3295,27.7778,0.0,,
1.66,stanley_100,lka_test,7.4605,45.2895,27.7778,curve_0,LaneKeeping,-0.0236,1.8521,27.7778,0.0,,
1.68,stanley_100,lka_test,7.6415,45.8148,27.7778,curve_0,LaneKeeping,-0.0377,1.4564,27.7778,0.0,,
1.7,stanley_100,lka_test,7.8254,46.339,27.7778,curve_0,LaneKeeping,-0.0487,1.1334,27.7778,0.0,,
1.72,stanley_100,lka_test,8.0117,46.8624,27.7778,curve_0,LaneKeeping,-0.0572,0.8702,27.7778,0.0,,
1.74,stanley_100,lka_test,8.1999,47.3851,27.7778,curve_0,LaneKeeping,-0.0635,0.656,27.7778,0.0,,
1.76,stanley_100,lka_test,8.3897,47.9072,27.7778,curve_0,LaneKeeping,-0.0682,0.482,27.7778,0.0,,
1.78,stanley_100,lka_test,8.5809,48.4289,27.7778,curve_0,LaneKeeping,-0.0715,0.3409,27.7778,0.0,,
1.8,stanley_100,lka_test,8.773,48.9502,27.7778,curve_0,LaneKeeping,-0.0737,0.2268,27.7778,0.0,,
1.82,stanley_100,lka_test,8.966,49.4711,27.7778,curve_0,LaneKeeping,-0.0333,1.7719,27.7778,0.0,,
1.84,stanley_100,lka_test,9.1625,49.9908,27.7778,curve_0,LaneKeeping,-0.0467,1.3867,27.7778,0.0,,
1.86,stanley_100,lka_test,9.3618,50.5093,27.7778,curve_0,LaneKeeping,-0.0571,1.0726,27.7778,0.0,,
1.88,stanley_100,lka_test,9.5635,51.027,27.7778,curve_0,LaneKeeping,-0.065,0.8168,27.7778,0.0,,
1.9,stanley_100,lka_test,9.767,51.5439,27.7778,curve_0,LaneKeeping,-0.0709,0.6087,27.7778,0.0,,
1.92,stanley_100,lka_test,9.9721,52.0602,27.7778,curve_0,LaneKeeping,-0.0752,0.4399,27.7778,0.0,,
1.94,stanley_100,lka_test,10.1784,52.5761,27.7778,curve_0,LaneKeeping,-0.0781,0.3031,27.7778,0.0,,
1.96,stanley_100,lka_test,10.3856,53.0915,27.7778,curve_0,LaneKeeping,-0.035,1.8298,27.7778,0.0,,
1.98,stanley_100,lka_test,10.5965,53.6055,27.7778,curve_0,LaneKeeping,-0.0489,1.4316,27.7778,0.0,,
2.0,stanley_100,lka_test,10.8103,54.1183,27.7778,curve_0,LaneKeeping,-0.0597,1.1069,27.7778,0.0,,
2.02,stanley_100,lka_test,11.0264,54.6301,27.7778,curve_0,LaneKeeping,-0.0678,0.8424,27.7778,0.0,,
2.04,stanley_100,lka_test,11.2444,55.1411,27.7778,curve_0,LaneKeeping,-0.0739,0.6274,27.7778,0.0,,
2.06,stanley_100,lka_test,11.4641,55.6514,27.7778,curve_0,LaneKeeping,-0.0783,0.4529,27.7778,0.0,,
2.08,stanley_100,lka_test,11.6849,56.1611,27.7778,curve_0,LaneKeeping,-0.0813,0.3116,27.7778,0.0,,
2.1,stanley_100,lka_test,11.9068,56.6705,27.7778,curve_0,LaneKeeping,-0.035,1.8345,27.7778,0.0,,
2.12,stanley_100,lka_test,12.1322,57.1782,27.7778,curve_0,LaneKeeping,-0.049,1.4353,27.7778,0.0,,
2.14,stanley_100,lka_test,12.3605,57.6847,27.7778,curve_0,LaneKeeping,-0.0597,1.1098,27.7778,0.0,,
2.16,stanley_100,lka_test,12.5912,58.1901,27.7778,curve_0,LaneKeeping,-0.0679,0.8447,27.7778,0.0,,
2.18,stanley_100,lka_test,12.8237,58.6947,27.7778,curve_0,LaneKeeping,-0.074,0.6292,27.7778,0.0,,
2.2,stanley_100,lka_test,13.0578,59.1985,27.7778,curve_0,LaneKeeping,-0.0784,0.4542,27.7778,0.0,,
2.22,stanley_100,lka_test,13.2931,59.7017,27.7778,curve_0,LaneKeeping,-0.0814,0.3126,27.7778,0.0,,
2.24,stanley_100,lka_test,13.5294,60.2045,27.7778,curve_0,LaneKeeping,-0.0319,1.8352,27.7778,0.0,,
2.26,stanley_100,lka_test,13.7692,60.7057,27.7778,curve_0,LaneKeeping,-0.0459,1.4378,27.7778,0.0,,
2.28,stanley_100,lka_test,14.0119,61.2054,27.7778,curve_0,LaneKeeping,-0.0567,1.1137,27.7778,0.0,,
2.3,stanley_100,lka_test,14.2568,61.7041,27.7778,curve_0,LaneKeeping,-0.0649,0.8497,27.7778,0.0,,
2.32,stanley_100,lka_test,14.5036,62.2018,27.7778,curve_0,LaneKeeping,-0.0711,0.6349,27.7778,0.0,,
2.34,stanley_100,lka_test,14.752,62.6988,27.7778,curve_0,LaneKeeping,-0.0755,0.4606,27.7778,0.0,,
2.36,stanley_100,lka_test,15.0015,63.1951,27.7778,curve_0,LaneKeeping,-0.0786,0.3194,27.7778,0.0,,
2.38,stanley_100,lka_test,15.2521,63.691,27.7778,curve_0,LaneKeeping,-0.026,1.8424,27.7778,0.0,,
2.4,stanley_100,lka_test,15.506,64.1851,27.7778,curve_0,LaneKeeping,-0.04,1.4472,27.7778,0.0,,
2.42,stanley_100,lka_test,15.7627,64.6778,27.7778,curve_0,LaneKeeping,-0.0509,1.1247,27.7778,0.0,,
2.44,stanley_100,lka_test,16.0217,65.1693,27.7778,curve_0,LaneKeeping,-0.0593,0.862,27.7778,0.0,,
2.46,stanley_100,lka_test,16.2825,65.6598,27.7778,curve_0,LaneKeeping,-0.0656,0.6481,27.7778,0.0,,
2.48,stanley_100,lka_test,16.5448,66.1495,27.7778,curve_0,LaneKeeping,-0.0702,0.4745,27.7778,0.0,,
2.5,stanley_100,lka_test,16.8083,66.6386,27.7778,curve_0,LaneKeeping,-0.0734,0.3337,27.7778,0.0,,
2.52,stanley_100,lka_test,17.0728,67.1272,27.7778,curve_0,LaneKeeping,-0.0755,0.22,27.7778,0.0,,
2.54,stanley_100,lka_test,17.3381,67.6153,27.7778,curve_0,LaneKeeping,-0.0348,1.7653,27.7778,0.0,,
2.56,stanley_100,lka_test,17.6066,68.1017,27.7778,curve_0,LaneKeeping,-0.0482,1.3806,27.7778,0.0,,
2.58,stanley_100,lka_test,17.8778,68.5865,27.7778,curve_0,LaneKeeping,-0.0585,1.0668,27.7778,0.0,,
2.6,stanley_100,lka_test,18.1511,69.0702,27.7778,curve_0,LaneKeeping,-0.0664,0.8113,27.7778,0.0,,
2.62,stanley_100,lka_test,18.4262,69.5529,27.7778,curve_0,LaneKeeping,-0.0722,0.6036,27.7778,0.0,,
2.64,stanley_100,lka_test,18.7027,70.0347,27.7778,curve_0,LaneKeeping,-0.0764,0.435,27.7778,0.0,,
2.66,stanley_100,lka_test,18.9804,70.5159,27.7778,curve_0,LaneKeeping,-0.0793,0.2985,27.7778,0.0,,
2.68,stanley_100,lka_test,19.259,70.9966,27.7778,curve_0,LaneKeeping,-0.0359,1.8254,27.7778,0.0,,
2.7,stanley_100,lka_test,19.5409,71.4753,27.7778,curve_0,LaneKeeping,-0.0498,1.4275,27.7778,0.0,,
2.72,stanley_100,lka_test,19.8255,71.9524,27.7778,curve_0,LaneKeeping,-0.0605,1.1031,27.7778,0.0,,
2.74,stanley_100,lka_test,20.1124,72.4282,27.7778,curve_0,LaneKeeping,-0.0686,0.839,27.7778,0.0,,
2.76,stanley_100,lka_test,20.401,72.9029,27.7778,curve_0,LaneKeeping,-0.0747,0.6242,27.7778,0.0,,
2.78,stanley_100,lka_test,20.691,73.3767,27.7778,curve_0,LaneKeeping,-0.079,0.4498,27.7778,0.0,,
2.8,stanley_100,lka_test,20.9822,73.8498,27.7778,curve_0,LaneKeeping,-0.082,0.3087,27.7778,0.0,,
2.82,stanley_100,lka_test,21.2744,74.3224,27.7778,curve_0,LaneKeeping,-0.0354,1.8318,27.7778,0.0,,
2.84,stanley_100,lka_test,21.5698,74.7928,27.7778,curve_0,LaneKeeping,-0.0493,1.433,27.7778,0.0,,
2.86,stanley_100,lka_test,21.8679,75.2616,27.7778,curve_0,LaneKeeping,-0.0601,1.1077,27.7778,0.0,,
2.88,stanley_100,lka_test,22.1682,75.7291,27.7778,curve_0,LaneKeeping,-0.0682,0.8428,27.7778,0.0,,
2.9,stanley_100,lka_test,22.4702,76.1954,27.7778,curve_0,LaneKeeping,-0.0743,0.6275,27.7778,0.0,,
2.92,stanley_100,lka_test,22.7736,76.6607,27.7778,curve_0,LaneKeeping,-0.0787,0.4527,27.7778,0.0,,
2.94,stanley_100,lka_test,23.0782,77.1253,27.7778,curve_0,LaneKeeping,-0.0817,0.3112,27.7778,0.0,,
2.96,stanley_100,lka_test,23.3837,77.5893,27.7778,curve_0,LaneKeeping,-0.032,1.8339,27.7778,0.0,,
2.98,stanley_100,lka_test,23.6925,78.0512,27.7778,curve_0,LaneKeeping,-0.0459,1.4368,27.7778,0.0,,
3.0,stanley_100,lka_test,24.0038,78.5114,27.7778,curve_0,LaneKeeping,-0.0567,1.1129,27.7778,0.0,,
3.02,stanley_100,lka_test,24.3172,78.97,27.7778,curve_0,LaneKeeping,-0.0649,0.849,27.7778,0.0,,
3.04,stanley_100,lka_test,24.6324,79.4275,27.7778,curve_0,LaneKeeping,-0.0711,0.6344,27.7778,0.0,,
3.06,stanley_100,lka_test,24.9489,79.8841,27.7778,curve_0,LaneKeeping,-0.0755,0.4602,27.7778,0.0,,
3.08,stanley_100,lka_test,25.2666,80.3399,27.7778,curve_0,LaneKeeping,-0.0786,0.3191,27.7778,0.0,,
3.1,stanley_100,lka_test,25.5852,80.795,27.7778,curve_0,LaneKeeping,-0.0257,1.8422,27.7778,0.0,,
3.12,stanley_100,lka_test,25.9069,81.2479,27.7778,curve_0,LaneKeeping,-0.0397,1.4472,27.7778,0.0,,
3.14,stanley_100,lka_test,26.2312,81.699,27.7778,curve_0,LaneKeeping,-0.0506,1.1249,27.7778,0.0,,
3.16,stanley_100,lka_test,26.5575,82.1487,27.7778,curve_0,LaneKeeping,-0.059,0.8623,27.7778,0.0,,
3.18,stanley_100,lka_test,26.8855,82.5971,27.7778,curve_0,LaneKeeping,-0.0653,0.6486,27.7778,0.0,,
3.2,stanley_100,lka_test,27.2148,83.0445,27.7778,curve_0,LaneKeeping,-0.0699,0.475,27.7778,0.0,,
3.22,stanley_100,lka_test,27.5453,83.4911,27.7778,curve_0,LaneKeeping,-0.0731,0.3343,27.7778,0.0,,
3.24,stanley_100,lka_test,27.8766,83.937,27.7778,curve_0,LaneKeeping,-0.0753,0.2206,27.7778,0.0,,
3.26,stanley_100,lka_test,28.2086,84.3824,27.7778,curve_0,LaneKeeping,-0.0342,1.766,27.7778,0.0,,
3.28,stanley_100,lka_test,28.5437,84.8256,27.7778,curve_0,LaneKeeping,-0.0476,1.3815,27.7778,0.0,,
3.3,stanley_100,lka_test,28.8811,85.2669,27.7778,curve_0,LaneKeeping,-0.058,1.0679,27.7778,0.0,,
3.32,stanley_100,lka_test,29.2205,85.7067,27.7778,curve_0,LaneKeeping,-0.0659,0.8125,27.7778,0.0,,
3.34,stanley_100,lka_test,29.5615,86.1453,27.7778,curve_0,LaneKeeping,-0.0717,0.6048,27.7778,0.0,,
3.36,stanley_100,lka_test,29.9038,86.5829,27.7778,curve_0,LaneKeeping,-0.076,0.4363,27.7778,0.0,,
3.38,stanley_100,lka_test,30.2472,87.0197,27.7778,curve_0,LaneKeeping,-0.0789,0.2998,27.7778,0.0,,
3.4,stanley_100,lka_test,30.5913,87.4558,27.7778,curve_0,LaneKeeping,-0.0352,1.8267,27.7778,0.0,,
3.42,stanley_100,lka_test,30.9385,87.8895,27.7778,curve_0,LaneKeeping,-0.0491,1.429,27.7778,0.0,,
3.44,stanley_100,lka_test,31.2882,88.3212,27.7778,curve_0,LaneKeeping,-0.0598,1.1048,27.7778,0.0,,
3.46,stanley_100,lka_test,31.6398,88.7513,27.7778,curve_0,LaneKeeping,-0.0679,0.8407,27.7778,0.0,,
3.48,stanley_100,lka_test,31.993,89.1801,27.7778,curve_0,LaneKeeping,-0.074,0.6259,27.7778,0.0,,
3.5,stanley_100,lka_test,32.3476,89.6078,27.7778,curve_0,LaneKeeping,-0.0784,0.4517,27.7778,0.0,,
3.52,stanley_100,lka_test,32.7032,90.0347,27.7778,curve_0,LaneKeeping,-0.0814,0.3106,27.7778,0.0,,
3.54,stanley_100,lka_test,33.0596,90.4608,27.7778,curve_0,LaneKeeping,-0.0346,1.8337,27.7778,0.0,,
3.56,stanley_100,lka_test,33.419,90.8845,27.7778,curve_0,LaneKeeping,-0.0485,1.435,27.7778,0.0,,
3.58,stanley_100,lka_test,33.7808,91.3061,27.7778,curve_0,LaneKeeping,-0.0592,1.1099,27.7778,0.0,,
3.6,stanley_100,lka_test,34.1445,91.726,27.7778,curve_0,LaneKeeping,-0.0674,0.8451,27.7778,0.0,,
3.62,stanley_100,lka_test,34.5098,92.1446,27.7778,curve_0,LaneKeeping,-0.0735,0.6297,27.7778,0.0,,
3.64,stanley_100,lka_test,34.8764,92.562,27.7778,curve_0,LaneKeeping,-0.0779,0.455,27.7778,0.0,,
3.66,stanley_100,lka_test,35.244,92.9785,27.7778,curve_0,LaneKeeping,-0.081,0.3134,27.7778,0.0,,
3.68,stanley_100,lka_test,35.6125,93.3943,27.7778,curve_0,LaneKeeping,-0.031,1.8362,27.7778,0.0,,
3.7,stanley_100,lka_test,35.9838,93.8076,27.7778,curve_0,LaneKeeping,-0.0449,1.4392,27.7778,0.0,,
3.72,stanley_100,lka_test,36.3575,94.2187,27.7778,curve_0,LaneKeeping,-0.0557,1.1154,27.7778,0.0,,
3.74,stanley_100,lka_test,36.733,94.6281,27.7778,curve_0,LaneKeeping,-0.064,0.8516,27.7778,0.0,,
3.76,stanley_100,lka_test,37.1101,95.0361,27.7778,curve_0,LaneKeeping,-0.0702,0.637,27.7778,0.0,,
3.78,stanley_100,lka_test,37.4884,95.4429,27.7778,curve_0,LaneKeeping,-0.0746,0.4628,27.7778,0.0,,
3.8,stanley_100,lka_test,37.8677,95.8489,27.7778,curve_0,LaneKeeping,-0.0778,0.3217,27.7778,0.0,,
3.82,stanley_100,lka_test,38.2478,96.254,27.7778,curve_0,LaneKeeping,-0.0246,1.8448,27.7778,0.0,,
3.84,stanley_100,lka_test,38.6307,96.6565,27.7778,curve_0,LaneKeeping,-0.0386,1.4499,27.7778,0.0,,
3.86,stanley_100,lka_test,39.0158,97.0569,27.7778,curve_0,LaneKeeping,-0.0496,1.1278,27.7778,0.0,,
3.88,stanley_100,lka_test,39.4028,97.4555,27.7778,curve_0,LaneKeeping,-0.058,0.8652,27.7778,0.0,,
3.9,stanley_100,lka_test,39.7913,97.8527,27.7778,curve_0,LaneKeeping,-0.0643,0.6515,27.7778,0.0,,
3.92,stanley_100,lka_test,40.181,98.2486,27.7778,curve_0,LaneKeeping,-0.0689,0.478,27.7778,0.0,,
3.94,stanley_100,lka_test,40.5716,98.6437,27.7778,curve_0,LaneKeeping,-0.0722,0.3373,27.7778,0.0,,
3.96,stanley_100,lka_test,40.963,99.0379,27.7778,curve_0,LaneKeeping,-0.0744,0.2235,27.7778,0.0,,
3.98,stanley_100,lka_test,41.3551,99.4315,27.7778,curve_0,LaneKeeping,-0.0331,1.7688,27.7778,0.0,,
4.0,stanley_100,lka_test,41.7498,99.8225,27.7778,curve_0,LaneKeeping,-0.0465,1.3844,27.7778,0.0,,
4.02,stanley_100,lka_test,42.1466,100.2113,27.7778,curve_0,LaneKeeping,-0.0569,1.0709,27.7778,0.0,,
4.04,stanley_100,lka_test,42.5452,100.5984,27.7778,curve_0,LaneKeeping,-0.0648,0.8155,27.7778,0.0,,
4.06,stanley_100,lka_test,42.9451,100.9839,27.7778,curve_0,LaneKeeping,-0.0707,0.6079,27.7778,0.0,,
4.08,stanley_100,lka_test,43.3462,101.3684,27.7778,curve_0,LaneKeeping,-0.075,0.4393,27.7778,0.0,,
4.1,stanley_100,lka_test,43.7482,101.7518,27.7778,curve_0,LaneKeeping,-0.0779,0.3029,27.7778,0.0,,
4.12,stanley_100,lka_test,44.1509,102.1345,27.7778,curve_0,LaneKeeping,-0.034,1.8297,27.7778,0.0,,
4.14,stanley_100,lka_test,44.5563,102.5144,27.7778,curve_0,LaneKeeping,-0.0479,1.4322,27.7778,0.0,,
4.16,stanley_100,lka_test,44.9638,102.892,27.7778,curve_0,LaneKeeping,-0.0586,1.108,27.7778,0.0,,
4.18,stanley_100,lka_test,45.3731,103.2677,27.7778,curve_0,LaneKeeping,-0.0668,0.8439,27.7778,0.0,,
4.2,stanley_100,lka_test,45.7838,103.6418,27.7778,curve_0,LaneKeeping,-0.0729,0.6292,27.7778,0.0,,
4.22,stanley_100,lka_test,46.1956,104.0147,27.7778,curve_0,LaneKeeping,-0.0773,0.4549,27.7778,0.0,,
4.24,stanley_100,lka_test,46.6083,104.3866,27.7778,curve_0,LaneKeeping,-0.0804,0.3138,27.7778,0.0,,
4.26,stanley_100,lka_test,47.0217,104.7577,27.7778,curve_0,LaneKeeping,-0.0333,1.8369,27.7778,0.0,,
4.28,stanley_100,lka_test,47.4378,105.1259,27.7778,curve_0,LaneKeeping,-0.0473,1.4383,27.7778,0.0,,
4.3,stanley_100,lka_test,47.8559,105.4917,27.7778,curve_0,LaneKeeping,-0.058,1.1132,27.7778,0.0,,
4.32,stanley_100,lka_test,48.2757,105.8556,27.7778,curve_0,LaneKeeping,-0.0663,0.8484,27.7778,0.0,,
4.34,stanley_100,lka_test,48.6968,106.2179,27.7778,curve_0,LaneKeeping,-0.0724,0.6331,27.7778,0.0,,
4.36,stanley_100,lka_test,49.1191,106.5789,27.7778,curve_0,LaneKeeping,-0.0769,0.4583,27.7778,0.0,,
4.38,stanley_100,lka_test,49.5423,106.9389,27.7778,curve_0,LaneKeeping,-0.0799,0.3168,27.7778,0.0,,
4.4,stanley_100,lka_test,49.9661,107.298,27.7778,curve_0,LaneKeeping,-0.0297,1.8395,27.7778,0.0,,
4.42,stanley_100,lka_test,50.3925,107.6542,27.7778,curve_0,LaneKeeping,-0.0437,1.4426,27.7778,0.0,,
4.44,stanley_100,lka_test,50.8208,108.008,27.7778,curve_0,LaneKeeping,-0.0545,1.1189,27.7778,0.0,,
4.46,stanley_100,lka_test,51.2508,108.3598,27.7778,curve_0,LaneKeeping,-0.0628,0.8551,27.7778,0.0,,
4.48,stanley_100,lka_test,51.6821,108.71,27.7778,curve_0,LaneKeeping,-0.069,0.6406,27.7778,0.0,,
4.5,stanley_100,lka_test,52.1145,109.0588,27.7778,curve_0,LaneKeeping,-0.0735,0.4663,27.7778,0.0,,
4.52,stanley_100,lka_test,52.5477,109.4066,27.7778,curve_0,LaneKeeping,-0.0767,0.3252,27.7778,0.0,,
4.54,stanley_100,lka_test,52.9816,109.7536,27.7778,curve_0,LaneKeeping,-0.0233,1.8482,27.7778,0.0,,
4.56,stanley_100,lka_test,53.4179,110.0975,27.7778,curve_0,LaneKeeping,-0.0374,1.4534,27.7778,0.0,,
4.58,stanley_100,lka_test,53.8561,110.439,27.7778,curve_0,LaneKeeping,-0.0483,1.1313,27.7778,0.0,,
4.6,stanley_100,lka_test,54.2958,110.7785,27.7778,curve_0,LaneKeeping,-0.0568,0.8688,27.7778,0.0,,
4.62,stanley_100,lka_test,54.7369,111.1163,27.7778,curve_0,LaneKeeping,-0.0631,0.6551,27.7778,0.0,,
4.64,stanley_100,lka_test,55.1789,111.4528,27.7778,curve_0,LaneKeeping,-0.0678,0.4815,27.7778,0.0,,
4.66,stanley_100,lka_test,55.6218,111.7882,27.7778,curve_0,LaneKeeping,-0.0711,0.3408,27.7778,0.0,,
4.68,stanley_100,lka_test,56.0654,112.1227,27.7778,curve_0,LaneKeeping,-0.0733,0.227,27.7778,0.0,,
4.7,stanley_100,lka_test,56.5095,112.4565,27.7778,curve_0,LaneKeeping,-0.0318,1.7723,27.7778,0.0,,
4.72,stanley_100,lka_test,56.9558,112.7874,27.7778,curve_0,LaneKeeping,-0.0453,1.3879,27.7778,0.0,,
4.74,stanley_100,lka_test,57.4039,113.1158,27.7778,curve_0,LaneKeeping,-0.0557,1.0745,27.7778,0.0,,
4.76,stanley_100,lka_test,57.8535,113.4421,27.7778,curve_0,LaneKeeping,-0.0636,0.8191,27.7778,0.0,,
4.78,stanley_100,lka_test,58.3042,113.7669,27.7778,curve_0,LaneKeeping,-0.0695,0.6115,27.7778,0.0,,
4.8,stanley_100,lka_test,58.7559,114.0903,27.7778,curve_0,LaneKeeping,-0.0738,0.4429,27.7778,0.0,,
4.82,stanley_100,lka_test,59.2084,114.4127,27.7778,curve_0,LaneKeeping,-0.0768,0.3064,27.7778,0.0,,
4.84,stanley_100,lka_test,59.6615,114.7341,27.7778,curve_0,LaneKeeping,-0.0327,1.8332,27.7778,0.0,,
4.86,stanley_100,lka_test,60.1168,115.0524,27.7778,curve_0,LaneKeeping,-0.0466,1.4357,27.7778,0.0,,
4.88,stanley_100,lka_test,60.5739,115.3682,27.7778,curve_0,LaneKeeping,-0.0574,1.1116,27.7778,0.0,,
4.9,stanley_100,lka_test,61.0325,115.6818,27.7778,curve_0,LaneKeeping,-0.0656,0.8476,27.7778,0.0,,
4.92,stanley_100,lka_test,61.4922,115.9937,27.7778,curve_0,LaneKeeping,-0.0717,0.6328,27.7778,0.0,,
4.94,stanley_100,lka_test,61.9529,116.3042,27.7778,curve_0,LaneKeeping,-0.0762,0.4585,27.7778,0.0,,
4.96,stanley_100,lka_test,62.4143,116.6136,27.7778,curve_0,LaneKeeping,-0.0793,0.3174,27.7778,0.0,,
4.98,stanley_100,lka_test,62.8764,116.9221,27.7778,curve_0,LaneKeeping,-0.032,1.8404,27.7778,0.0,,
5.0,stanley_100,lka_test,63.3406,117.2273,27.7778,curve_0,LaneKeeping,-0.046,1.4419,27.7778,0.0,,
5.02,stanley_100,lka_test,63.8065,117.5299,27.7778,curve_0,LaneKeeping,-0.0568,1.1169,27.7778,0.0,,
5.04,stanley_100,lka_test,64.2738,117.8304,27.7778,curve_0,LaneKeeping,-0.065,0.8521,27.7778,0.0,,
5.06,stanley_100,lka_test,64.7422,118.129,27.7778,curve_0,LaneKeeping,-0.0712,0.6368,27.7778,0.0,,
5.08,stanley_100,lka_test,65.2116,118.4263,27.7778,curve_0,LaneKeeping,-0.0757,0.462,27.7778,0.0,,
5.1,stanley_100,lka_test,65.6816,118.7224,27.7778,curve_0,LaneKeeping,-0.0788,0.3204,27.7778,0.0,,
5.12,stanley_100,lka_test,66.1523,119.0175,27.7778,curve_0,LaneKeeping,-0.0283,1.8431,27.7778,0.0,,
5.14,stanley_100,lka_test,66.625,119.3094,27.7778,curve_0,LaneKeeping,-0.0423,1.4463,27.7778,0.0,,
5.16,stanley_100,lka_test,67.0993,119.5986,27.7778,curve_0,LaneKeeping,-0.0532,1.1226,27.7778,0.0,,
5.18,stanley_100,lka_test,67.575,119.8857,27.7778,curve_0,LaneKeeping,-0.0616,0.8589,27.7778,0.0,,
5.2,stanley_100,lka_test,68.0518,120.1709,27.7778,curve_0,LaneKeeping,-0.0678,0.6443,27.7778,0.0,,
5.22,stanley_100,lka_test,68.5294,120.4547,27.7778,curve_0,LaneKeeping,-0.0724,0.47,27.7778,0.0,,
5.24,stanley_100,lka_test,69.0077,120.7373,27.7778,curve_0,LaneKeeping,-0.0755,0.3289,27.7778,0.0,,
5.26,stanley_100,lka_test,69.4865,121.019,27.7778,curve_0,LaneKeeping,-0.0219,1.8518,27.7778,0.0,,
5.28,stanley_100,lka_test,69.9673,121.2973,27.7778,curve_0,LaneKeeping,-0.036,1.4571,27.7778,0.0,,
5.3,stanley_100,lka_test,70.4497,121.573,27.7778,curve_0,LaneKeeping,-0.0471,1.1351,27.7778,0.0,,
5.32,stanley_100,lka_test,70.9333,121.8464,27.7778,curve_0,LaneKeeping,-0.0555,0.8726,27.7778,0.0,,
5.34,stanley_100,lka_test,71.4179,122.118,27.7778,curve_0,LaneKeeping,-0.0619,0.6589,27.7778,0.0,,
5.36,stanley_100,lka_test,71.9033,122.3882,27.7778,curve_0,LaneKeeping,-0.0666,0.4853,27.7778,0.0,,
5.38,stanley_100,lka_test,72.3894,122.6572,27.7778,curve_0,LaneKeeping,-0.0699,0.3445,27.7778,0.0,,
5.4,stanley_100,lka_test,72.8761,122.9252,27.7778,curve_0,LaneKeeping,-0.0722,0.2306,27.7778,0.0,,
5.42,stanley_100,lka_test,73.3631,123.1924,27.7778,curve_0,LaneKeeping,-0.0305,1.7758,27.7778,0.0,,
5.44,stanley_100,lka_test,73.852,123.4563,27.7778,curve_0,LaneKeeping,-0.044,1.3916,27.7778,0.0,,
5.46,stanley_100,lka_test,74.3423,123.7176,27.7778,curve_0,LaneKeeping,-0.0544,1.0781,27.7778,0.0,,
5.48,stanley_100,lka_test,74.8337,123.9767,27.7778,curve_0,LaneKeeping,-0.0624,0.8228,27.7778,0.0,,
5.5,stanley_100,lka_test,75.3261,124.234,27.7778,curve_0,LaneKeeping,-0.0684,0.6152,27.7778,0.0,,
5.52,stanley_100,lka_test,75.8192,124.4898,27.7778,curve_0,LaneKeeping,-0.0727,0.4466,27.7778,0.0,,
5.54,stanley_100,lka_test,76.313,124.7445,27.7778,curve_0,LaneKeeping,-0.0757,0.31,27.7778,0.0,,
5.56,stanley_100,lka_test,76.8072,124.9982,27.7778,curve_0,LaneKeeping,-0.0313,1.8367,27.7778,0.0,,
5.58,stanley_100,lka_test,77.3032,125.2485,27.7778,curve_0,LaneKeeping,-0.0453,1.4394,27.7778,0.0,,
5.6,stanley_100,lka_test,77.8006,125.496,27.7778,curve_0,LaneKeeping,-0.0561,1.1153,27.7778,0.0,,
5.62,stanley_100,lka_test,78.2991,125.7412,27.7778,curve_0,LaneKeeping,-0.0644,0.8513,27.7778,0.0,,
5.64,stanley_100,lka_test,78.7986,125.9845,27.7778,curve_0,LaneKeeping,-0.0705,0.6365,27.7778,0.0,,
5.66,stanley_100,lka_test,79.2987,126.2263,27.7778,curve_0,LaneKeeping,-0.075,0.4622,27.7778,0.0,,
5.68,stanley_100,lka_test,79.7995,126.4669,27.7778,curve_0,LaneKeeping,-0.0781,0.321,27.7778,0.0,,
5.7,stanley_100,lka_test,80.3008,126.7064,27.7778,curve_0,LaneKeeping,-0.0306,1.844,27.7778,0.0,,
5.72,stanley_100,lka_test,80.8037,126.9425,27.7778,curve_0,LaneKeeping,-0.0446,1.4456,27.7778,0.0,,
5.74,stanley_100,lka_test,81.3079,127.1757,27.7778,curve_0,LaneKeeping,-0.0555,1.1206,27.7778,0.0,,
5.76,stanley_100,lka_test,81.8132,127.4066,27.7778,curve_0,LaneKeeping,-0.0638,0.8559,27.7778,0.0,,
5.78,stanley_100,lka_test,82.3194,127.6356,27.7778,curve_0,LaneKeeping,-0.07,0.6405,27.7778,0.0,,
5.8,stanley_100,lka_test,82.8262,127.863,27.7778,curve_0,LaneKeeping,-0.0745,0.4657,27.7778,0.0,,
5.82,stanley_100,lka_test,83.3337,128.0892,27.7778,curve_0,LaneKeeping,-0.0777,0.3241,27.7778,0.0,,
5.84,stanley_100,lka_test,83.8415,128.3144,27.7778,curve_0,LaneKeeping,-0.027,1.8467,27.7778,0.0,,
5.86,stanley_100,lka_test,84.351,128.536,27.7778,curve_0,LaneKeeping,-0.041,1.45,27.7778,0.0,,
5.88,stanley_100,lka_test,84.8616,128.7548,27.7778,curve_0,LaneKeeping,-0.0519,1.1263,27.7778,0.0,,
5.9,stanley_100,lka_test,85.3733,128.9712,27.7778,curve_0,LaneKeeping,-0.0603,0.8626,27.7778,0.0,,
5.92,stanley_100,lka_test,85.8858,129.1857,27.7778,curve_0,LaneKeeping,-0.0666,0.648,27.7778,0.0,,
5.94,stanley_100,lka_test,86.3989,129.3986,27.7778,curve_0,LaneKeeping,-0.0712,0.4738,27.7778,0.0,,
5.96,stanley_100,lka_test,86.9126,129.6103,27.7778,curve_0,LaneKeeping,-0.0744,0.3325,27.7778,0.0,,
5.98,stanley_100,lka_test,87.4266,129.8209,27.7778,curve_0,LaneKeeping,-0.0206,1.8554,27.7778,0.0,,
6.0,stanley_100,lka_test,87.9421,130.028,27.7778,curve_0,LaneKeeping,-0.0347,1.4608,27.7778,0.0,,
6.02,stanley_100,lka_test,88.4588,130.2322,27.7778,curve_0,LaneKeeping,-0.0458,1.1388,27.7778,0.0,,
6.04,stanley_100,lka_test,88.9764,130.4341,27.7778,curve_0,LaneKeeping,-0.0543,0.8763,27.7778,0.0,,
6.06,stanley_100,lka_test,89.4948,130.634,27.7778,curve_0,LaneKeeping,-0.0607,0.6627,27.7778,0.0,,
6.08,stanley_100,lka_test,90.0137,130.8323,27.7778,curve_0,LaneKeeping,-0.0654,0.489,27.7778,0.0,,
6.1,stanley_100,lka_test,90.5331,131.0294,27.7778,curve_0,LaneKeeping,-0.0688,0.3482,27.7778,0.0,,
6.12,stanley_100,lka_test,91.053,131.2254,27.7778,curve_0,LaneKeeping,-0.0711,0.2342,27.7778,0.0,,
6.14,stanley_100,lka_test,91.5731,131.4206,27.7778,curve_0,LaneKeeping,-0.0291,1.7794,27.7778,0.0,,
6.16,stanley_100,lka_test,92.0945,131.6123,27.7778,curve_0,LaneKeeping,-0.0427,1.3952,27.7778,0.0,,
6.18,stanley_100,lka_test,92.617,131.8011,27.7778,curve_0,LaneKeeping,-0.0532,1.0818,27.7778,0.0,,
6.2,stanley_100,lka_test,93.1403,131.9876,27.7778,curve_0,LaneKeeping,-0.0612,0.8265,27.7778,0.0,,
6.22,stanley_100,lka_test,93.6643,132.1722,27.7778,curve_0,LaneKeeping,-0.0672,0.6188,27.7778,0.0,,
6.24,stanley_100,lka_test,94.1888,132.3553,27.7778,curve_0,LaneKeeping,-0.0715,0.4502,27.7778,0.0,,
6.26,stanley_100,lka_test,94.7138,132.5371,27.7778,curve_0,LaneKeeping,-0.0746,0.3136,27.7778,0.0,,
6.28,stanley_100,lka_test,95.2391,132.7179,27.7778,curve_0,LaneKeeping,-0.03,1.8403,27.7778,0.0,,
6.3,stanley_100,lka_test,95.7657,132.8951,27.7778,curve_0,LaneKeeping,-0.044,1.443,27.7778,0.0,,
6.32,stanley_100,lka_test,96.2932,133.0692,27.7778,curve_0,LaneKeeping,-0.0549,1.119,27.7778,0.0,,
6.34,stanley_100,lka_test,96.8216,133.241,27.7778,curve_0,LaneKeeping,-0.0631,0.855,27.7778,0.0,,
6.36,stanley_100,lka_test,97.3505,133.4107,27.7778,curve_0,LaneKeeping,-0.0694,0.6402,27.7778,0.0,,
6.38,stanley_100,lka_test,97.88,133.5789,27.7778,curve_0,LaneKeeping,-0.0739,0.4659,27.7778,0.0,,
6.4,stanley_100,lka_test,98.4099,133.7457,27.7778,curve_0,LaneKeeping,-0.077,0.3246,27.7778,0.0,,
6.42,stanley_100,lka_test,98.9402,133.9115,27.7778,curve_0,LaneKeeping,-0.0293,1.8475,27.7778,0.0,,
6.44,stanley_100,lka_test,99.4716,134.0736,27.7778,curve_0,LaneKeeping,-0.0433,1.4492,27.7778,0.0,,
6.46,stanley_100,lka_test,100.0039,134.2327,27.7778,curve_0,LaneKeeping,-0.0542,1.1243,27.7778,0.0,,
6.48,stanley_100,lka_test,100.5369,134.3893,27.7778,curve_0,LaneKeeping,-0.0626,0.8596,27.7778,0.0,,
6.5,stanley_100,lka_test,101.0705,134.544,27.7778,curve_0,LaneKeeping,-0.0688,0.6442,27.7778,0.0,,
6.52,stanley_100,lka_test,101.6046,134.697,27.7778,curve_0,LaneKeeping,-0.0734,0.4694,27.7778,0.0,,
6.54,stanley_100,lka_test,102.139,134.8486,27.7778,curve_0,LaneKeeping,-0.0766,0.3277,27.7778,0.0,,
6.56,stanley_100,lka_test,102.6738,134.9992,27.7778,curve_0,LaneKeeping,-0.0256,1.8502,27.7778,0.0,,
6.58,stanley_100,lka_test,103.2095,135.1461,27.7778,curve_0,LaneKeeping,-0.0397,1.4536,27.7778,0.0,,
6.6,stanley_100,lka_test,103.7461,135.29,27.7778,curve_0,LaneKeeping,-0.0507,1.13,27.7778,0.0,,
6.62,stanley_100,lka_test,104.2834,135.4314,27.7778,curve_0,LaneKeeping,-0.0591,0.8663,27.7778,0.0,,
6.64,stanley_100,lka_test,104.8212,135.5708,27.7778,curve_0,LaneKeeping,-0.0654,0.6517,27.7778,0.0,,
6.66,stanley_100,lka_test,105.3594,135.7085,27.7778,curve_0,LaneKeeping,-0.07,0.4774,27.7778,0.0,,
6.68,stanley_100,lka_test,105.8979,135.8449,27.7778,curve_0,LaneKeeping,-0.0733,0.3362,27.7778,0.0,,
6.7,stanley_100,lka_test,106.4368,135.9803,27.7778,curve_0,LaneKeeping,-0.0192,1.859,27.7778,0.0,,
6.72,stanley_100,lka_test,106.9765,136.1119,27.7778,curve_0,LaneKeeping,-0.0334,1.4645,27.7778,0.0,,
6.74,stanley_100,lka_test,107.517,136.2405,27.7778,curve_0,LaneKeeping,-0.0445,1.1425,27.7778,0.0,,
6.76,stanley_100,lka_test,108.058,136.3666,27.7778,curve_0,LaneKeeping,-0.053,0.8801,27.7778,0.0,,
6.78,stanley_100,lka_test,108.5995,136.4907,27.7778,curve_0,LaneKeeping,-0.0595,0.6664,27.7778,0.0,,
0.0,pid_40,lka_test,0.0,0.0,11.1111,curve_0,LaneKeeping,0.0,0.8185,11.1111,0.0,,
0.02,pid_40,lka_test,0.0,0.2222,11.1111,curve_0,LaneKeeping,-0.0032,0.8185,11.1111,0.0,,
0.04,pid_40,lka_test,0.0012,0.4444,11.1111,curve_0,LaneKeeping,-0.0052,0.5169,11.1111,0.0,,
0.06,pid_40,lka_test,0.0031,0.6667,11.1111,curve_0,LaneKeeping,-0.0064,0.3248,11.1111,0.0,,
0.08,pid_40,lka_test,0.0055,0.8889,11.1111,curve_0,LaneKeeping,-0.0072,0.2023,11.1111,0.0,,
0.1,pid_40,lka_test,0.0082,1.1111,11.1111,curve_0,LaneKeeping,-0.0077,0.1242,11.1111,0.0,,
0.12,pid_40,lka_test,0.0111,1.3333,11.1111,curve_0,LaneKeeping,-0.008,0.0744,11.1111,0.0,,
0.14,pid_40,lka_test,0.0141,1.5555,11.1111,curve_0,LaneKeeping,-0.0082,0.0427,11.1111,0.0,,
0.16,pid_40,lka_test,0.0171,1.7777,11.1111,curve_0,LaneKeeping,-0.0082,0.0224,11.1111,0.0,,
0.18,pid_40,lka_test,0.0203,1.9999,11.1111,curve_0,LaneKeeping,0.0489,1.6466,11.1111,0.0,,
0.2,pid_40,lka_test,0.0109,2.2219,11.1111,curve_0,LaneKeeping,0.03,4.8728,11.1111,0.0,,
0.22,pid_40,lka_test,0.0087,2.4441,11.1111,curve_0,LaneKeeping,0.0183,3.0224,11.1111,0.0,,
0.24,pid_40,lka_test,0.0108,2.6663,11.1111,curve_0,LaneKeeping,0.0109,1.9075,11.1111,0.0,,
0.26,pid_40,lka_test,0.0157,2.8885,11.1111,curve_0,LaneKeeping,0.0062,1.211,11.1111,0.0,,
0.28,pid_40,lka_test,0.0222,3.1106,11.1111,curve_0,LaneKeeping,0.0032,0.7703,11.1111,0.0,,
0.3,pid_40,lka_test,0.0298,3.3327,11.1111,curve_0,LaneKeeping,0.0013,0.49,11.1111,0.0,,
0.32,pid_40,lka_test,0.0381,3.5548,11.1111,curve_0,LaneKeeping,0.0001,0.3114,11.1111,0.0,,
0.34,pid_40,lka_test,0.0469,3.7768,11.1111,curve_0,LaneKeeping,-0.0007,0.1975,11.1111,0.0,,
0.36,pid_40,lka_test,0.0559,3.9989,11.1111,curve_0,LaneKeeping,-0.0012,0.1249,11.1111,0.0,,
0.38,pid_40,lka_test,0.0651,4.2209,11.1111,curve_0,LaneKeeping,-0.0015,0.0785,11.1111,0.0,,
0.4,pid_40,lka_test,0.0745,4.4429,11.1111,curve_0,LaneKeeping,-0.0017,0.049,11.1111,0.0,,
0.42,pid_40,lka_test,0.0839,4.6649,11.1111,curve_0,LaneKeeping,-0.0018,0.0301,11.1111,0.0,,
0.44,pid_40,lka_test,0.0933,4.887,11.1111,curve_0,LaneKeeping,-0.0019,0.0181,11.1111,0.0,,
0.46,pid_40,lka_test,0.1028,5.109,11.1111,curve_0,LaneKeeping,-0.0019,0.0104,11.1111,0.0,,
0.48,pid_40,lka_test,0.1123,5.331,11.1111,curve_0,LaneKeeping,-0.0019,0.0055,11.1111,0.0,,
0.5,pid_40,lka_test,0.1218,5.553,11.1111,curve_0,LaneKeeping,-0.0019,0.0024,11.1111,0.0,,
0.52,pid_40,lka_test,0.1313,5.775,11.1111,curve_0,LaneKeeping,-0.0019,0.0004,11.1111,0.0,,
0.54,pid_40,lka_test,0.1409,5.9971,11.1111,curve_0,LaneKeeping,-0.0019,-0.0008,11.1111,0.0,,
0.56,pid_40,lka_test,0.1504,6.2191,11.1111,curve_0,LaneKeeping,0.0489,1.6354,11.1111,0.0,,
0.58,pid_40,lka_test,0.1474,6.4413,11.1111,curve_0,LaneKeeping,0.03,4.8616,11.1111,0.0,,
0.6,pid_40,lka_test,0.1516,6.6635,11.1111,curve_0,LaneKeeping,0.0184,3.0159,11.1111,0.0,,
0.62,pid_40,lka_test,0.1601,6.8855,11.1111,curve_0,LaneKeeping,0.011,1.9036,11.1111,0.0,,
0.64,pid_40,lka_test,0.1713,7.1075,11.1111,curve_0,LaneKeeping,0.0063,1.2087,11.1111,0.0,,
0.66,pid_40,lka_test,0.1841,7.3293,11.1111,curve_0,LaneKeeping,0.0033,0.7689,11.1111,0.0,,
0.68,pid_40,lka_test,0.1981,7.5511,11.1111,curve_0,LaneKeeping,0.0014,0.4892,11.1111,0.0,,
0.7,pid_40,lka_test,0.2128,7.7728,11.1111,curve_0,LaneKeeping,0.0002,0.3109,11.1111,0.0,,
0.72,pid_40,lka_test,0.2279,7.9945,11.1111,curve_0,LaneKeeping,-0.0006,0.1973,11.1111,0.0,,
0.74,pid_40,lka_test,0.2432,8.2162,11.1111,curve_0,LaneKeeping,-0.0011,0.1248,11.1111,0.0,,
0.76,pid_40,lka_test,0.2588,8.4379,11.1111,curve_0,LaneKeeping,-0.0014,0.0785,11.1111,0.0,,
0.78,pid_40,lka_test,0.2745,8.6596,11.1111,curve_0,LaneKeeping,-0.0015,0.049,11.1111,0.0,,
0.8,pid_40,lka_test,0.2902,8.8812,11.1111,curve_0,LaneKeeping,-0.0017,0.0302,11.1111,0.0,,
0.82,pid_40,lka_test,0.306,9.1029,11.1111,curve_0,LaneKeeping,-0.0017,0.0182,11.1111,0.0,,
0.84,pid_40,lka_test,0.3218,9.3246,11.1111,curve_0,LaneKeeping,-0.0018,0.0106,11.1111,0.0,,
0.86,pid_40,lka_test,0.3377,9.5462,11.1111,curve_0,LaneKeeping,-0.0018,0.0057,11.1111,0.0,,
0.88,pid_40,lka_test,0.3535,9.7679,11.1111,curve_0,LaneKeeping,-0.0018,0.0026,11.1111,0.0,,
0.9,pid_40,lka_test,0.3694,9.9895,11.1111,curve_0,LaneKeeping,-0.0018,0.0006,11.1111,0.0,,
0.92,pid_40,lka_test,0.3852,10.2112,11.1111,curve_0,LaneKeeping,0.049,1.6364,11.1111,0.0,,
0.94,pid_40,lka_test,0.3886,10.4334,11.1111,curve_0,LaneKeeping,0.0302,4.8626,11.1111,0.0,,
0.96,pid_40,lka_test,0.3991,10.6554,11.1111,curve_0,LaneKeeping,0.0185,3.0166,11.1111,0.0,,
0.98,pid_40,lka_test,0.4139,10.8771,11.1111,curve_0,LaneKeeping,0.0111,1.9041,11.1111,0.0,,
1.0,pid_40,lka_test,0.4314,11.0986,11.1111,curve_0,LaneKeeping,0.0064,1.209,11.1111,0.0,,
1.02,pid_40,lka_test,0.4507,11.32,11.1111,curve_0,LaneKeeping,0.0034,0.7692,11.1111,0.0,,
1.04,pid_40,lka_test,0.471,11.5413,11.1111,curve_0,LaneKeeping,0.0015,0.4894,11.1111,0.0,,
1.06,pid_40,lka_test,0.4919,11.7625,11.1111,curve_0,LaneKeeping,0.0003,0.3112,11.1111,0.0,,
1.08,pid_40,lka_test,0.5134,11.9837,11.1111,curve_0,LaneKeeping,-0.0005,0.1975,11.1111,0.0,,
1.1,pid_40,lka_test,0.5351,12.2049,11.1111,curve_0,LaneKeeping,-0.0009,0.125,11.1111,0.0,,
1.12,pid_40,lka_test,0.5569,12.426,11.1111,curve_0,LaneKeeping,-0.0012,0.0787,11.1111,0.0,,
1.14,pid_40,lka_test,0.5789,12.6471,11.1111,curve_0,LaneKeeping,-0.0014,0.0492,11.1111,0.0,,
1.16,pid_40,lka_test,0.601,12.8683,11.1111,curve_0,LaneKeeping,-0.0015,0.0304,11.1111,0.0,,
1.18,pid_40,lka_test,0.6231,13.0894,11.1111,curve_0,LaneKeeping,-0.0016,0.0184,11.1111,0.0,,
1.2,pid_40,lka_test,0.6453,13.3105,11.1111,curve_0,LaneKeeping,-0.0017,0.0108,11.1111,0.0,,
1.22,pid_40,lka_test,0.6674,13.5316,11.1111,curve_0,LaneKeeping,-0.0017,0.0059,11.1111,0.0,,
1.24,pid_40,lka_test,0.6896,13.7527,11.1111,curve_0,LaneKeeping,-0.0017,0.0028,11.1111,0.0,,
1.26,pid_40,lka_test,0.7118,13.9738,11.1111,curve_0,LaneKeeping,-0.0017,0.0008,11.1111,0.0,,
1.28,pid_40,lka_test,0.734,14.195,11.1111,curve_0,LaneKeeping,0.0491,1.6366,11.1111,0.0,,
1.3,pid_40,lka_test,0.7437,14.417,11.1111,curve_0,LaneKeeping,0.0303,4.8628,11.1111,0.0,,
1.32,pid_40,lka_test,0.7605,14.6386,11.1111,curve_0,LaneKeeping,0.0186,3.0168,11.1111,0.0,,
1.34,pid_40,lka_test,0.7817,14.8598,11.1111,curve_0,LaneKeeping,0.0112,1.9043,11.1111,0.0,,
1.36,pid_40,lka_test,0.8055,15.0807,11.1111,curve_0,LaneKeeping,0.0065,1.2092,11.1111,0.0,,
1.38,pid_40,lka_test,0.8311,15.3015,11.1111,curve_0,LaneKeeping,0.0035,0.7693,11.1111,0.0,,
1.4,pid_40,lka_test,0.8577,15.5221,11.1111,curve_0,LaneKeeping,0.0016,0.4896,11.1111,0.0,,
1.42,pid_40,lka_test,0.885,15.7426,11.1111,curve_0,LaneKeeping,0.0004,0.3114,11.1111,0.0,,
1.44,pid_40,lka_test,0.9127,15.9631,11.1111,curve_0,LaneKeeping,-0.0003,0.1977,11.1111,0.0,,
1.46,pid_40,lka_test,0.9407,16.1836,11.1111,curve_0,LaneKeeping,-0.0008,0.1252,11.1111,0.0,,
1.48,pid_40,lka_test,0.9689,16.404,11.1111,curve_0,LaneKeeping,-0.0011,0.0789,11.1111,0.0,,
1.5,pid_40,lka_test,0.9972,16.6244,11.1111,curve_0,LaneKeeping,-0.0013,0.0494,11.1111,0.0,,
1.52,pid_40,lka_test,1.0256,16.8448,11.1111,curve_0,LaneKeeping,-0.0014,0.0306,11.1111,0.0,,
1.54,pid_40,lka_test,1.054,17.0652,11.1111,curve_0,LaneKeeping,-0.0015,0.0186,11.1111,0.0,,
1.56,pid_40,lka_test,1.0824,17.2856,11.1111,curve_0,LaneKeeping,-0.0015,0.0109,11.1111,0.0,,
1.58,pid_40,lka_test,1.1109,17.506,11.1111,curve_0,LaneKeeping,-0.0016,0.0061,11.1111,0.0,,
1.6,pid_40,lka_test,1.1394,17.7264,11.1111,curve_0,LaneKeeping,-0.0016,0.003,11.1111,0.0,,
1.62,pid_40,lka_test,1.1679,17.9468,11.1111,curve_0,LaneKeeping,-0.0016,0.001,11.1111,0.0,,
1.64,pid_40,lka_test,1.1964,18.1671,11.1111,curve_0,LaneKeeping,0.0493,1.6367,11.1111,0.0,,
1.66,pid_40,lka_test,1.2124,18.3888,11.1111,curve_0,LaneKeeping,0.0304,4.8629,11.1111,0.0,,
1.68,pid_40,lka_test,1.2356,18.6098,11.1111,curve_0,LaneKeeping,0.0187,3.017,11.1111,0.0,,
1.7,pid_40,lka_test,1.2631,18.8303,11.1111,curve_0,LaneKeeping,0.0113,1.9045,11.1111,0.0,,
1.72,pid_40,lka_test,1.2932,19.0505,11.1111,curve_0,LaneKeeping,0.0066,1.2094,11.1111,0.0,,
1.74,pid_40,lka_test,1.325,19.2704,11.1111,curve_0,LaneKeeping,0.0037,0.7695,11.1111,0.0,,
1.76,pid_40,lka_test,1.3579,19.4902,11.1111,curve_0,LaneKeeping,0.0018,0.4898,11.1111,0.0,,
1.78,pid_40,lka_test,1.3915,19.7099,11.1111,curve_0,LaneKeeping,0.0006,0.3115,11.1111,0.0,,
1.8,pid_40,lka_test,1.4255,19.9295,11.1111,curve_0,LaneKeeping,-0.0002,0.1979,11.1111,0.0,,
1.82,pid_40,lka_test,1.4598,20.149,11.1111,curve_0,LaneKeeping,-0.0007,0.1254,11.1111,0.0,,
1.84,pid_40,lka_test,1.4943,20.3686,11.1111,curve_0,LaneKeeping,-0.001,0.0791,11.1111,0.0,,
1.86,pid_40,lka_test,1.5289,20.5881,11.1111,curve_0,LaneKeeping,-0.0012,0.0496,11.1111,0.0,,
1.88,pid_40,lka_test,1.5635,20.8076,11.1111,curve_0,LaneKeeping,-0.0013,0.0308,11.1111,0.0,,
1.9,pid_40,lka_test,1.5982,21.0271,11.1111,curve_0,LaneKeeping,-0.0014,0.0188,11.1111,0.0,,
1.92,pid_40,lka_test,1.633,21.2466,11.1111,curve_0,LaneKeeping,-0.0014,0.0111,11.1111,0.0,,
1.94,pid_40,lka_test,1.6677,21.466,11.1111,curve_0,LaneKeeping,-0.0015,0.0062,11.1111,0.0,,
1.96,pid_40,lka_test,1.7025,21.6855,11.1111,curve_0,LaneKeeping,-0.0015,0.0031,11.1111,0.0,,
1.98,pid_40,lka_test,1.7373,21.905,11.1111,curve_0,LaneKeeping,-0.0015,0.0012,11.1111,0.0,,
2.0,pid_40,lka_test,1.772,22.1245,11.1111,curve_0,LaneKeeping,0.0494,1.6369,11.1111,0.0,,
2.02,pid_40,lka_test,1.7944,22.3456,11.1111,curve_0,LaneKeeping,0.0305,4.8631,11.1111,0.0,,
2.04,pid_40,lka_test,1.8239,22.5659,11.1111,curve_0,LaneKeeping,0.0189,3.0171,11.1111,0.0,,
2.06,pid_40,lka_test,1.8576,22.7855,11.1111,curve_0,LaneKeeping,0.0115,1.9047,11.1111,0.0,,
2.08,pid_40,lka_test,1.8941,23.0047,11.1111,curve_0,LaneKeeping,0.0068,1.2096,11.1111,0.0,,
2.1,pid_40,lka_test,1.9322,23.2236,11.1111,curve_0,LaneKeeping,0.0038,0.7697,11.1111,0.0,,
2.12,pid_40,lka_test,1.9713,23.4424,11.1111,curve_0,LaneKeeping,0.0019,0.49,11.1111,0.0,,
2.14,pid_40,lka_test,2.0112,23.661,11.1111,curve_0,LaneKeeping,0.0007,0.3117,11.1111,0.0,,
2.16,pid_40,lka_test,2.0514,23.8796,11.1111,curve_0,LaneKeeping,-0.0001,0.1981,11.1111,0.0,,
2.18,pid_40,lka_test,2.092,24.098,11.1111,curve_0,LaneKeeping,-0.0006,0.1256,11.1111,0.0,,
2.2,pid_40,lka_test,2.1327,24.3165,11.1111,curve_0,LaneKeeping,-0.0009,0.0793,11.1111,0.0,,
2.22,pid_40,lka_test,2.1736,24.5349,11.1111,curve_0,LaneKeeping,-0.0011,0.0498,11.1111,0.0,,
2.24,pid_40,lka_test,2.2145,24.7534,11.1111,curve_0,LaneKeeping,-0.0012,0.031,11.1111,0.0,,
2.26,pid_40,lka_test,2.2554,24.9718,11.1111,curve_0,LaneKeeping,-0.0013,0.019,11.1111,0.0,,
2.28,pid_40,lka_test,2.2964,25.1902,11.1111,curve_0,LaneKeeping,-0.0013,0.0113,11.1111,0.0,,
2.3,pid_40,lka_test,2.3374,25.4086,11.1111,curve_0,LaneKeeping,-0.0013,0.0064,11.1111,0.0,,
2.32,pid_40,lka_test,2.3785,25.627,11.1111,curve_0,LaneKeeping,-0.0014,0.0033,11.1111,0.0,,
2.34,pid_40,lka_test,2.4195,25.8454,11.1111,curve_0,LaneKeeping,-0.0014,0.0013,11.1111,0.0,,
2.36,pid_40,lka_test,2.4605,26.0638,11.1111,curve_0,LaneKeeping,0.0495,1.6371,11.1111,0.0,,
2.38,pid_40,lka_test,2.4892,26.2842,11.1111,curve_0,LaneKeeping,0.0307,4.8633,11.1111,0.0,,
2.4,pid_40,lka_test,2.525,26.5035,11.1111,curve_0,LaneKeeping,0.019,3.0173,11.1111,0.0,,
2.42,pid_40,lka_test,2.565,26.7221,11.1111,curve_0,LaneKeeping,0.0116,1.9049,11.1111,0.0,,
2.44,pid_40,lka_test,2.6076,26.9402,11.1111,curve_0,LaneKeeping,0.0069,1.2098,11.1111,0.0,,
2.46,pid_40,lka_test,2.652,27.1579,11.1111,curve_0,LaneKeeping,0.0039,0.7699,11.1111,0.0,,
2.48,pid_40,lka_test,2.6974,27.3755,11.1111,curve_0,LaneKeeping,0.002,0.4902,11.1111,0.0,,
2.5,pid_40,lka_test,2.7434,27.5929,11.1111,curve_0,LaneKeeping,0.0008,0.3119,11.1111,0.0,,
2.52,pid_40,lka_test,2.7899,27.8102,11.1111,curve_0,LaneKeeping,0.0,0.1983,11.1111,0.0,,
2.54,pid_40,lka_test,2.8367,28.0274,11.1111,curve_0,LaneKeeping,-0.0005,0.1258,11.1111,0.0,,
2.56,pid_40,lka_test,2.8837,28.2446,11.1111,curve_0,LaneKeeping,-0.0008,0.0795,11.1111,0.0,,
2.58,pid_40,lka_test,2.9307,28.4618,11.1111,curve_0,LaneKeeping,-0.001,0.05,11.1111,0.0,,
2.6,pid_40,lka_test,2.9779,28.6789,11.1111,curve_0,LaneKeeping,-0.0011,0.0312,11.1111,0.0,,
2.62,pid_40,lka_test,3.0251,28.8961,11.1111,curve_0,LaneKeeping,-0.0012,0.0192,11.1111,0.0,,
2.64,pid_40,lka_test,3.0723,29.1133,11.1111,curve_0,LaneKeeping,-0.0012,0.0115,11.1111,0.0,,
2.66,pid_40,lka_test,3.1195,29.3304,11.1111,curve_0,LaneKeeping,-0.0012,0.0066,11.1111,0.0,,
2.68,pid_40,lka_test,3.1667,29.5475,11.1111,curve_0,LaneKeeping,-0.0012,0.0035,11.1111,0.0,,
2.7,pid_40,lka_test,3.214,29.7647,11.1111,curve_0,LaneKeeping,-0.0012,0.0015,11.1111,0.0,,
2.72,pid_40,lka_test,3.2612,29.9818,11.1111,curve_0,LaneKeeping,0.0496,1.6373,11.1111,0.0,,
2.74,pid_40,lka_test,3.2962,30.2013,11.1111,curve_0,LaneKeeping,0.0308,4.8635,11.1111,0.0,,
2.76,pid_40,lka_test,3.3382,30.4195,11.1111,curve_0,LaneKeeping,0.0191,3.0175,11.1111,0.0,,
2.78,pid_40,lka_test,3.3845,30.6368,11.1111,curve_0,LaneKeeping,0.0117,1.9051,11.1111,0.0,,
2.8,pid_40,lka_test,3.4333,30.8536,11.1111,curve_0,LaneKeeping,0.007,1.21,11.1111,0.0,,
2.82,pid_40,lka_test,3.4839,31.07,11.1111,curve_0,LaneKeeping,0.004,0.7701,11.1111,0.0,,
2.84,pid_40,lka_test,3.5355,31.2862,11.1111,curve_0,LaneKeeping,0.0021,0.4904,11.1111,0.0,,
2.86,pid_40,lka_test,3.5877,31.5022,11.1111,curve_0,LaneKeeping,0.0009,0.3121,11.1111,0.0,,
2.88,pid_40,lka_test,3.6404,31.7181,11.1111,curve_0,LaneKeeping,0.0002,0.1985,11.1111,0.0,,
2.9,pid_40,lka_test,3.6934,31.9339,11.1111,curve_0,LaneKeeping,-0.0003,0.1259,11.1111,0.0,,
2.92,pid_40,lka_test,3.7465,32.1496,11.1111,curve_0,LaneKeeping,-0.0006,0.0797,11.1111,0.0,,
2.94,pid_40,lka_test,3.7998,32.3654,11.1111,curve_0,LaneKeeping,-0.0008,0.0502,11.1111,0.0,,
2.96,pid_40,lka_test,3.8531,32.5811,11.1111,curve_0,LaneKeeping,-0.001,0.0313,11.1111,0.0,,
2.98,pid_40,lka_test,3.9065,32.7968,11.1111,curve_0,LaneKeeping,-0.001,0.0193,11.1111,0.0,,
3.0,pid_40,lka_test,3.9599,33.0126,11.1111,curve_0,LaneKeeping,-0.0011,0.0117,11.1111,0.0,,
3.02,pid_40,lka_test,4.0133,33.2283,11.1111,curve_0,LaneKeeping,-0.0011,0.0068,11.1111,0.0,,
3.04,pid_40,lka_test,4.0667,33.444,11.1111,curve_0,LaneKeeping,-0.0011,0.0037,11.1111,0.0,,
3.06,pid_40,lka_test,4.1201,33.6597,11.1111,curve_0,LaneKeeping,-0.0011,0.0017,11.1111,0.0,,
3.08,pid_40,lka_test,4.1736,33.8754,11.1111,curve_0,LaneKeeping,0.0498,1.6375,11.1111,0.0,,
3.1,pid_40,lka_test,4.2148,34.0937,11.1111,curve_0,LaneKeeping,0.0309,4.8637,11.1111,0.0,,
3.12,pid_40,lka_test,4.263,34.3107,11.1111,curve_0,LaneKeeping,0.0192,3.0177,11.1111,0.0,,
3.14,pid_40,lka_test,4.3154,34.5266,11.1111,curve_0,LaneKeeping,0.0118,1.9053,11.1111,0.0,,
3.16,pid_40,lka_test,4.3705,34.7419,11.1111,curve_0,LaneKeeping,0.0072,1.2102,11.1111,0.0,,
3.18,pid_40,lka_test,4.4272,34.9568,11.1111,curve_0,LaneKeeping,0.0042,0.7703,11.1111,0.0,,
3.2,pid_40,lka_test,4.4849,35.1714,11.1111,curve_0,LaneKeeping,0.0023,0.4906,11.1111,0.0,,
3.22,pid_40,lka_test,4.5433,35.3858,11.1111,curve_0,LaneKeeping,0.0011,0.3123,11.1111,0.0,,
3.24,pid_40,lka_test,4.6022,35.6001,11.1111,curve_0,LaneKeeping,0.0003,0.1986,11.1111,0.0,,
3.26,pid_40,lka_test,4.6613,35.8143,11.1111,curve_0,LaneKeeping,-0.0002,0.1261,11.1111,0.0,,
3.28,pid_40,lka_test,4.7206,36.0285,11.1111,curve_0,LaneKeeping,-0.0005,0.0799,11.1111,0.0,,
3.3,pid_40,lka_test,4.7799,36.2426,11.1111,curve_0,LaneKeeping,-0.0007,0.0504,11.1111,0.0,,
3.32,pid_40,lka_test,4.8394,36.4567,11.1111,curve_0,LaneKeeping,-0.0008,0.0315,11.1111,0.0,,
3.34,pid_40,lka_test,4.8989,36.6708,11.1111,curve_0,LaneKeeping,-0.0009,0.0195,11.1111,0.0,,
3.36,pid_40,lka_test,4.9584,36.8849,11.1111,curve_0,LaneKeeping,-0.001,0.0119,11.1111,0.0,,
3.38,pid_40,lka_test,5.018,37.099,11.1111,curve_0,LaneKeeping,-0.001,0.007,11.1111,0.0,,
3.4,pid_40,lka_test,5.0776,37.3131,11.1111,curve_0,LaneKeeping,-0.001,0.0039,11.1111,0.0,,
3.42,pid_40,lka_test,5.1371,37.5272,11.1111,curve_0,LaneKeeping,-0.001,0.0019,11.1111,0.0,,
3.44,pid_40,lka_test,5.1967,37.7413,11.1111,curve_0,LaneKeeping,0.0499,1.6377,11.1111,0.0,,
3.46,pid_40,lka_test,5.2441,37.9584,11.1111,curve_0,LaneKeeping,0.0311,4.8638,11.1111,0.0,,
3.48,pid_40,lka_test,5.2986,38.1738,11.1111,curve_0,LaneKeeping,0.0194,3.0179,11.1111,0.0,,
3.5,pid_40,lka_test,5.3571,38.3882,11.1111,curve_0,LaneKeeping,0.012,1.9055,11.1111,0.0,,
3.52,pid_40,lka_test,5.4183,38.6018,11.1111,curve_0,LaneKeeping,0.0073,1.2104,11.1111,0.0,,
3.54,pid_40,lka_test,5.4811,38.815,11.1111,curve_0,LaneKeeping,0.0043,0.7705,11.1111,0.0,,
3.56,pid_40,lka_test,5.545,39.0279,11.1111,curve_0,LaneKeeping,0.0024,0.4908,11.1111,0.0,,
3.58,pid_40,lka_test,5.6095,39.2405,11.1111,curve_0,LaneKeeping,0.0012,0.3125,11.1111,0.0,,
3.6,pid_40,lka_test,5.6744,39.453,11.1111,curve_0,LaneKeeping,0.0004,0.1988,11.1111,0.0,,
3.62,pid_40,lka_test,5.7396,39.6655,11.1111,curve_0,LaneKeeping,-0.0001,0.1263,11.1111,0.0,,
3.64,pid_40,lka_test,5.805,39.8779,11.1111,curve_0,LaneKeeping,-0.0004,0.0801,11.1111,0.0,,
3.66,pid_40,lka_test,5.8705,40.0902,11.1111,curve_0,LaneKeeping,-0.0006,0.0506,11.1111,0.0,,
3.68,pid_40,lka_test,5.936,40.3025,11.1111,curve_0,LaneKeeping,-0.0007,0.0317,11.1111,0.0,,
3.7,pid_40,lka_test,6.0016,40.5149,11.1111,curve_0,LaneKeeping,-0.0008,0.0197,11.1111,0.0,,
3.72,pid_40,lka_test,6.0672,40.7272,11.1111,curve_0,LaneKeeping,-0.0008,0.0121,11.1111,0.0,,
3.74,pid_40,lka_test,6.1329,40.9395,11.1111,curve_0,LaneKeeping,-0.0009,0.0072,11.1111,0.0,,
3.76,pid_40,lka_test,6.1985,41.1518,11.1111,curve_0,LaneKeeping,-0.0009,0.0041,11.1111,0.0,,
3.78,pid_40,lka_test,6.2642,41.3641,11.1111,curve_0,LaneKeeping,-0.0009,0.0021,11.1111,0.0,,
3.8,pid_40,lka_test,6.3299,41.5764,11.1111,curve_0,LaneKeeping,0.05,1.6378,11.1111,0.0,,
3.82,pid_40,lka_test,6.3835,41.792,11.1111,curve_0,LaneKeeping,0.0312,4.864,11.1111,0.0,,
3.84,pid_40,lka_test,6.444,42.0059,11.1111,curve_0,LaneKeeping,0.0195,3.0181,11.1111,0.0,,
3.86,pid_40,lka_test,6.5087,42.2185,11.1111,curve_0,LaneKeeping,0.0121,1.9057,11.1111,0.0,,
3.88,pid_40,lka_test,6.576,42.4303,11.1111,curve_0,LaneKeeping,0.0074,1.2106,11.1111,0.0,,
3.9,pid_40,lka_test,6.6448,42.6415,11.1111,curve_0,LaneKeeping,0.0044,0.7707,11.1111,0.0,,
3.92,pid_40,lka_test,6.7147,42.8525,11.1111,curve_0,LaneKeeping,0.0025,0.491,11.1111,0.0,,
3.94,pid_40,lka_test,6.7853,43.0632,11.1111,curve_0,LaneKeeping,0.0013,0.3127,11.1111,0.0,,
3.96,pid_40,lka_test,6.8563,43.2738,11.1111,curve_0,LaneKeeping,0.0005,0.199,11.1111,0.0,,
3.98,pid_40,lka_test,6.9275,43.4843,11.1111,curve_0,LaneKeeping,0.0,0.1265,11.1111,0.0,,
4.0,pid_40,lka_test,6.9989,43.6947,11.1111,curve_0,LaneKeeping,-0.0003,0.0803,11.1111,0.0,,
4.02,pid_40,lka_test,7.0705,43.9051,11.1111,curve_0,LaneKeeping,-0.0005,0.0508,11.1111,0.0,,
4.04,pid_40,lka_test,7.142,44.1155,11.1111,curve_0,LaneKeeping,-0.0006,0.0319,11.1111,0.0,,
4.06,pid_40,lka_test,7.2137,44.3258,11.1111,curve_0,LaneKeeping,-0.0007,0.0199,11.1111,0.0,,
4.08,pid_40,lka_test,7.2853,44.5362,11.1111,curve_0,LaneKeeping,-0.0007,0.0122,11.1111,0.0,,
4.1,pid_40,lka_test,7.357,44.7465,11.1111,curve_0,LaneKeeping,-0.0007,0.0074,11.1111,0.0,,
4.12,pid_40,lka_test,7.4287,44.9569,11.1111,curve_0,LaneKeeping,-0.0008,0.0042,11.1111,0.0,,
4.14,pid_40,lka_test,7.5004,45.1672,11.1111,curve_0,LaneKeeping,-0.0008,0.0023,11.1111,0.0,,
4.16,pid_40,lka_test,7.5721,45.3775,11.1111,curve_0,LaneKeeping,0.0502,1.638,11.1111,0.0,,
4.18,pid_40,lka_test,7.6319,45.5916,11.1111,curve_0,LaneKeeping,0.0313,4.8642,11.1111,0.0,,
4.2,pid_40,lka_test,7.6985,45.8036,11.1111,curve_0,LaneKeeping,0.0196,3.0183,11.1111,0.0,,
4.22,pid_40,lka_test,7.7692,46.0143,11.1111,curve_0,LaneKeeping,0.0122,1.9059,11.1111,0.0,,
4.24,pid_40,lka_test,7.8425,46.2241,11.1111,curve_0,LaneKeeping,0.0075,1.2108,11.1111,0.0,,
4.26,pid_40,lka_test,7.9174,46.4333,11.1111,curve_0,LaneKeeping,0.0045,0.7709,11.1111,0.0,,
4.28,pid_40,lka_test,7.9933,46.6421,11.1111,curve_0,LaneKeeping,0.0026,0.4912,11.1111,0.0,,
4.3,pid_40,lka_test,8.0698,46.8508,11.1111,curve_0,LaneKeeping,0.0014,0.3129,11.1111,0.0,,
4.32,pid_40,lka_test,8.1468,47.0592,11.1111,curve_0,LaneKeeping,0.0007,0.1992,11.1111,0.0,,
4.34,pid_40,lka_test,8.224,47.2676,11.1111,curve_0,LaneKeeping,0.0002,0.1267,11.1111,0.0,,
4.36,pid_40,lka_test,8.3014,47.4759,11.1111,curve_0,LaneKeeping,-0.0001,0.0805,11.1111,0.0,,
4.38,pid_40,lka_test,8.3789,47.6842,11.1111,curve_0,LaneKeeping,-0.0003,0.0509,11.1111,0.0,,
4.4,pid_40,lka_test,8.4565,47.8924,11.1111,curve_0,LaneKeeping,-0.0005,0.0321,11.1111,0.0,,
4.42,pid_40,lka_test,8.5341,48.1006,11.1111,curve_0,LaneKeeping,-0.0005,0.0201,11.1111,0.0,,
4.44,pid_40,lka_test,8.6117,48.3089,11.1111,curve_0,LaneKeeping,-0.0006,0.0124,11.1111,0.0,,
4.46,pid_40,lka_test,8.6894,48.5171,11.1111,curve_0,LaneKeeping,-0.0006,0.0076,11.1111,0.0,,
4.48,pid_40,lka_test,8.7671,48.7253,11.1111,curve_0,LaneKeeping,-0.0006,0.0044,11.1111,0.0,,
4.5,pid_40,lka_test,8.8448,48.9335,11.1111,curve_0,LaneKeeping,-0.0007,0.0025,11.1111,0.0,,
4.52,pid_40,lka_test,8.9224,49.1417,11.1111,curve_0,LaneKeeping,0.0503,1.6382,11.1111,0.0,,
4.54,pid_40,lka_test,8.9883,49.3539,11.1111,curve_0,LaneKeeping,0.0315,4.8644,11.1111,0.0,,
4.56,pid_40,lka_test,9.0609,49.5639,11.1111,curve_0,LaneKeeping,0.0198,3.0185,11.1111,0.0,,
4.58,pid_40,lka_test,9.1376,49.7725,11.1111,curve_0,LaneKeeping,0.0124,1.906,11.1111,0.0,,
4.6,pid_40,lka_test,9.2169,49.9801,11.1111,curve_0,LaneKeeping,0.0077,1.211,11.1111,0.0,,
4.62,pid_40,lka_test,9.2977,50.1871,11.1111,curve_0,LaneKeeping,0.0047,0.7711,11.1111,0.0,,
4.64,pid_40,lka_test,9.3795,50.3937,11.1111,curve_0,LaneKeeping,0.0028,0.4914,11.1111,0.0,,
4.66,pid_40,lka_test,9.462,50.6001,11.1111,curve_0,LaneKeeping,0.0016,0.3131,11.1111,0.0,,
4.68,pid_40,lka_test,9.5449,50.8063,11.1111,curve_0,LaneKeeping,0.0008,0.1994,11.1111,0.0,,
4.7,pid_40,lka_test,9.6281,51.0123,11.1111,curve_0,LaneKeeping,0.0003,0.1269,11.1111,0.0,,
4.72,pid_40,lka_test,9.7114,51.2184,11.1111,curve_0,LaneKeeping,-0.0,0.0807,11.1111,0.0,,
4.74,pid_40,lka_test,9.7948,51.4243,11.1111,curve_0,LaneKeeping,-0.0002,0.0511,11.1111,0.0,,
4.76,pid_40,lka_test,9.8783,51.6303,11.1111,curve_0,LaneKeeping,-0.0003,0.0323,11.1111,0.0,,
4.78,pid_40,lka_test,9.9618,51.8362,11.1111,curve_0,LaneKeeping,-0.0004,0.0203,11.1111,0.0,,
4.8,pid_40,lka_test,10.0454,52.0421,11.1111,curve_0,LaneKeeping,-0.0005,0.0126,11.1111,0.0,,
4.82,pid_40,lka_test,10.1289,52.248,11.1111,curve_0,LaneKeeping,-0.0005,0.0077,11.1111,0.0,,
4.84,pid_40,lka_test,10.2125,52.4539,11.1111,curve_0,LaneKeeping,-0.0005,0.0046,11.1111,0.0,,
4.86,pid_40,lka_test,10.2961,52.6598,11.1111,curve_0,LaneKeeping,-0.0005,0.0026,11.1111,0.0,,
4.88,pid_40,lka_test,10.3797,52.8657,11.1111,curve_0,LaneKeeping,0.0504,1.6384,11.1111,0.0,,
4.9,pid_40,lka_test,10.4516,53.076,11.1111,curve_0,LaneKeeping,0.0316,4.8646,11.1111,0.0,,
4.92,pid_40,lka_test,10.5302,53.2838,11.1111,curve_0,LaneKeeping,0.0199,3.0187,11.1111,0.0,,
4.94,pid_40,lka_test,10.6129,53.4901,11.1111,curve_0,LaneKeeping,0.0125,1.9062,11.1111,0.0,,
4.96,pid_40,lka_test,10.698,53.6954,11.1111,curve_0,LaneKeeping,0.0078,1.2112,11.1111,0.0,,
4.98,pid_40,lka_test,10.7847,53.9,11.1111,curve_0,LaneKeeping,0.0048,0.7713,11.1111,0.0,,
5.0,pid_40,lka_test,10.8724,54.1042,11.1111,curve_0,LaneKeeping,0.0029,0.4916,11.1111,0.0,,
5.02,pid_40,lka_test,10.9607,54.3081,11.1111,curve_0,LaneKeeping,0.0017,0.3133,11.1111,0.0,,
5.04,pid_40,lka_test,11.0495,54.5118,11.1111,curve_0,LaneKeeping,0.0009,0.1996,11.1111,0.0,,
5.06,pid_40,lka_test,11.1385,54.7154,11.1111,curve_0,LaneKeeping,0.0004,0.1271,11.1111,0.0,,
5.08,pid_40,lka_test,11.2277,54.919,11.1111,curve_0,LaneKeeping,0.0001,0.0808,11.1111,0.0,,
5.1,pid_40,lka_test,11.3169,55.1225,11.1111,curve_0,LaneKeeping,-0.0001,0.0513,11.1111,0.0,,
5.12,pid_40,lka_test,11.4063,55.326,11.1111,curve_0,LaneKeeping,-0.0002,0.0325,11.1111,0.0,,
5.14,pid_40,lka_test,11.4956,55.5294,11.1111,curve_0,LaneKeeping,-0.0003,0.0205,11.1111,0.0,,
5.16,pid_40,lka_test,11.585,55.7329,11.1111,curve_0,LaneKeeping,-0.0004,0.0128,11.1111,0.0,,
5.18,pid_40,lka_test,11.6745,55.9363,11.1111,curve_0,LaneKeeping,-0.0004,0.0079,11.1111,0.0,,
5.2,pid_40,lka_test,11.7639,56.1397,11.1111,curve_0,LaneKeeping,-0.0004,0.0048,11.1111,0.0,,
5.22,pid_40,lka_test,11.8534,56.3432,11.1111,curve_0,LaneKeeping,-0.0004,0.0028,11.1111,0.0,,
5.24,pid_40,lka_test,11.9428,56.5466,11.1111,curve_0,LaneKeeping,0.0506,1.6386,11.1111,0.0,,
5.26,pid_40,lka_test,12.0207,56.7547,11.1111,curve_0,LaneKeeping,0.0317,4.8648,11.1111,0.0,,
5.28,pid_40,lka_test,12.1052,56.9602,11.1111,curve_0,LaneKeeping,0.02,3.0189,11.1111,0.0,,
5.3,pid_40,lka_test,12.1937,57.1641,11.1111,curve_0,LaneKeeping,0.0126,1.9064,11.1111,0.0,,
5.32,pid_40,lka_test,12.2846,57.3668,11.1111,curve_0,LaneKeeping,0.0079,1.2114,11.1111,0.0,,
5.34,pid_40,lka_test,12.3771,57.5689,11.1111,curve_0,LaneKeeping,0.0049,0.7715,11.1111,0.0,,
5.36,pid_40,lka_test,12.4706,57.7705,11.1111,curve_0,LaneKeeping,0.003,0.4918,11.1111,0.0,,
5.38,pid_40,lka_test,12.5648,57.9718,11.1111,curve_0,LaneKeeping,0.0018,0.3135,11.1111,0.0,,
5.4,pid_40,lka_test,12.6593,58.1729,11.1111,curve_0,LaneKeeping,0.001,0.1998,11.1111,0.0,,
5.42,pid_40,lka_test,12.7541,58.3739,11.1111,curve_0,LaneKeeping,0.0005,0.1273,11.1111,0.0,,
5.44,pid_40,lka_test,12.849,58.5748,11.1111,curve_0,LaneKeeping,0.0002,0.081,11.1111,0.0,,
5.46,pid_40,lka_test,12.9441,58.7757,11.1111,curve_0,LaneKeeping,0.0,0.0515,11.1111,0.0,,
5.48,pid_40,lka_test,13.0392,58.9765,11.1111,curve_0,LaneKeeping,-0.0001,0.0327,11.1111,0.0,,
5.5,pid_40,lka_test,13.1343,59.1773,11.1111,curve_0,LaneKeeping,-0.0002,0.0207,11.1111,0.0,,
5.52,pid_40,lka_test,13.2295,59.3782,11.1111,curve_0,LaneKeeping,-0.0002,0.013,11.1111,0.0,,
5.54,pid_40,lka_test,13.3247,59.579,11.1111,curve_0,LaneKeeping,-0.0003,0.0081,11.1111,0.0,,
5.56,pid_40,lka_test,13.4199,59.7797,11.1111,curve_0,LaneKeeping,-0.0003,0.005,11.1111,0.0,,
5.58,pid_40,lka_test,13.5151,59.9805,11.1111,curve_0,LaneKeeping,-0.0003,0.003,11.1111,0.0,,
5.6,pid_40,lka_test,13.6104,60.1813,11.1111,curve_0,LaneKeeping,0.0507,1.6388,11.1111,0.0,,
5.62,pid_40,lka_test,13.6941,60.3872,11.1111,curve_0,LaneKeeping,0.0318,4.8649,11.1111,0.0,,
5.64,pid_40,lka_test,13.7845,60.5902,11.1111,curve_0,LaneKeeping,0.0201,3.0191,11.1111,0.0,,
5.66,pid_40,lka_test,13.8788,60.7914,11.1111,curve_0,LaneKeeping,0.0127,1.9066,11.1111,0.0,,
5.68,pid_40,lka_test,13.9755,60.9915,11.1111,curve_0,LaneKeeping,0.0081,1.2116,11.1111,0.0,,
5.7,pid_40,lka_test,14.0737,61.1908,11.1111,curve_0,LaneKeeping,0.0051,0.7717,11.1111,0.0,,
5.72,pid_40,lka_test,14.173,61.3896,11.1111,curve_0,LaneKeeping,0.0031,0.492,11.1111,0.0,,
5.74,pid_40,lka_test,14.2728,61.5882,11.1111,curve_0,LaneKeeping,0.0019,0.3137,11.1111,0.0,,
5.76,pid_40,lka_test,14.373,61.7865,11.1111,curve_0,LaneKeeping,0.0012,0.2,11.1111,0.0,,
5.78,pid_40,lka_test,14.4735,61.9847,11.1111,curve_0,LaneKeeping,0.0007,0.1275,11.1111,0.0,,
5.8,pid_40,lka_test,14.5742,62.1828,11.1111,curve_0,LaneKeeping,0.0003,0.0812,11.1111,0.0,,
5.82,pid_40,lka_test,14.6749,62.3809,11.1111,curve_0,LaneKeeping,0.0001,0.0517,11.1111,0.0,,
5.84,pid_40,lka_test,14.7757,62.579,11.1111,curve_0,LaneKeeping,0.0,0.0329,11.1111,0.0,,
5.86,pid_40,lka_test,14.8766,62.777,11.1111,curve_0,LaneKeeping,-0.0001,0.0209,11.1111,0.0,,
5.88,pid_40,lka_test,14.9774,62.975,11.1111,curve_0,LaneKeeping,-0.0001,0.0132,11.1111,0.0,,
5.9,pid_40,lka_test,15.0783,63.173,11.1111,curve_0,LaneKeeping,-0.0001,0.0083,11.1111,0.0,,
5.92,pid_40,lka_test,15.1792,63.371,11.1111,curve_0,LaneKeeping,-0.0002,0.0052,11.1111,0.0,,
5.94,pid_40,lka_test,15.2802,63.569,11.1111,curve_0,LaneKeeping,-0.0002,0.0032,11.1111,0.0,,
5.96,pid_40,lka_test,15.3811,63.7669,11.1111,curve_0,LaneKeeping,0.0508,1.6389,11.1111,0.0,,
5.98,pid_40,lka_test,15.4707,63.9703,11.1111,curve_0,LaneKeeping,0.032,4.8651,11.1111,0.0,,
6.0,pid_40,lka_test,15.5668,64.1706,11.1111,curve_0,LaneKeeping,0.0203,3.0193,11.1111,0.0,,
6.02,pid_40,lka_test,15.6668,64.3691,11.1111,curve_0,LaneKeeping,0.0129,1.9068,11.1111,0.0,,
6.04,pid_40,lka_test,15.7692,64.5663,11.1111,curve_0,LaneKeeping,0.0082,1.2118,11.1111,0.0,,
6.06,pid_40,lka_test,15.8731,64.7628,11.1111,curve_0,LaneKeeping,0.0052,0.7719,11.1111,0.0,,
6.08,pid_40,lka_test,15.978,64.9587,11.1111,curve_0,LaneKeeping,0.0033,0.4922,11.1111,0.0,,
6.1,pid_40,lka_test,16.0834,65.1543,11.1111,curve_0,LaneKeeping,0.0021,0.3139,11.1111,0.0,,
6.12,pid_40,lka_test,16.1893,65.3497,11.1111,curve_0,LaneKeeping,0.0013,0.2002,11.1111,0.0,,
6.14,pid_40,lka_test,16.2954,65.5449,11.1111,curve_0,LaneKeeping,0.0008,0.1277,11.1111,0.0,,
6.16,pid_40,lka_test,16.4016,65.7401,11.1111,curve_0,LaneKeeping,0.0005,0.0814,11.1111,0.0,,
6.18,pid_40,lka_test,16.508,65.9352,11.1111,curve_0,LaneKeeping,0.0003,0.0519,11.1111,0.0,,
6.2,pid_40,lka_test,16.6144,66.1303,11.1111,curve_0,LaneKeeping,0.0001,0.0331,11.1111,0.0,,
6.22,pid_40,lka_test,16.7209,66.3254,11.1111,curve_0,LaneKeeping,0.0001,0.0211,11.1111,0.0,,
6.24,pid_40,lka_test,16.8274,66.5204,11.1111,curve_0,LaneKeeping,0.0,0.0134,11.1111,0.0,,
6.26,pid_40,lka_test,16.9339,66.7154,11.1111,curve_0,LaneKeeping,-0.0,0.0085,11.1111,0.0,,
6.28,pid_40,lka_test,17.0404,66.9105,11.1111,curve_0,LaneKeeping,-0.0,0.0054,11.1111,0.0,,
6.3,pid_40,lka_test,17.147,67.1055,11.1111,curve_0,LaneKeeping,-0.0001,0.0034,11.1111,0.0,,
6.32,pid_40,lka_test,17.2535,67.3005,11.1111,curve_0,LaneKeeping,0.051,1.6391,11.1111,0.0,,
6.34,pid_40,lka_test,17.3489,67.5012,11.1111,curve_0,LaneKeeping,0.0321,4.8653,11.1111,0.0,,
6.36,pid_40,lka_test,17.4507,67.6988,11.1111,curve_0,LaneKeeping,0.0204,3.0194,11.1111,0.0,,
6.38,pid_40,lka_test,17.5563,67.8943,11.1111,curve_0,LaneKeeping,0.013,1.907,11.1111,0.0,,
6.4,pid_40,lka_test,17.6643,68.0885,11.1111,curve_0,LaneKeeping,0.0083,1.212,11.1111,0.0,,
6.42,pid_40,lka_test,17.7738,68.2819,11.1111,curve_0,LaneKeeping,0.0053,0.7721,11.1111,0.0,,
6.44,pid_40,lka_test,17.8842,68.4747,11.1111,curve_0,LaneKeeping,0.0034,0.4923,11.1111,0.0,,
6.46,pid_40,lka_test,17.9952,68.6672,11.1111,curve_0,LaneKeeping,0.0022,0.3141,11.1111,0.0,,
6.48,pid_40,lka_test,18.1066,68.8595,11.1111,curve_0,LaneKeeping,0.0014,0.2004,11.1111,0.0,,
6.5,pid_40,lka_test,18.2182,69.0517,11.1111,curve_0,LaneKeeping,0.0009,0.1279,11.1111,0.0,,
6.52,pid_40,lka_test,18.33,69.2437,11.1111,curve_0,LaneKeeping,0.0006,0.0816,11.1111,0.0,,
6.54,pid_40,lka_test,18.4419,69.4357,11.1111,curve_0,LaneKeeping,0.0004,0.0521,11.1111,0.0,,
6.56,pid_40,lka_test,18.5539,69.6277,11.1111,curve_0,LaneKeeping,0.0003,0.0333,11.1111,0.0,,
6.58,pid_40,lka_test,18.6658,69.8196,11.1111,curve_0,LaneKeeping,0.0002,0.0212,11.1111,0.0,,
6.6,pid_40,lka_test,18.7779,70.0115,11.1111,curve_0,LaneKeeping,0.0001,0.0136,11.1111,0.0,,
6.62,pid_40,lka_test,18.8899,70.2035,11.1111,curve_0,LaneKeeping,0.0001,0.0087,11.1111,0.0,,
6.64,pid_40,lka_test,19.002,70.3954,11.1111,curve_0,LaneKeeping,0.0001,0.0056,11.1111,0.0,,
6.66,pid_40,lka_test,19.114,70.5873,11.1111,curve_0,LaneKeeping,0.0001,0.0036,11.1111,0.0,,
6.68,pid_40,lka_test,19.2261,70.7792,11.1111,curve_0,LaneKeeping,0.0511,1.6393,11.1111,0.0,,
6.7,pid_40,lka_test,19.3272,70.9771,11.1111,curve_0,LaneKeeping,0.0322,4.8655,11.1111,0.0,,
6.72,pid_40,lka_test,19.4346,71.1716,11.1111,curve_0,LaneKeeping,0.0205,3.0196,11.1111,0.0,,
6.74,pid_40,lka_test,19.5457,71.364,11.1111,curve_0,LaneKeeping,0.0131,1.9072,11.1111,0.0,,
6.76,pid_40,lka_test,19.6592,71.5551,11.1111,curve_0,LaneKeeping,0.0084,1.2122,11.1111,0.0,,
6.78,pid_40,lka_test,19.7742,71.7453,11.1111,curve_0,LaneKeeping,0.0054,0.7723,11.1111,0.0,,
6.8,pid_40,lka_test,19.89,71.9349,11.1111,curve_0,LaneKeeping,0.0035,0.4925,11.1111,0.0,,
6.82,pid_40,lka_test,20.0065,72.1241,11.1111,curve_0,LaneKeeping,0.0023,0.3143,11.1111,0.0,,
6.84,pid_40,lka_test,20.1233,72.3132,11.1111,curve_0,LaneKeeping,0.0015,0.2006,11.1111,0.0,,
6.86,pid_40,lka_test,20.2404,72.502,11.1111,curve_0,LaneKeeping,0.001,0.1281,11.1111,0.0,,
6.88,pid_40,lka_test,20.3577,72.6908,11.1111,curve_0,LaneKeeping,0.0007,0.0818,11.1111,0.0,,
6.9,pid_40,lka_test,20.475,72.8796,11.1111,curve_0,LaneKeeping,0.0005,0.0523,11.1111,0.0,,
6.92,pid_40,lka_test,20.5924,73.0682,11.1111,curve_0,LaneKeeping,0.0004,0.0335,11.1111,0.0,,
6.94,pid_40,lka_test,20.7098,73.2569,11.1111,curve_0,LaneKeeping,0.0003,0.0214,11.1111,0.0,,
6.96,pid_40,lka_test,20.8273,73.4455,11.1111,curve_0,LaneKeeping,0.0002,0.0138,11.1111,0.0,,
6.98,pid_40,lka_test,20.9447,73.6342,11.1111,curve_0,LaneKeeping,0.0002,0.0089,11.1111,0.0,,
7.0,pid_40,lka_test,21.0622,73.8228,11.1111,curve_0,LaneKeeping,0.0002,0.0057,11.1111,0.0,,
7.02,pid_40,lka_test,21.1797,74.0114,11.1111,curve_0,LaneKeeping,0.0002,0.0037,11.1111,0.0,,
7.04,pid_40,lka_test,21.2972,74.2,11.1111,curve_0,LaneKeeping,0.0512,1.6395,11.1111,0.0,,
7.06,pid_40,lka_test,21.4039,74.395,11.1111,curve_0,LaneKeeping,0.0324,4.8657,11.1111,0.0,,
7.08,pid_40,lka_test,21.5168,74.5864,11.1111,curve_0,LaneKeeping,0.0207,3.0198,11.1111,0.0,,
7.1,pid_40,lka_test,21.6334,74.7755,11.1111,curve_0,LaneKeeping,0.0133,1.9074,11.1111,0.0,,
7.12,pid_40,lka_test,21.7523,74.9633,11.1111,curve_0,LaneKeeping,0.0086,1.2123,11.1111,0.0,,
7.14,pid_40,lka_test,21.8727,75.1501,11.1111,curve_0,LaneKeeping,0.0056,0.7725,11.1111,0.0,,
7.16,pid_40,lka_test,21.9939,75.3363,11.1111,curve_0,LaneKeeping,0.0037,0.4927,11.1111,0.0,,
7.18,pid_40,lka_test,22.1157,75.5222,11.1111,curve_0,LaneKeeping,0.0024,0.3145,11.1111,0.0,,
7.2,pid_40,lka_test,22.2379,75.7078,11.1111,curve_0,LaneKeeping,0.0017,0.2008,11.1111,0.0,,
7.22,pid_40,lka_test,22.3604,75.8933,11.1111,curve_0,LaneKeeping,0.0012,0.1283,11.1111,0.0,,
7.24,pid_40,lka_test,22.4829,76.0786,11.1111,curve_0,LaneKeeping,0.0008,0.082,11.1111,0.0,,
7.26,pid_40,lka_test,22.6056,76.2639,11.1111,curve_0,LaneKeeping,0.0006,0.0525,11.1111,0.0,,
7.28,pid_40,lka_test,22.7283,76.4492,11.1111,curve_0,LaneKeeping,0.0005,0.0336,11.1111,0.0,,
7.3,pid_40,lka_test,22.8511,76.6344,11.1111,curve_0,LaneKeeping,0.0004,0.0216,11.1111,0.0,,
7.32,pid_40,lka_test,22.9739,76.8196,11.1111,curve_0,LaneKeeping,0.0004,0.0139,11.1111,0.0,,
7.34,pid_40,lka_test,23.0967,77.0048,11.1111,curve_0,LaneKeeping,0.0003,0.0091,11.1111,0.0,,
7.36,pid_40,lka_test,23.2196,77.19,11.1111,curve_0,LaneKeeping,0.0003,0.0059,11.1111,0.0,,
7.38,pid_40,lka_test,23.3424,77.3752,11.1111,curve_0,LaneKeeping,0.0003,0.0039,11.1111,0.0,,
7.4,pid_40,lka_test,23.4652,77.5604,11.1111,curve_0,LaneKeeping,0.0513,1.6397,11.1111,0.0,,
7.42,pid_40,lka_test,23.5774,77.7522,11.1111,curve_0,LaneKeeping,0.0325,4.8659,11.1111,0.0,,
7.44,pid_40,lka_test,23.6958,77.9403,11.1111,curve_0,LaneKeeping,0.0208,3.02,11.1111,0.0,,
7.46,pid_40,lka_test,23.8177,78.126,11.1111,curve_0,LaneKeeping,0.0134,1.9076,11.1111,0.0,,
7.48,pid_40,lka_test,23.942,78.3103,11.1111,curve_0,LaneKeeping,0.0087,1.2125,11.1111,0.0,,
7.5,pid_40,lka_test,24.0676,78.4936,11.1111,curve_0,LaneKeeping,0.0057,0.7727,11.1111,0.0,,
7.52,pid_40,lka_test,24.1941,78.6763,11.1111,curve_0,LaneKeeping,0.0038,0.4929,11.1111,0.0,,
7.54,pid_40,lka_test,24.3212,78.8586,11.1111,curve_0,LaneKeeping,0.0026,0.3147,11.1111,0.0,,
7.56,pid_40,lka_test,24.4486,79.0406,11.1111,curve_0,LaneKeeping,0.0018,0.201,11.1111,0.0,,
7.58,pid_40,lka_test,24.5763,79.2225,11.1111,curve_0,LaneKeeping,0.0013,0.1285,11.1111,0.0,,
7.6,pid_40,lka_test,24.7041,79.4043,11.1111,curve_0,LaneKeeping,0.001,0.0822,11.1111,0.0,,
7.62,pid_40,lka_test,24.832,79.586,11.1111,curve_0,LaneKeeping,0.0008,0.0527,11.1111,0.0,,
7.64,pid_40,lka_test,24.96,79.7677,11.1111,curve_0,LaneKeeping,0.0006,0.0338,11.1111,0.0,,
7.66,pid_40,lka_test,25.088,79.9493,11.1111,curve_0,LaneKeeping,0.0005,0.0218,11.1111,0.0,,
7.68,pid_40,lka_test,25.2161,80.131,11.1111,curve_0,LaneKeeping,0.0005,0.0141,11.1111,0.0,,
7.7,pid_40,lka_test,25.3441,80.3126,11.1111,curve_0,LaneKeeping,0.0004,0.0092,11.1111,0.0,,
7.72,pid_40,lka_test,25.4722,80.4942,11.1111,curve_0,LaneKeeping,0.0004,0.0061,11.1111,0.0,,
7.74,pid_40,lka_test,25.6003,80.6758,11.1111,curve_0,LaneKeeping,0.0004,0.0041,11.1111,0.0,,
7.76,pid_40,lka_test,25.7283,80.8574,11.1111,curve_0,LaneKeeping,0.0515,1.6399,11.1111,0.0,,
7.78,pid_40,lka_test,25.846,81.0459,11.1111,curve_0,LaneKeeping,0.0326,4.866,11.1111,0.0,,
7.8,pid_40,lka_test,25.9696,81.2306,11.1111,curve_0,LaneKeeping,0.0209,3.0202,11.1111,0.0,,
7.82,pid_40,lka_test,26.0969,81.4128,11.1111,curve_0,LaneKeeping,0.0135,1.9078,11.1111,0.0,,
7.84,pid_40,lka_test,26.2263,81.5934,11.1111,curve_0,LaneKeeping,0.0088,1.2127,11.1111,0.0,,
7.86,pid_40,lka_test,26.3571,81.773,11.1111,curve_0,LaneKeeping,0.0058,0.7729,11.1111,0.0,,
7.88,pid_40,lka_test,26.4888,81.9521,11.1111,curve_0,LaneKeeping,0.0039,0.4931,11.1111,0.0,,
7.9,pid_40,lka_test,26.621,82.1306,11.1111,curve_0,LaneKeeping,0.0027,0.3149,11.1111,0.0,,
7.92,pid_40,lka_test,26.7536,82.309,11.1111,curve_0,LaneKeeping,0.0019,0.2012,11.1111,0.0,,
7.94,pid_40,lka_test,26.8864,82.4871,11.1111,curve_0,LaneKeeping,0.0014,0.1287,11.1111,0.0,,
7.96,pid_40,lka_test,27.0194,82.6652,11.1111,curve_0,LaneKeeping,0.0011,0.0824,11.1111,0.0,,
7.98,pid_40,lka_test,27.1525,82.8432,11.1111,curve_0,LaneKeeping,0.0009,0.0529,11.1111,0.0,,
8.0,pid_40,lka_test,27.2856,83.0211,11.1111,curve_0,LaneKeeping,0.0007,0.034,11.1111,0.0,,
8.02,pid_40,lka_test,27.4187,83.199,11.1111,curve_0,LaneKeeping,0.0007,0.022,11.1111,0.0,,
8.04,pid_40,lka_test,27.5519,83.3769,11.1111,curve_0,LaneKeeping,0.0006,0.0143,11.1111,0.0,,
8.06,pid_40,lka_test,27.6851,83.5548,11.1111,curve_0,LaneKeeping,0.0006,0.0094,11.1111,0.0,,
8.08,pid_40,lka_test,27.8183,83.7327,11.1111,curve_0,LaneKeeping,0.0005,0.0063,11.1111,0.0,,
8.1,pid_40,lka_test,27.9515,83.9106,11.1111,curve_0,LaneKeeping,0.0005,0.0043,11.1111,0.0,,
8.12,pid_40,lka_test,28.0847,84.0884,11.1111,curve_0,LaneKeeping,0.0516,1.64,11.1111,0.0,,
8.14,pid_40,lka_test,28.2077,84.2735,11.1111,curve_0,LaneKeeping,0.0327,4.8662,11.1111,0.0,,
8.16,pid_40,lka_test,28.3366,84.4546,11.1111,curve_0,LaneKeeping,0.021,3.0204,11.1111,0.0,,
8.18,pid_40,lka_test,28.4689,84.633,11.1111,curve_0,LaneKeeping,0.0136,1.908,11.1111,0.0,,
8.2,pid_40,lka_test,28.6035,84.8099,11.1111,curve_0,LaneKeeping,0.0089,1.2129,11.1111,0.0,,
8.22,pid_40,lka_test,28.7394,84.9858,11.1111,curve_0,LaneKeeping,0.0059,0.7731,11.1111,0.0,,
8.24,pid_40,lka_test,28.8761,85.1609,11.1111,curve_0,LaneKeeping,0.004,0.4933,11.1111,0.0,,
8.26,pid_40,lka_test,29.0134,85.3357,11.1111,curve_0,LaneKeeping,0.0028,0.3151,11.1111,0.0,,
8.28,pid_40,lka_test,29.151,85.5101,11.1111,curve_0,LaneKeeping,0.002,0.2014,11.1111,0.0,,
8.3,pid_40,lka_test,29.2889,85.6844,11.1111,curve_0,LaneKeeping,0.0015,0.1288,11.1111,0.0,,
8.32,pid_40,lka_test,29.4269,85.8586,11.1111,curve_0,LaneKeeping,0.0012,0.0826,11.1111,0.0,,
8.34,pid_40,lka_test,29.565,86.0327,11.1111,curve_0,LaneKeeping,0.001,0.053,11.1111,0.0,,
8.36,pid_40,lka_test,29.7031,86.2068,11.1111,curve_0,LaneKeeping,0.0009,0.0342,11.1111,0.0,,
8.38,pid_40,lka_test,29.8413,86.3808,11.1111,curve_0,LaneKeeping,0.0008,0.0222,11.1111,0.0,,
8.4,pid_40,lka_test,29.9795,86.5549,11.1111,curve_0,LaneKeeping,0.0007,0.0145,11.1111,0.0,,
8.42,pid_40,lka_test,30.1177,86.7289,11.1111,curve_0,LaneKeeping,0.0007,0.0096,11.1111,0.0,,
8.44,pid_40,lka_test,30.2559,86.9029,11.1111,curve_0,LaneKeeping,0.0007,0.0065,11.1111,0.0,,
8.46,pid_40,lka_test,30.3942,87.0769,11.1111,curve_0,LaneKeeping,0.0006,0.0045,11.1111,0.0,,
8.48,pid_40,lka_test,30.5324,87.2509,11.1111,curve_0,LaneKeeping,0.0517,1.6402,11.1111,0.0,,
8.5,pid_40,lka_test,30.6606,87.4323,11.1111,curve_0,LaneKeeping,0.0329,4.8664,11.1111,0.0,,
8.52,pid_40,lka_test,30.7946,87.6096,11.1111,curve_0,LaneKeeping,0.0212,3.0206,11.1111,0.0,,
8.54,pid_40,lka_test,30.932,87.7843,11.1111,curve_0,LaneKeeping,0.0138,1.9082,11.1111,0.0,,
8.56,pid_40,lka_test,31.0716,87.9572,11.1111,curve_0,LaneKeeping,0.0091,1.2131,11.1111,0.0,,
8.58,pid_40,lka_test,31.2124,88.1291,11.1111,curve_0,LaneKeeping,0.0061,0.7733,11.1111,0.0,,
8.6,pid_40,lka_test,31.3541,88.3003,11.1111,curve_0,LaneKeeping,0.0041,0.4935,11.1111,0.0,,
8.62,pid_40,lka_test,31.4963,88.471,11.1111,curve_0,LaneKeeping,0.0029,0.3152,11.1111,0.0,,
8.64,pid_40,lka_test,31.6389,88.6415,11.1111,curve_0,LaneKeeping,0.0021,0.2016,11.1111,0.0,,
8.66,pid_40,lka_test,31.7817,88.8118,11.1111,curve_0,LaneKeeping,0.0016,0.129,11.1111,0.0,,
8.68,pid_40,lka_test,31.9246,88.982,11.1111,curve_0,LaneKeeping,0.0013,0.0828,11.1111,0.0,,
8.7,pid_40,lka_test,32.0676,89.1521,11.1111,curve_0,LaneKeeping,0.0011,0.0532,11.1111,0.0,,
8.72,pid_40,lka_test,32.2106,89.3221,11.1111,curve_0,LaneKeeping,0.001,0.0344,11.1111,0.0,,
8.74,pid_40,lka_test,32.3537,89.4921,11.1111,curve_0,LaneKeeping,0.0009,0.0224,11.1111,0.0,,
8.76,pid_40,lka_test,32.4969,89.6621,11.1111,curve_0,LaneKeeping,0.0008,0.0147,11.1111,0.0,,
8.78,pid_40,lka_test,32.64,89.8321,11.1111,curve_0,LaneKeeping,0.0008,0.0098,11.1111,0.0,,
8.8,pid_40,lka_test,32.7831,90.0021,11.1111,curve_0,LaneKeeping,0.0008,0.0067,11.1111,0.0,,
8.82,pid_40,lka_test,32.9263,90.1721,11.1111,curve_0,LaneKeeping,0.0008,0.0047,11.1111,0.0,,
8.84,pid_40,lka_test,33.0694,90.3421,11.1111,curve_0,LaneKeeping,0.0518,1.6404,11.1111,0.0,,
8.86,pid_40,lka_test,33.2028,90.5198,11.1111,curve_0,LaneKeeping,0.033,4.8666,11.1111,0.0,,
8.88,pid_40,lka_test,33.3418,90.6932,11.1111,curve_0,LaneKeeping,0.0213,3.0208,11.1111,0.0,,
8.9,pid_40,lka_test,33.4841,90.8638,11.1111,curve_0,LaneKeeping,0.0139,1.9084,11.1111,0.0,,
8.92,pid_40,lka_test,33.6286,91.0327,11.1111,curve_0,LaneKeeping,0.0092,1.2133,11.1111,0.0,,
8.94,pid_40,lka_test,33.7743,91.2005,11.1111,curve_0,LaneKeeping,0.0062,0.7734,11.1111,0.0,,
8.96,pid_40,lka_test,33.9208,91.3676,11.1111,curve_0,LaneKeeping,0.0043,0.4937,11.1111,0.0,,
8.98,pid_40,lka_test,34.0678,91.5342,11.1111,curve_0,LaneKeeping,0.003,0.3154,11.1111,0.0,,
9.0,pid_40,lka_test,34.2152,91.7005,11.1111,curve_0,LaneKeeping,0.0023,0.2018,11.1111,0.0,,
9.02,pid_40,lka_test,34.3628,91.8667,11.1111,curve_0,LaneKeeping,0.0018,0.1292,11.1111,0.0,,
9.04,pid_40,lka_test,34.5105,92.0327,11.1111,curve_0,LaneKeeping,0.0014,0.0829,11.1111,0.0,,
9.06,pid_40,lka_test,34.6583,92.1986,11.1111,curve_0,LaneKeeping,0.0012,0.0534,11.1111,0.0,,
9.08,pid_40,lka_test,34.8061,92.3645,11.1111,curve_0,LaneKeeping,0.0011,0.0346,11.1111,0.0,,
9.1,pid_40,lka_test,34.954,92.5304,11.1111,curve_0,LaneKeeping,0.001,0.0225,11.1111,0.0,,
9.12,pid_40,lka_test,35.102,92.6962,11.1111,curve_0,LaneKeeping,0.001,0.0149,11.1111,0.0,,
9.14,pid_40,lka_test,35.2499,92.8621,11.1111,curve_0,LaneKeeping,0.0009,0.01,11.1111,0.0,,
9.16,pid_40,lka_test,35.3978,93.0279,11.1111,curve_0,LaneKeeping,0.0009,0.0068,11.1111,0.0,,
9.18,pid_40,lka_test,35.5458,93.1937,11.1111,curve_0,LaneKeeping,0.0009,0.0048,11.1111,0.0,,
9.2,pid_40,lka_test,35.6937,93.3595,11.1111,curve_0,LaneKeeping,0.052,1.6406,11.1111,0.0,,
9.22,pid_40,lka_test,35.8321,93.5334,11.1111,curve_0,LaneKeeping,0.0331,4.8668,11.1111,0.0,,
9.24,pid_40,lka_test,35.976,93.7027,11.1111,curve_0,LaneKeeping,0.0214,3.0209,11.1111,0.0,,
9.26,pid_40,lka_test,36.1232,93.8692,11.1111,curve_0,LaneKeeping,0.014,1.9085,11.1111,0.0,,
9.28,pid_40,lka_test,36.2723,94.034,11.1111,curve_0,LaneKeeping,0.0093,1.2135,11.1111,0.0,,
9.3,pid_40,lka_test,36.4228,94.1975,11.1111,curve_0,LaneKeeping,0.0063,0.7736,11.1111,0.0,,
9.32,pid_40,lka_test,36.574,94.3603,11.1111,curve_0,LaneKeeping,0.0044,0.4939,11.1111,0.0,,
9.34,pid_40,lka_test,36.7258,94.5227,11.1111,curve_0,LaneKeeping,0.0032,0.3156,11.1111,0.0,,
9.36,pid_40,lka_test,36.8778,94.6847,11.1111,curve_0,LaneKeeping,0.0024,0.2019,11.1111,0.0,,
9.38,pid_40,lka_test,37.0301,94.8466,11.1111,curve_0,LaneKeeping,0.0019,0.1294,11.1111,0.0,,
9.4,pid_40,lka_test,37.1825,95.0083,11.1111,curve_0,LaneKeeping,0.0016,0.0831,11.1111,0.0,,
9.42,pid_40,lka_test,37.335,95.17,11.1111,curve_0,LaneKeeping,0.0013,0.0536,11.1111,0.0,,
9.44,pid_40,lka_test,37.4875,95.3316,11.1111,curve_0,LaneKeeping,0.0012,0.0348,11.1111,0.0,,
9.46,pid_40,lka_test,37.6401,95.4932,11.1111,curve_0,LaneKeeping,0.0011,0.0227,11.1111,0.0,,
9.48,pid_40,lka_test,37.7927,95.6547,11.1111,curve_0,LaneKeeping,0.0011,0.0151,11.1111,0.0,,
9.5,pid_40,lka_test,37.9453,95.8162,11.1111,curve_0,LaneKeeping,0.001,0.0101,11.1111,0.0,,
9.52,pid_40,lka_test,38.0979,95.9778,11.1111,curve_0,LaneKeeping,0.001,0.007,11.1111,0.0,,
9.54,pid_40,lka_test,38.2505,96.1393,11.1111,curve_0,LaneKeeping,0.001,0.005,11.1111,0.0,,
9.56,pid_40,lka_test,38.4031,96.3008,11.1111,curve_0,LaneKeeping,0.0521,1.6408,11.1111,0.0,,
9.58,pid_40,lka_test,38.5464,96.4707,11.1111,curve_0,LaneKeeping,0.0332,4.8669,11.1111,0.0,,
9.6,pid_40,lka_test,38.6951,96.6358,11.1111,curve_0,LaneKeeping,0.0215,3.0211,11.1111,0.0,,
9.62,pid_40,lka_test,38.847,96.7981,11.1111,curve_0,LaneKeeping,0.0141,1.9087,11.1111,0.0,,
9.64,pid_40,lka_test,39.0008,96.9584,11.1111,curve_0,LaneKeeping,0.0094,1.2137,11.1111,0.0,,
9.66,pid_40,lka_test,39.1558,97.1176,11.1111,curve_0,LaneKeeping,0.0064,0.7738,11.1111,0.0,,
9.68,pid_40,lka_test,39.3117,97.2761,11.1111,curve_0,LaneKeeping,0.0045,0.4941,11.1111,0.0,,
9.7,pid_40,lka_test,39.468,97.434,11.1111,curve_0,LaneKeeping,0.0033,0.3158,11.1111,0.0,,
9.72,pid_40,lka_test,39.6246,97.5917,11.1111,curve_0,LaneKeeping,0.0025,0.2021,11.1111,0.0,,
9.74,pid_40,lka_test,39.7814,97.7491,11.1111,curve_0,LaneKeeping,0.002,0.1296,11.1111,0.0,,
9.76,pid_40,lka_test,39.9384,97.9064,11.1111,curve_0,LaneKeeping,0.0017,0.0833,11.1111,0.0,,
9.78,pid_40,lka_test,40.0954,98.0636,11.1111,curve_0,LaneKeeping,0.0015,0.0538,11.1111,0.0,,
9.8,pid_40,lka_test,40.2525,98.2208,11.1111,curve_0,LaneKeeping,0.0013,0.0349,11.1111,0.0,,
9.82,pid_40,lka_test,40.4096,98.378,11.1111,curve_0,LaneKeeping,0.0012,0.0229,11.1111,0.0,,
9.84,pid_40,lka_test,40.5668,98.5351,11.1111,curve_0,LaneKeeping,0.0012,0.0152,11.1111,0.0,,
9.86,pid_40,lka_test,40.7239,98.6922,11.1111,curve_0,LaneKeeping,0.0011,0.0103,11.1111,0.0,,
9.88,pid_40,lka_test,40.8811,98.8493,11.1111,curve_0,LaneKeeping,0.0011,0.0072,11.1111,0.0,,
9.9,pid_40,lka_test,41.0383,99.0064,11.1111,curve_0,LaneKeeping,0.0011,0.0052,11.1111,0.0,,
9.92,pid_40,lka_test,41.1954,99.1635,11.1111,curve_0,LaneKeeping,0.0522,1.6409,11.1111,0.0,,
9.94,pid_40,lka_test,41.3435,99.3292,11.1111,curve_0,LaneKeeping,0.0334,4.8671,11.1111,0.0,,
9.96,pid_40,lka_test,41.4969,99.49,11.1111,curve_0,LaneKeeping,0.0217,3.0213,11.1111,0.0,,
9.98,pid_40,lka_test,41.6533,99.6479,11.1111,curve_0,LaneKeeping,0.0143,1.9089,11.1111,0.0,,
10.0,pid_40,lka_test,41.8116,99.8038,11.1111,curve_0,LaneKeeping,0.0095,1.2139,11.1111,0.0,,
10.02,pid_40,lka_test,41.9712,99.9585,11.1111,curve_0,LaneKeeping,0.0065,0.774,11.1111,0.0,,
10.04,pid_40,lka_test,42.1315,100.1124,11.1111,curve_0,LaneKeeping,0.0046,0.4943,11.1111,0.0,,
10.06,pid_40,lka_test,42.2922,100.2658,11.1111,curve_0,LaneKeeping,0.0034,0.316,11.1111,0.0,,
10.08,pid_40,lka_test,42.4533,100.4189,11.1111,curve_0,LaneKeeping,0.0026,0.2023,11.1111,0.0,,
10.1,pid_40,lka_test,42.6146,100.5718,11.1111,curve_0,LaneKeeping,0.0021,0.1298,11.1111,0.0,,
10.12,pid_40,lka_test,42.7759,100.7246,11.1111,curve_0,LaneKeeping,0.0018,0.0835,11.1111,0.0,,
10.14,pid_40,lka_test,42.9374,100.8773,11.1111,curve_0,LaneKeeping,0.0016,0.054,11.1111,0.0,,
10.16,pid_40,lka_test,43.0989,101.0299,11.1111,curve_0,LaneKeeping,0.0014,0.0351,11.1111,0.0,,
10.18,pid_40,lka_test,43.2605,101.1825,11.1111,curve_0,LaneKeeping,0.0014,0.0231,11.1111,0.0,,
10.2,pid_40,lka_test,43.422,101.3351,11.1111,curve_0,LaneKeeping,0.0013,0.0154,11.1111,0.0,,
10.22,pid_40,lka_test,43.5836,101.4876,11.1111,curve_0,LaneKeeping,0.0013,0.0105,11.1111,0.0,,
10.24,pid_40,lka_test,43.7452,101.6402,11.1111,curve_0,LaneKeeping,0.0012,0.0074,11.1111,0.0,,
10.26,pid_40,lka_test,43.9068,101.7927,11.1111,curve_0,LaneKeeping,0.0012,0.0054,11.1111,0.0,,
10.28,pid_40,lka_test,44.0684,101.9453,11.1111,curve_0,LaneKeeping,0.0523,1.6411,11.1111,0.0,,
10.3,pid_40,lka_test,44.2212,102.1067,11.1111,curve_0,LaneKeeping,0.0335,4.8673,11.1111,0.0,,
10.32,pid_40,lka_test,44.379,102.2631,11.1111,curve_0,LaneKeeping,0.0218,3.0215,11.1111,0.0,,
10.34,pid_40,lka_test,44.5399,102.4164,11.1111,curve_0,LaneKeeping,0.0144,1.9091,11.1111,0.0,,
10.36,pid_40,lka_test,44.7026,102.5677,11.1111,curve_0,LaneKeeping,0.0097,1.2141,11.1111,0.0,,
10.38,pid_40,lka_test,44.8665,102.7178,11.1111,curve_0,LaneKeeping,0.0067,0.7742,11.1111,0.0,,
10.4,pid_40,lka_test,45.0311,102.867,11.1111,curve_0,LaneKeeping,0.0047,0.4944,11.1111,0.0,,
10.42,pid_40,lka_test,45.1962,103.0158,11.1111,curve_0,LaneKeeping,0.0035,0.3162,11.1111,0.0,,
10.44,pid_40,lka_test,45.3616,103.1642,11.1111,curve_0,LaneKeeping,0.0027,0.2025,11.1111,0.0,,
10.46,pid_40,lka_test,45.5272,103.3125,11.1111,curve_0,LaneKeeping,0.0022,0.13,11.1111,0.0,,
10.48,pid_40,lka_test,45.6928,103.4606,11.1111,curve_0,LaneKeeping,0.0019,0.0837,11.1111,0.0,,
10.5,pid_40,lka_test,45.8586,103.6086,11.1111,curve_0,LaneKeeping,0.0017,0.0542,11.1111,0.0,,
10.52,pid_40,lka_test,46.0244,103.7565,11.1111,curve_0,LaneKeeping,0.0016,0.0353,11.1111,0.0,,
10.54,pid_40,lka_test,46.1903,103.9044,11.1111,curve_0,LaneKeeping,0.0015,0.0233,11.1111,0.0,,
10.56,pid_40,lka_test,46.3561,104.0523,11.1111,curve_0,LaneKeeping,0.0014,0.0156,11.1111,0.0,,
10.58,pid_40,lka_test,46.522,104.2002,11.1111,curve_0,LaneKeeping,0.0014,0.0107,11.1111,0.0,,
10.6,pid_40,lka_test,46.6879,104.3481,11.1111,curve_0,LaneKeeping,0.0013,0.0076,11.1111,0.0,,
10.62,pid_40,lka_test,46.8537,104.496,11.1111,curve_0,LaneKeeping,0.0013,0.0055,11.1111,0.0,,
10.64,pid_40,lka_test,47.0196,104.6438,11.1111,curve_0,LaneKeeping,0.0525,1.6413,11.1111,0.0,,
10.66,pid_40,lka_test,47.1769,104.8008,11.1111,curve_0,LaneKeeping,0.0336,4.8675,11.1111,0.0,,
10.68,pid_40,lka_test,47.3392,104.9526,11.1111,curve_0,LaneKeeping,0.0219,3.0217,11.1111,0.0,,
10.7,pid_40,lka_test,47.5044,105.1013,11.1111,curve_0,LaneKeeping,0.0145,1.9093,11.1111,0.0,,
10.72,pid_40,lka_test,47.6714,105.2479,11.1111,curve_0,LaneKeeping,0.0098,1.2142,11.1111,0.0,,
10.74,pid_40,lka_test,47.8395,105.3932,11.1111,curve_0,LaneKeeping,0.0068,0.7744,11.1111,0.0,,
10.76,pid_40,lka_test,48.0083,105.5377,11.1111,curve_0,LaneKeeping,0.0049,0.4946,11.1111,0.0,,
10.78,pid_40,lka_test,48.1776,105.6817,11.1111,curve_0,LaneKeeping,0.0036,0.3164,11.1111,0.0,,
10.8,pid_40,lka_test,48.3471,105.8254,11.1111,curve_0,LaneKeeping,0.0029,0.2027,11.1111,0.0,,
10.82,pid_40,lka_test,48.5169,105.9688,11.1111,curve_0,LaneKeeping,0.0023,0.1301,11.1111,0.0,,
10.84,pid_40,lka_test,48.6867,106.1121,11.1111,curve_0,LaneKeeping,0.002,0.0839,11.1111,0.0,,
10.86,pid_40,lka_test,48.8566,106.2553,11.1111,curve_0,LaneKeeping,0.0018,0.0543,11.1111,0.0,,
10.88,pid_40,lka_test,49.0266,106.3985,11.1111,curve_0,LaneKeeping,0.0017,0.0355,11.1111,0.0,,
10.9,pid_40,lka_test,49.1966,106.5416,11.1111,curve_0,LaneKeeping,0.0016,0.0235,11.1111,0.0,,
10.92,pid_40,lka_test,49.3666,106.6847,11.1111,curve_0,LaneKeeping,0.0015,0.0158,11.1111,0.0,,
10.94,pid_40,lka_test,49.5366,106.8278,11.1111,curve_0,LaneKeeping,0.0015,0.0109,11.1111,0.0,,
10.96,pid_40,lka_test,49.7067,106.9709,11.1111,curve_0,LaneKeeping,0.0014,0.0077,11.1111,0.0,,
10.98,pid_40,lka_test,49.8767,107.1139,11.1111,curve_0,LaneKeeping,0.0014,0.0057,11.1111,0.0,,
11.0,pid_40,lka_test,50.0468,107.257,11.1111,curve_0,LaneKeeping,0.0526,1.6415,11.1111,0.0,,
11.02,pid_40,lka_test,50.2085,107.4094,11.1111,curve_0,LaneKeeping,0.0337,4.8676,11.1111,0.0,,
11.04,pid_40,lka_test,50.375,107.5565,11.1111,curve_0,LaneKeeping,0.022,3.0219,11.1111,0.0,,
11.06,pid_40,lka_test,50.5444,107.7004,11.1111,curve_0,LaneKeeping,0.0146,1.9095,11.1111,0.0,,
11.08,pid_40,lka_test,50.7155,107.8422,11.1111,curve_0,LaneKeeping,0.0099,1.2144,11.1111,0.0,,
11.1,pid_40,lka_test,50.8877,107.9827,11.1111,curve_0,LaneKeeping,0.0069,0.7746,11.1111,0.0,,
11.12,pid_40,lka_test,51.0606,108.1223,11.1111,curve_0,LaneKeeping,0.005,0.4948,11.1111,0.0,,
11.14,pid_40,lka_test,51.2339,108.2614,11.1111,curve_0,LaneKeeping,0.0038,0.3165,11.1111,0.0,,
11.16,pid_40,lka_test,51.4075,108.4001,11.1111,curve_0,LaneKeeping,0.003,0.2029,11.1111,0.0,,
11.18,pid_40,lka_test,51.5812,108.5387,11.1111,curve_0,LaneKeeping,0.0025,0.1303,11.1111,0.0,,
11.2,pid_40,lka_test,51.7551,108.6771,11.1111,curve_0,LaneKeeping,0.0021,0.084,11.1111,0.0,,
11.22,pid_40,lka_test,51.929,108.8154,11.1111,curve_0,LaneKeeping,0.0019,0.0545,11.1111,0.0,,
11.24,pid_40,lka_test,52.103,108.9536,11.1111,curve_0,LaneKeeping,0.0018,0.0357,11.1111,0.0,,
11.26,pid_40,lka_test,52.277,109.0918,11.1111,curve_0,LaneKeeping,0.0017,0.0236,11.1111,0.0,,
11.28,pid_40,lka_test,52.4511,109.23,11.1111,curve_0,LaneKeeping,0.0016,0.0159,11.1111,0.0,,
11.3,pid_40,lka_test,52.6251,109.3682,11.1111,curve_0,LaneKeeping,0.0016,0.011,11.1111,0.0,,
11.32,pid_40,lka_test,52.7992,109.5063,11.1111,curve_0,LaneKeeping,0.0016,0.0079,11.1111,0.0,,
11.34,pid_40,lka_test,52.9732,109.6445,11.1111,curve_0,LaneKeeping,0.0015,0.0059,11.1111,0.0,,
11.36,pid_40,lka_test,53.1473,109.7826,11.1111,curve_0,LaneKeeping,0.0527,1.6416,11.1111,0.0,,
11.38,pid_40,lka_test,53.3133,109.9303,11.1111,curve_0,LaneKeeping,0.0339,4.8678,11.1111,0.0,,
11.4,pid_40,lka_test,53.484,110.0727,11.1111,curve_0,LaneKeeping,0.0221,3.022,11.1111,0.0,,
11.42,pid_40,lka_test,53.6574,110.2116,11.1111,curve_0,LaneKeeping,0.0147,1.9097,11.1111,0.0,,
11.44,pid_40,lka_test,53.8325,110.3485,11.1111,curve_0,LaneKeeping,0.01,1.2146,11.1111,0.0,,
11.46,pid_40,lka_test,54.0086,110.484,11.1111,curve_0,LaneKeeping,0.007,0.7747,11.1111,0.0,,
11.48,pid_40,lka_test,54.1854,110.6186,11.1111,curve_0,LaneKeeping,0.0051,0.495,11.1111,0.0,,
11.5,pid_40,lka_test,54.3626,110.7527,11.1111,curve_0,LaneKeeping,0.0039,0.3167,11.1111,0.0,,
11.52,pid_40,lka_test,54.5401,110.8864,11.1111,curve_0,LaneKeeping,0.0031,0.203,11.1111,0.0,,
11.54,pid_40,lka_test,54.7177,111.0199,11.1111,curve_0,LaneKeeping,0.0026,0.1305,11.1111,0.0,,
11.56,pid_40,lka_test,54.8955,111.1533,11.1111,curve_0,LaneKeeping,0.0023,0.0842,11.1111,0.0,,
11.58,pid_40,lka_test,55.0733,111.2866,11.1111,curve_0,LaneKeeping,0.002,0.0547,11.1111,0.0,,
11.6,pid_40,lka_test,55.2512,111.4198,11.1111,curve_0,LaneKeeping,0.0019,0.0358,11.1111,0.0,,
11.62,pid_40,lka_test,55.4291,111.553,11.1111,curve_0,LaneKeeping,0.0018,0.0238,11.1111,0.0,,
11.64,pid_40,lka_test,55.607,111.6861,11.1111,curve_0,LaneKeeping,0.0017,0.0161,11.1111,0.0,,
11.66,pid_40,lka_test,55.7849,111.8193,11.1111,curve_0,LaneKeeping,0.0017,0.0112,11.1111,0.0,,
11.68,pid_40,lka_test,55.9628,111.9524,11.1111,curve_0,LaneKeeping,0.0017,0.0081,11.1111,0.0,,
11.7,pid_40,lka_test,56.1408,112.0855,11.1111,curve_0,LaneKeeping,0.0016,0.0061,11.1111,0.0,,
11.72,pid_40,lka_test,56.3187,112.2187,11.1111,curve_0,LaneKeeping,0.0528,1.6418,11.1111,0.0,,
11.74,pid_40,lka_test,56.4889,112.3616,11.1111,curve_0,LaneKeeping,0.034,4.868,11.1111,0.0,,
11.76,pid_40,lka_test,56.6635,112.4989,11.1111,curve_0,LaneKeeping,0.0223,3.0222,11.1111,0.0,,
11.78,pid_40,lka_test,56.8408,112.6329,11.1111,curve_0,LaneKeeping,0.0149,1.9098,11.1111,0.0,,
11.8,pid_40,lka_test,57.0198,112.7647,11.1111,curve_0,LaneKeeping,0.0101,1.2148,11.1111,0.0,,
11.82,pid_40,lka_test,57.1997,112.8951,11.1111,curve_0,LaneKeeping,0.0071,0.7749,11.1111,0.0,,
11.84,pid_40,lka_test,57.3803,113.0246,11.1111,curve_0,LaneKeeping,0.0052,0.4952,11.1111,0.0,,
11.86,pid_40,lka_test,57.5612,113.1536,11.1111,curve_0,LaneKeeping,0.004,0.3169,11.1111,0.0,,
11.88,pid_40,lka_test,57.7425,113.2822,11.1111,curve_0,LaneKeeping,0.0032,0.2032,11.1111,0.0,,
11.9,pid_40,lka_test,57.9238,113.4106,11.1111,curve_0,LaneKeeping,0.0027,0.1307,11.1111,0.0,,
11.92,pid_40,lka_test,58.1053,113.5388,11.1111,curve_0,LaneKeeping,0.0024,0.0844,11.1111,0.0,,
11.94,pid_40,lka_test,58.2869,113.667,11.1111,curve_0,LaneKeeping,0.0022,0.0549,11.1111,0.0,,
11.96,pid_40,lka_test,58.4685,113.7951,11.1111,curve_0,LaneKeeping,0.002,0.036,11.1111,0.0,,
11.98,pid_40,lka_test,58.6501,113.9231,11.1111,curve_0,LaneKeeping,0.0019,0.024,11.1111,0.0,,
12.0,pid_40,lka_test,58.8317,114.0511,11.1111,curve_0,LaneKeeping,0.0019,0.0163,11.1111,0.0,,
12.02,pid_40,lka_test,59.0134,114.1791,11.1111,curve_0,LaneKeeping,0.0018,0.0114,11.1111,0.0,,
12.04,pid_40,lka_test,59.1951,114.3071,11.1111,curve_0,LaneKeeping,0.0018,0.0082,11.1111,0.0,,
12.06,pid_40,lka_test,59.3767,114.4351,11.1111,curve_0,LaneKeeping,0.0018,0.0062,11.1111,0.0,,
12.08,pid_40,lka_test,59.5584,114.5631,11.1111,curve_0,LaneKeeping,0.053,1.642,11.1111,0.0,,
12.1,pid_40,lka_test,59.7326,114.7011,11.1111,curve_0,LaneKeeping,0.0341,4.8682,11.1111,0.0,,
12.12,pid_40,lka_test,59.9111,114.8334,11.1111,curve_0,LaneKeeping,0.0224,3.0224,11.1111,0.0,,
12.14,pid_40,lka_test,60.0922,114.9623,11.1111,curve_0,LaneKeeping,0.015,1.91,11.1111,0.0,,
12.16,pid_40,lka_test,60.2748,115.0889,11.1111,curve_0,LaneKeeping,0.0103,1.215,11.1111,0.0,,
12.18,pid_40,lka_test,60.4584,115.2141,11.1111,curve_0,LaneKeeping,0.0073,0.7751,11.1111,0.0,,
12.2,pid_40,lka_test,60.6425,115.3384,11.1111,curve_0,LaneKeeping,0.0053,0.4954,11.1111,0.0,,
12.22,pid_40,lka_test,60.8271,115.4622,11.1111,curve_0,LaneKeeping,0.0041,0.3171,11.1111,0.0,,
12.24,pid_40,lka_test,61.0119,115.5856,11.1111,curve_0,LaneKeeping,0.0033,0.2034,11.1111,0.0,,
12.26,pid_40,lka_test,61.1969,115.7087,11.1111,curve_0,LaneKeeping,0.0028,0.1309,11.1111,0.0,,
12.28,pid_40,lka_test,61.382,115.8317,11.1111,curve_0,LaneKeeping,0.0025,0.0846,11.1111,0.0,,
12.3,pid_40,lka_test,61.5671,115.9546,11.1111,curve_0,LaneKeeping,0.0023,0.055,11.1111,0.0,,
12.32,pid_40,lka_test,61.7523,116.0775,11.1111,curve_0,LaneKeeping,0.0021,0.0362,11.1111,0.0,,
12.34,pid_40,lka_test,61.9375,116.2003,11.1111,curve_0,LaneKeeping,0.002,0.0242,11.1111,0.0,,
12.36,pid_40,lka_test,62.1228,116.323,11.1111,curve_0,LaneKeeping,0.002,0.0165,11.1111,0.0,,
12.38,pid_40,lka_test,62.308,116.4458,11.1111,curve_0,LaneKeeping,0.0019,0.0116,11.1111,0.0,,
12.4,pid_40,lka_test,62.4932,116.5686,11.1111,curve_0,LaneKeeping,0.0019,0.0084,11.1111,0.0,,
12.42,pid_40,lka_test,62.6785,116.6913,11.1111,curve_0,LaneKeeping,0.0019,0.0064,11.1111,0.0,,
12.44,pid_40,lka_test,62.8637,116.8141,11.1111,curve_0,LaneKeeping,0.0531,1.6421,11.1111,0.0,,
12.46,pid_40,lka_test,63.0418,116.947,11.1111,curve_0,LaneKeeping,0.0342,4.8683,11.1111,0.0,,
12.48,pid_40,lka_test,63.224,117.0742,11.1111,curve_0,LaneKeeping,0.0225,3.0226,11.1111,0.0,,
12.5,pid_40,lka_test,63.4087,117.1978,11.1111,curve_0,LaneKeeping,0.0151,1.9102,11.1111,0.0,,
12.52,pid_40,lka_test,63.5948,117.3192,11.1111,curve_0,LaneKeeping,0.0104,1.2151,11.1111,0.0,,
12.54,pid_40,lka_test,63.7819,117.4391,11.1111,curve_0,LaneKeeping,0.0074,0.7753,11.1111,0.0,,
12.56,pid_40,lka_test,63.9696,117.5581,11.1111,curve_0,LaneKeeping,0.0054,0.4955,11.1111,0.0,,
12.58,pid_40,lka_test,64.1576,117.6765,11.1111,curve_0,LaneKeeping,0.0042,0.3173,11.1111,0.0,,
12.6,pid_40,lka_test,64.3459,117.7946,11.1111,curve_0,LaneKeeping,0.0034,0.2036,11.1111,0.0,,
12.62,pid_40,lka_test,64.5343,117.9124,11.1111,curve_0,LaneKeeping,0.0029,0.131,11.1111,0.0,,
12.64,pid_40,lka_test,64.7228,118.0301,11.1111,curve_0,LaneKeeping,0.0026,0.0848,11.1111,0.0,,
12.66,pid_40,lka_test,64.9114,118.1476,11.1111,curve_0,LaneKeeping,0.0024,0.0552,11.1111,0.0,,
12.68,pid_40,lka_test,65.1,118.2651,11.1111,curve_0,LaneKeeping,0.0022,0.0364,11.1111,0.0,,
12.7,pid_40,lka_test,65.2887,118.3826,11.1111,curve_0,LaneKeeping,0.0021,0.0243,11.1111,0.0,,
12.72,pid_40,lka_test,65.4773,118.5,11.1111,curve_0,LaneKeeping,0.0021,0.0166,11.1111,0.0,,
12.74,pid_40,lka_test,65.666,118.6174,11.1111,curve_0,LaneKeeping,0.002,0.0117,11.1111,0.0,,
12.76,pid_40,lka_test,65.8547,118.7349,11.1111,curve_0,LaneKeeping,0.002,0.0086,11.1111,0.0,,
12.78,pid_40,lka_test,66.0433,118.8523,11.1111,curve_0,LaneKeeping,0.002,0.0066,11.1111,0.0,,
12.8,pid_40,lka_test,66.232,118.9697,11.1111,curve_0,LaneKeeping,0.0532,1.6423,11.1111,0.0,,
12.82,pid_40,lka_test,66.4138,119.0975,11.1111,curve_0,LaneKeeping,0.0343,4.8685,11.1111,0.0,,
12.84,pid_40,lka_test,66.5996,119.2194,11.1111,curve_0,LaneKeeping,0.0226,3.0227,11.1111,0.0,,
12.86,pid_40,lka_test,66.7877,119.3377,11.1111,curve_0,LaneKeeping,0.0152,1.9104,11.1111,0.0,,
12.88,pid_40,lka_test,66.9773,119.4537,11.1111,curve_0,LaneKeeping,0.0105,1.2153,11.1111,0.0,,
12.9,pid_40,lka_test,67.1677,119.5682,11.1111,curve_0,LaneKeeping,0.0075,0.7755,11.1111,0.0,,
12.92,pid_40,lka_test,67.3587,119.6818,11.1111,curve_0,LaneKeeping,0.0056,0.4957,11.1111,0.0,,
12.94,pid_40,lka_test,67.55,119.7948,11.1111,curve_0,LaneKeeping,0.0043,0.3174,11.1111,0.0,,
12.96,pid_40,lka_test,67.7416,119.9075,11.1111,curve_0,LaneKeeping,0.0035,0.2038,11.1111,0.0,,
12.98,pid_40,lka_test,67.9333,120.0198,11.1111,curve_0,LaneKeeping,0.003,0.1312,11.1111,0.0,,
13.0,pid_40,lka_test,68.1251,120.1321,11.1111,curve_0,LaneKeeping,0.0027,0.0849,11.1111,0.0,,
13.02,pid_40,lka_test,68.317,120.2442,11.1111,curve_0,LaneKeeping,0.0025,0.0554,11.1111,0.0,,
13.04,pid_40,lka_test,68.5089,120.3563,11.1111,curve_0,LaneKeeping,0.0023,0.0365,11.1111,0.0,,
13.06,pid_40,lka_test,68.7008,120.4683,11.1111,curve_0,LaneKeeping,0.0022,0.0245,11.1111,0.0,,
13.08,pid_40,lka_test,68.8927,120.5803,11.1111,curve_0,LaneKeeping,0.0022,0.0168,11.1111,0.0,,
13.1,pid_40,lka_test,69.0847,120.6923,11.1111,curve_0,LaneKeeping,0.0021,0.0119,11.1111,0.0,,
13.12,pid_40,lka_test,69.2766,120.8043,11.1111,curve_0,LaneKeeping,0.0021,0.0088,11.1111,0.0,,
13.14,pid_40,lka_test,69.4686,120.9162,11.1111,curve_0,LaneKeeping,0.0021,0.0067,11.1111,0.0,,
13.16,pid_40,lka_test,69.6605,121.0282,11.1111,curve_0,LaneKeeping,0.0533,1.6425,11.1111,0.0,,
13.18,pid_40,lka_test,69.8459,121.1508,11.1111,curve_0,LaneKeeping,0.0344,4.8687,11.1111,0.0,,
13.2,pid_40,lka_test,70.0351,121.2673,11.1111,curve_0,LaneKeeping,0.0227,3.0229,11.1111,0.0,,
13.22,pid_40,lka_test,70.2265,121.3802,11.1111,curve_0,LaneKeeping,0.0153,1.9105,11.1111,0.0,,
13.24,pid_40,lka_test,70.4193,121.4907,11.1111,curve_0,LaneKeeping,0.0106,1.2155,11.1111,0.0,,
13.26,pid_40,lka_test,70.6129,121.5998,11.1111,curve_0,LaneKeeping,0.0076,0.7756,11.1111,0.0,,
13.28,pid_40,lka_test,70.8071,121.7079,11.1111,curve_0,LaneKeeping,0.0057,0.4959,11.1111,0.0,,
13.3,pid_40,lka_test,71.0016,121.8154,11.1111,curve_0,LaneKeeping,0.0044,0.3176,11.1111,0.0,,
13.32,pid_40,lka_test,71.1963,121.9225,11.1111,curve_0,LaneKeeping,0.0036,0.2039,11.1111,0.0,,
13.34,pid_40,lka_test,71.3911,122.0293,11.1111,curve_0,LaneKeeping,0.0031,0.1314,11.1111,0.0,,
13.36,pid_40,lka_test,71.586,122.136,11.1111,curve_0,LaneKeeping,0.0028,0.0851,11.1111,0.0,,
13.38,pid_40,lka_test,71.781,122.2427,11.1111,curve_0,LaneKeeping,0.0026,0.0556,11.1111,0.0,,
13.4,pid_40,lka_test,71.976,122.3492,11.1111,curve_0,LaneKeeping,0.0025,0.0367,11.1111,0.0,,
13.42,pid_40,lka_test,72.1711,122.4557,11.1111,curve_0,LaneKeeping,0.0024,0.0247,11.1111,0.0,,
13.44,pid_40,lka_test,72.3661,122.5622,11.1111,curve_0,LaneKeeping,0.0023,0.017,11.1111,0.0,,
13.46,pid_40,lka_test,72.5612,122.6686,11.1111,curve_0,LaneKeeping,0.0022,0.0121,11.1111,0.0,,
13.48,pid_40,lka_test,72.7563,122.7751,11.1111,curve_0,LaneKeeping,0.0022,0.0089,11.1111,0.0,,
13.5,pid_40,lka_test,72.9513,122.8815,11.1111,curve_0,LaneKeeping,0.0022,0.0069,11.1111,0.0,,
13.52,pid_40,lka_test,73.1464,122.9879,11.1111,curve_0,LaneKeeping,0.0534,1.6426,11.1111,0.0,,
13.54,pid_40,lka_test,73.3352,123.1052,11.1111,curve_0,LaneKeeping,0.0346,4.8688,11.1111,0.0,,
13.56,pid_40,lka_test,73.5276,123.2163,11.1111,curve_0,LaneKeeping,0.0228,3.0231,11.1111,0.0,,
13.58,pid_40,lka_test,73.7222,123.3236,11.1111,curve_0,LaneKeeping,0.0154,1.9107,11.1111,0.0,,
13.6,pid_40,lka_test,73.9181,123.4286,11.1111,curve_0,LaneKeeping,0.0107,1.2157,11.1111,0.0,,
13.62,pid_40,lka_test,74.1147,123.5321,11.1111,curve_0,LaneKeeping,0.0077,0.7758,11.1111,0.0,,
13.64,pid_40,lka_test,74.3119,123.6346,11.1111,curve_0,LaneKeeping,0.0058,0.4961,11.1111,0.0,,
13.66,pid_40,lka_test,74.5094,123.7365,11.1111,curve_0,LaneKeeping,0.0046,0.3178,11.1111,0.0,,
13.68,pid_40,lka_test,74.7071,123.838,11.1111,curve_0,LaneKeeping,0.0038,0.2041,11.1111,0.0,,
13.7,pid_40,lka_test,74.9049,123.9393,11.1111,curve_0,LaneKeeping,0.0033,0.1316,11.1111,0.0,,
13.72,pid_40,lka_test,75.1028,124.0403,11.1111,curve_0,LaneKeeping,0.0029,0.0853,11.1111,0.0,,
13.74,pid_40,lka_test,75.3007,124.1413,11.1111,curve_0,LaneKeeping,0.0027,0.0557,11.1111,0.0,,
13.76,pid_40,lka_test,75.4987,124.2423,11.1111,curve_0,LaneKeeping,0.0026,0.0369,11.1111,0.0,,
13.78,pid_40,lka_test,75.6967,124.3431,11.1111,curve_0,LaneKeeping,0.0025,0.0248,11.1111,0.0,,
13.8,pid_40,lka_test,75.8947,124.444,11.1111,curve_0,LaneKeeping,0.0024,0.0171,11.1111,0.0,,
13.82,pid_40,lka_test,76.0928,124.5448,11.1111,curve_0,LaneKeeping,0.0023,0.0122,11.1111,0.0,,
13.84,pid_40,lka_test,76.2908,124.6457,11.1111,curve_0,LaneKeeping,0.0023,0.0091,11.1111,0.0,,
13.86,pid_40,lka_test,76.4888,124.7465,11.1111,curve_0,LaneKeeping,0.0023,0.0071,11.1111,0.0,,
13.88,pid_40,lka_test,76.6869,124.8473,11.1111,curve_0,LaneKeeping,0.0535,1.6428,11.1111,0.0,,
13.9,pid_40,lka_test,76.8789,124.9591,11.1111,curve_0,LaneKeeping,0.0347,4.869,11.1111,0.0,,
13.92,pid_40,lka_test,77.0744,125.0647,11.1111,curve_0,LaneKeeping,0.023,3.0233,11.1111,0.0,,
13.94,pid_40,lka_test,77.272,125.1664,11.1111,curve_0,LaneKeeping,0.0155,1.9109,11.1111,0.0,,
13.96,pid_40,lka_test,77.4708,125.2658,11.1111,curve_0,LaneKeeping,0.0108,1.2158,11.1111,0.0,,
13.98,pid_40,lka_test,77.6703,125.3636,11.1111,curve_0,LaneKeeping,0.0078,0.776,11.1111,0.0,,
14.0,pid_40,lka_test,77.8703,125.4604,11.1111,curve_0,LaneKeeping,0.0059,0.4962,11.1111,0.0,,
14.02,pid_40,lka_test,78.0707,125.5566,11.1111,curve_0,LaneKeeping,0.0047,0.318,11.1111,0.0,,
14.04,pid_40,lka_test,78.2712,125.6524,11.1111,curve_0,LaneKeeping,0.0039,0.2043,11.1111,0.0,,
14.06,pid_40,lka_test,78.4718,125.748,11.1111,curve_0,LaneKeeping,0.0034,0.1317,11.1111,0.0,,
14.08,pid_40,lka_test,78.6725,125.8434,11.1111,curve_0,LaneKeeping,0.003,0.0854,11.1111,0.0,,
14.1,pid_40,lka_test,78.8732,125.9387,11.1111,curve_0,LaneKeeping,0.0028,0.0559,11.1111,0.0,,
14.12,pid_40,lka_test,79.074,126.0339,11.1111,curve_0,LaneKeeping,0.0027,0.037,11.1111,0.0,,
14.14,pid_40,lka_test,79.2748,126.1291,11.1111,curve_0,LaneKeeping,0.0026,0.025,11.1111,0.0,,
14.16,pid_40,lka_test,79.4756,126.2243,11.1111,curve_0,LaneKeeping,0.0025,0.0173,11.1111,0.0,,
14.18,pid_40,lka_test,79.6765,126.3194,11.1111,curve_0,LaneKeeping,0.0025,0.0124,11.1111,0.0,,
14.2,pid_40,lka_test,79.8773,126.4146,11.1111,curve_0,LaneKeeping,0.0024,0.0093,11.1111,0.0,,
14.22,pid_40,lka_test,80.0781,126.5097,11.1111,curve_0,LaneKeeping,0.0024,0.0072,11.1111,0.0,,
14.24,pid_40,lka_test,80.279,126.6048,11.1111,curve_0,LaneKeeping,0.0537,1.643,11.1111,0.0,,
14.26,pid_40,lka_test,80.4741,126.7111,11.1111,curve_0,LaneKeeping,0.0348,4.8691,11.1111,0.0,,
14.28,pid_40,lka_test,80.6726,126.811,11.1111,curve_0,LaneKeeping,0.0231,3.0234,11.1111,0.0,,
14.3,pid_40,lka_test,80.873,126.9071,11.1111,curve_0,LaneKeeping,0.0157,1.9111,11.1111,0.0,,
14.32,pid_40,lka_test,81.0745,127.0007,11.1111,curve_0,LaneKeeping,0.0109,1.216,11.1111,0.0,,
14.34,pid_40,lka_test,81.2768,127.0928,11.1111,curve_0,LaneKeeping,0.0079,0.7762,11.1111,0.0,,
14.36,pid_40,lka_test,81.4795,127.1838,11.1111,curve_0,LaneKeeping,0.006,0.4964,11.1111,0.0,,
14.38,pid_40,lka_test,81.6825,127.2743,11.1111,curve_0,LaneKeeping,0.0048,0.3181,11.1111,0.0,,
14.4,pid_40,lka_test,81.8856,127.3644,11.1111,curve_0,LaneKeeping,0.004,0.2044,11.1111,0.0,,
14.42,pid_40,lka_test,82.0889,127.4541,11.1111,curve_0,LaneKeeping,0.0035,0.1319,11.1111,0.0,,
14.44,pid_40,lka_test,82.2923,127.5438,11.1111,curve_0,LaneKeeping,0.0031,0.0856,11.1111,0.0,,
14.46,pid_40,lka_test,82.4956,127.6333,11.1111,curve_0,LaneKeeping,0.0029,0.0561,11.1111,0.0,,
14.48,pid_40,lka_test,82.6991,127.7228,11.1111,curve_0,LaneKeeping,0.0028,0.0372,11.1111,0.0,,
14.5,pid_40,lka_test,82.9025,127.8122,11.1111,curve_0,LaneKeeping,0.0027,0.0252,11.1111,0.0,,
14.52,pid_40,lka_test,83.106,127.9015,11.1111,curve_0,LaneKeeping,0.0026,0.0175,11.1111,0.0,,
14.54,pid_40,lka_test,83.3094,127.9909,11.1111,curve_0,LaneKeeping,0.0026,0.0126,11.1111,0.0,,
14.56,pid_40,lka_test,83.5129,128.0803,11.1111,curve_0,LaneKeeping,0.0025,0.0094,11.1111,0.0,,
14.58,pid_40,lka_test,83.7163,128.1696,11.1111,curve_0,LaneKeeping,0.0025,0.0074,11.1111,0.0,,
14.6,pid_40,lka_test,83.9198,128.259,11.1111,curve_0,LaneKeeping,0.0538,1.6431,11.1111,0.0,,
14.62,pid_40,lka_test,84.1179,128.3596,11.1111,curve_0,LaneKeeping,0.0349,4.8693,11.1111,0.0,,
14.64,pid_40,lka_test,84.3192,128.4538,11.1111,curve_0,LaneKeeping,0.0232,3.0236,11.1111,0.0,,
14.66,pid_40,lka_test,84.5222,128.5441,11.1111,curve_0,LaneKeeping,0.0158,1.9112,11.1111,0.0,,
14.68,pid_40,lka_test,84.7264,128.632,11.1111,curve_0,LaneKeeping,0.0111,1.2162,11.1111,0.0,,
14.7,pid_40,lka_test,84.9312,128.7182,11.1111,curve_0,LaneKeeping,0.008,0.7763,11.1111,0.0,,
14.72,pid_40,lka_test,85.1364,128.8035,11.1111,curve_0,LaneKeeping,0.0061,0.4966,11.1111,0.0,,
14.74,pid_40,lka_test,85.3419,128.8881,11.1111,curve_0,LaneKeeping,0.0049,0.3183,11.1111,0.0,,
14.76,pid_40,lka_test,85.5475,128.9723,11.1111,curve_0,LaneKeeping,0.0041,0.2046,11.1111,0.0,,
14.78,pid_40,lka_test,85.7533,129.0563,11.1111,curve_0,LaneKeeping,0.0036,0.1321,11.1111,0.0,,
14.8,pid_40,lka_test,85.9591,129.14,11.1111,curve_0,LaneKeeping,0.0032,0.0858,11.1111,0.0,,
14.82,pid_40,lka_test,86.165,129.2237,11.1111,curve_0,LaneKeeping,0.003,0.0562,11.1111,0.0,,
14.84,pid_40,lka_test,86.3709,129.3073,11.1111,curve_0,LaneKeeping,0.0029,0.0374,11.1111,0.0,,
14.86,pid_40,lka_test,86.5768,129.3909,11.1111,curve_0,LaneKeeping,0.0028,0.0253,11.1111,0.0,,
14.88,pid_40,lka_test,86.7827,129.4744,11.1111,curve_0,LaneKeeping,0.0027,0.0176,11.1111,0.0,,
14.9,pid_40,lka_test,86.9886,129.558,11.1111,curve_0,LaneKeeping,0.0027,0.0127,11.1111,0.0,,
14.92,pid_40,lka_test,87.1946,129.6415,11.1111,curve_0,LaneKeeping,0.0026,0.0096,11.1111,0.0,,
14.94,pid_40,lka_test,87.4005,129.725,11.1111,curve_0,LaneKeeping,0.0026,0.0076,11.1111,0.0,,
14.96,pid_40,lka_test,87.6064,129.8085,11.1111,curve_0,LaneKeeping,0.0539,1.6433,11.1111,0.0,,
14.98,pid_40,lka_test,87.8074,129.9034,11.1111,curve_0,LaneKeeping,0.035,4.8695,11.1111,0.0,,
15.0,pid_40,lka_test,88.0112,129.9918,11.1111,curve_0,LaneKeeping,0.0233,3.0238,11.1111,0.0,,
15.02,pid_40,lka_test,88.2168,130.0763,11.1111,curve_0,LaneKeeping,0.0159,1.9114,11.1111,0.0,,
15.04,pid_40,lka_test,88.4233,130.1583,11.1111,curve_0,LaneKeeping,0.0112,1.2164,11.1111,0.0,,
15.06,pid_40,lka_test,88.6305,130.2386,11.1111,curve_0,LaneKeeping,0.0082,0.7765,11.1111,0.0,,
15.08,pid_40,lka_test,88.8381,130.318,11.1111,curve_0,LaneKeeping,0.0062,0.4968,11.1111,0.0,,
15.1,pid_40,lka_test,89.0459,130.3967,11.1111,curve_0,LaneKeeping,0.005,0.3185,11.1111,0.0,,
15.12,pid_40,lka_test,89.2539,130.475,11.1111,curve_0,LaneKeeping,0.0042,0.2048,11.1111,0.0,,
15.14,pid_40,lka_test,89.4619,130.5531,11.1111,curve_0,LaneKeeping,0.0037,0.1322,11.1111,0.0,,
15.16,pid_40,lka_test,89.6701,130.6309,11.1111,curve_0,LaneKeeping,0.0033,0.086,11.1111,0.0,,
15.18,pid_40,lka_test,89.8782,130.7087,11.1111,curve_0,LaneKeeping,0.0031,0.0564,11.1111,0.0,,
15.2,pid_40,lka_test,90.0864,130.7864,11.1111,curve_0,LaneKeeping,0.003,0.0375,11.1111,0.0,,
15.22,pid_40,lka_test,90.2946,130.864,11.1111,curve_0,LaneKeeping,0.0029,0.0255,11.1111,0.0,,
15.24,pid_40,lka_test,90.5029,130.9416,11.1111,curve_0,LaneKeeping,0.0028,0.0178,11.1111,0.0,,
15.26,pid_40,lka_test,90.7111,131.0193,11.1111,curve_0,LaneKeeping,0.0028,0.0129,11.1111,0.0,,
15.28,pid_40,lka_test,90.9193,131.0968,11.1111,curve_0,LaneKeeping,0.0027,0.0097,11.1111,0.0,,
15.3,pid_40,lka_test,91.1276,131.1744,11.1111,curve_0,LaneKeeping,0.0027,0.0077,11.1111,0.0,,
15.32,pid_40,lka_test,91.3358,131.252,11.1111,curve_0,LaneKeeping,0.054,1.6434,11.1111,0.0,,
15.34,pid_40,lka_test,91.5394,131.3412,11.1111,curve_0,LaneKeeping,0.0351,4.8696,11.1111,0.0,,
15.36,pid_40,lka_test,91.7457,131.4238,11.1111,curve_0,LaneKeeping,0.0234,3.0239,11.1111,0.0,,
15.38,pid_40,lka_test,91.9535,131.5023,11.1111,curve_0,LaneKeeping,0.016,1.9116,11.1111,0.0,,
15.4,pid_40,lka_test,92.1624,131.5783,11.1111,curve_0,LaneKeeping,0.0113,1.2165,11.1111,0.0,,
15.42,pid_40,lka_test,92.3717,131.6528,11.1111,curve_0,LaneKeeping,0.0083,0.7767,11.1111,0.0,,
15.44,pid_40,lka_test,92.5815,131.7262,11.1111,curve_0,LaneKeeping,0.0063,0.4969,11.1111,0.0,,
15.46,pid_40,lka_test,92.7915,131.7989,11.1111,curve_0,LaneKeeping,0.0051,0.3186,11.1111,0.0,,
15.48,pid_40,lka_test,93.0016,131.8712,11.1111,curve_0,LaneKeeping,0.0043,0.205,11.1111,0.0,,
15.5,pid_40,lka_test,93.2118,131.9433,11.1111,curve_0,LaneKeeping,0.0038,0.1324,11.1111,0.0,,
15.52,pid_40,lka_test,93.4221,132.0152,11.1111,curve_0,LaneKeeping,0.0035,0.0861,11.1111,0.0,,
15.54,pid_40,lka_test,93.6324,132.087,11.1111,curve_0,LaneKeeping,0.0032,0.0566,11.1111,0.0,,
15.56,pid_40,lka_test,93.8427,132.1587,11.1111,curve_0,LaneKeeping,0.0031,0.0377,11.1111,0.0,,
15.58,pid_40,lka_test,94.0531,132.2304,11.1111,curve_0,LaneKeeping,0.003,0.0257,11.1111,0.0,,
15.6,pid_40,lka_test,94.2634,132.302,11.1111,curve_0,LaneKeeping,0.0029,0.018,11.1111,0.0,,
15.62,pid_40,lka_test,94.4738,132.3736,11.1111,curve_0,LaneKeeping,0.0029,0.013,11.1111,0.0,,
15.64,pid_40,lka_test,94.6842,132.4452,11.1111,curve_0,LaneKeeping,0.0028,0.0099,11.1111,0.0,,
15.66,pid_40,lka_test,94.8945,132.5168,11.1111,curve_0,LaneKeeping,0.0028,0.0079,11.1111,0.0,,
15.68,pid_40,lka_test,95.1049,132.5884,11.1111,curve_0,LaneKeeping,0.0541,1.6436,11.1111,0.0,,
15.7,pid_40,lka_test,95.3109,132.6718,11.1111,curve_0,LaneKeeping,0.0352,4.8698,11.1111,0.0,,
15.72,pid_40,lka_test,95.5195,132.7484,11.1111,curve_0,LaneKeeping,0.0235,3.0241,11.1111,0.0,,
15.74,pid_40,lka_test,95.7295,132.821,11.1111,curve_0,LaneKeeping,0.0161,1.9117,11.1111,0.0,,
15.76,pid_40,lka_test,95.9404,132.891,11.1111,curve_0,LaneKeeping,0.0114,1.2167,11.1111,0.0,,
15.78,pid_40,lka_test,96.1519,132.9594,11.1111,curve_0,LaneKeeping,0.0084,0.7768,11.1111,0.0,,
15.8,pid_40,lka_test,96.3636,133.0268,11.1111,curve_0,LaneKeeping,0.0064,0.4971,11.1111,0.0,,
15.82,pid_40,lka_test,96.5756,133.0935,11.1111,curve_0,LaneKeeping,0.0052,0.3188,11.1111,0.0,,
15.84,pid_40,lka_test,96.7877,133.1598,11.1111,curve_0,LaneKeeping,0.0044,0.2051,11.1111,0.0,,
15.86,pid_40,lka_test,96.9999,133.2259,11.1111,curve_0,LaneKeeping,0.0039,0.1326,11.1111,0.0,,
15.88,pid_40,lka_test,97.2121,133.2917,11.1111,curve_0,LaneKeeping,0.0036,0.0863,11.1111,0.0,,
15.9,pid_40,lka_test,97.4244,133.3575,11.1111,curve_0,LaneKeeping,0.0033,0.0567,11.1111,0.0,,
15.92,pid_40,lka_test,97.6367,133.4231,11.1111,curve_0,LaneKeeping,0.0032,0.0379,11.1111,0.0,,
15.94,pid_40,lka_test,97.849,133.4888,11.1111,curve_0,LaneKeeping,0.0031,0.0258,11.1111,0.0,,
15.96,pid_40,lka_test,98.0613,133.5544,11.1111,curve_0,LaneKeeping,0.003,0.0181,11.1111,0.0,,
15.98,pid_40,lka_test,98.2736,133.62,11.1111,curve_0,LaneKeeping,0.003,0.0132,11.1111,0.0,,
16.0,pid_40,lka_test,98.486,133.6855,11.1111,curve_0,LaneKeeping,0.0029,0.0101,11.1111,0.0,,
16.02,pid_40,lka_test,98.6983,133.7511,11.1111,curve_0,LaneKeeping,0.0029,0.008,11.1111,0.0,,
16.04,pid_40,lka_test,98.9106,133.8167,11.1111,curve_0,LaneKeeping,0.0542,1.6438,11.1111,0.0,,
16.06,pid_40,lka_test,99.1189,133.8941,11.1111,curve_0,LaneKeeping,0.0353,4.8699,11.1111,0.0,,
16.08,pid_40,lka_test,99.3296,133.9647,11.1111,curve_0,LaneKeeping,0.0236,3.0242,11.1111,0.0,,
16.1,pid_40,lka_test,99.5416,134.0313,11.1111,curve_0,LaneKeeping,0.0162,1.9119,11.1111,0.0,,
16.12,pid_40,lka_test,99.7545,134.0953,11.1111,curve_0,LaneKeeping,0.0115,1.2169,11.1111,0.0,,
16.14,pid_40,lka_test,99.9677,134.1576,11.1111,curve_0,LaneKeeping,0.0085,0.777,11.1111,0.0,,
16.16,pid_40,lka_test,100.1813,134.2189,11.1111,curve_0,LaneKeeping,0.0065,0.4973,11.1111,0.0,,
16.18,pid_40,lka_test,100.3951,134.2795,11.1111,curve_0,LaneKeeping,0.0053,0.319,11.1111,0.0,,
16.2,pid_40,lka_test,100.609,134.3398,11.1111,curve_0,LaneKeeping,0.0045,0.2053,11.1111,0.0,,
16.22,pid_40,lka_test,100.823,134.3997,11.1111,curve_0,LaneKeeping,0.004,0.1327,11.1111,0.0,,
16.24,pid_40,lka_test,101.0371,134.4595,11.1111,curve_0,LaneKeeping,0.0037,0.0864,11.1111,0.0,,
16.26,pid_40,lka_test,101.2511,134.5191,11.1111,curve_0,LaneKeeping,0.0034,0.0569,11.1111,0.0,,
16.28,pid_40,lka_test,101.4652,134.5787,11.1111,curve_0,LaneKeeping,0.0033,0.038,11.1111,0.0,,
16.3,pid_40,lka_test,101.6793,134.6382,11.1111,curve_0,LaneKeeping,0.0032,0.026,11.1111,0.0,,
16.32,pid_40,lka_test,101.8934,134.6978,11.1111,curve_0,LaneKeeping,0.0031,0.0183,11.1111,0.0,,
16.34,pid_40,lka_test,102.1075,134.7572,11.1111,curve_0,LaneKeeping,0.0031,0.0134,11.1111,0.0,,
16.36,pid_40,lka_test,102.3216,134.8167,11.1111,curve_0,LaneKeeping,0.003,0.0102,11.1111,0.0,,
16.38,pid_40,lka_test,102.5358,134.8762,11.1111,curve_0,LaneKeeping,0.003,0.0082,11.1111,0.0,,
16.4,pid_40,lka_test,102.7499,134.9357,11.1111,curve_0,LaneKeeping,0.0543,1.6439,11.1111,0.0,,
16.42,pid_40,lka_test,102.9603,135.0071,11.1111,curve_0,LaneKeeping,0.0355,4.8701,11.1111,0.0,,
16.44,pid_40,lka_test,103.1729,135.0717,11.1111,curve_0,LaneKeeping,0.0237,3.0244,11.1111,0.0,,
16.46,pid_40,lka_test,103.3868,135.1322,11.1111,curve_0,LaneKeeping,0.0163,1.9121,11.1111,0.0,,
16.48,pid_40,lka_test,103.6013,135.1901,11.1111,curve_0,LaneKeeping,0.0116,1.217,11.1111,0.0,,
16.5,pid_40,lka_test,103.8163,135.2463,11.1111,curve_0,LaneKeeping,0.0086,0.7772,11.1111,0.0,,
16.52,pid_40,lka_test,104.0316,135.3015,11.1111,curve_0,LaneKeeping,0.0067,0.4974,11.1111,0.0,,
16.54,pid_40,lka_test,104.247,135.356,11.1111,curve_0,LaneKeeping,0.0054,0.3191,11.1111,0.0,,
16.56,pid_40,lka_test,104.4626,135.41,11.1111,curve_0,LaneKeeping,0.0046,0.2054,11.1111,0.0,,
16.58,pid_40,lka_test,104.6782,135.4638,11.1111,curve_0,LaneKeeping,0.0041,0.1329,11.1111,0.0,,
16.6,pid_40,lka_test,104.8938,135.5175,11.1111,curve_0,LaneKeeping,0.0038,0.0866,11.1111,0.0,,
16.62,pid_40,lka_test,105.1095,135.571,11.1111,curve_0,LaneKeeping,0.0035,0.0571,11.1111,0.0,,
16.64,pid_40,lka_test,105.3252,135.6244,11.1111,curve_0,LaneKeeping,0.0034,0.0382,11.1111,0.0,,
16.66,pid_40,lka_test,105.5409,135.6778,11.1111,curve_0,LaneKeeping,0.0033,0.0261,11.1111,0.0,,
16.68,pid_40,lka_test,105.7566,135.7312,11.1111,curve_0,LaneKeeping,0.0032,0.0184,11.1111,0.0,,
16.7,pid_40,lka_test,105.9723,135.7846,11.1111,curve_0,LaneKeeping,0.0032,0.0135,11.1111,0.0,,
16.72,pid_40,lka_test,106.1881,135.8379,11.1111,curve_0,LaneKeeping,0.0031,0.0104,11.1111,0.0,,
16.74,pid_40,lka_test,106.4038,135.8912,11.1111,curve_0,LaneKeeping,0.0031,0.0084,11.1111,0.0,,
16.76,pid_40,lka_test,106.6195,135.9446,11.1111,curve_0,LaneKeeping,0.0544,1.6441,11.1111,0.0,,
16.78,pid_40,lka_test,106.8319,136.01,11.1111,curve_0,LaneKeeping,0.0356,4.8703,11.1111,0.0,,
16.8,pid_40,lka_test,107.0463,136.0685,11.1111,curve_0,LaneKeeping,0.0238,3.0246,11.1111,0.0,,
16.82,pid_40,lka_test,107.2618,136.1228,11.1111,curve_0,LaneKeeping,0.0164,1.9122,11.1111,0.0,,
16.84,pid_40,lka_test,107.4779,136.1745,11.1111,curve_0,LaneKeeping,0.0117,1.2172,11.1111,0.0,,
16.86,pid_40,lka_test,107.6944,136.2246,11.1111,curve_0,LaneKeeping,0.0087,0.7773,11.1111,0.0,,
16.88,pid_40,lka_test,107.9112,136.2736,11.1111,curve_0,LaneKeeping,0.0068,0.4976,11.1111,0.0,,
16.9,pid_40,lka_test,108.1281,136.3219,11.1111,curve_0,LaneKeeping,0.0055,0.3193,11.1111,0.0,,
16.92,pid_40,lka_test,108.3451,136.3698,11.1111,curve_0,LaneKeeping,0.0047,0.2056,11.1111,0.0,,
16.94,pid_40,lka_test,108.5621,136.4174,11.1111,curve_0,LaneKeeping,0.0042,0.1331,11.1111,0.0,,
16.96,pid_40,lka_test,108.7792,136.4649,11.1111,curve_0,LaneKeeping,0.0039,0.0868,11.1111,0.0,,
16.98,pid_40,lka_test,108.9963,136.5122,11.1111,curve_0,LaneKeeping,0.0036,0.0572,11.1111,0.0,,
17.0,pid_40,lka_test,109.2135,136.5595,11.1111,curve_0,LaneKeeping,0.0035,0.0384,11.1111,0.0,,
0.0,pid_60,lka_test,0.0,0.0,16.6667,curve_0,LaneKeeping,0.0,0.8185,16.6667,0.0,,
0.02,pid_60,lka_test,0.0,0.3333,16.6667,curve_0,LaneKeeping,-0.0048,0.8185,16.6667,0.0,,
0.04,pid_60,lka_test,0.004,0.6666,16.6667,curve_0,LaneKeeping,-0.0056,0.1387,16.6667,0.0,,
0.06,pid_60,lka_test,0.0086,0.9999,16.6667,curve_0,LaneKeeping,-0.0057,0.0198,16.6667,0.0,,
0.08,pid_60,lka_test,0.0134,1.3332,16.6667,curve_0,LaneKeeping,-0.0057,-0.0013,16.6667,0.0,,
0.1,pid_60,lka_test,0.0182,1.6665,16.6667,curve_0,LaneKeeping,-0.0056,-0.0051,16.6667,0.0,,
0.12,pid_60,lka_test,0.023,1.9998,16.6667,curve_0,LaneKeeping,0.0515,1.6313,16.6667,0.0,,
0.14,pid_60,lka_test,-0.0004,2.3324,16.6667,curve_0,LaneKeeping,0.014,6.4706,16.6667,0.0,,
0.16,pid_60,lka_test,0.0044,2.6657,16.6667,curve_0,LaneKeeping,0.0045,1.6313,16.6667,0.0,,
0.18,pid_60,lka_test,0.0171,2.9987,16.6667,curve_0,LaneKeeping,0.0029,0.2764,16.6667,0.0,,
0.2,pid_60,lka_test,0.0311,3.3318,16.6667,curve_0,LaneKeeping,0.0026,0.0513,16.6667,0.0,,
0.22,pid_60,lka_test,0.0453,3.6648,16.6667,curve_0,LaneKeeping,0.0025,0.0112,16.6667,0.0,,
0.24,pid_60,lka_test,0.0595,3.9978,16.6667,curve_0,LaneKeeping,0.0025,0.0041,16.6667,0.0,,
0.26,pid_60,lka_test,0.0738,4.3309,16.6667,curve_0,LaneKeeping,0.0025,0.0028,16.6667,0.0,,
0.28,pid_60,lka_test,0.0881,4.6639,16.6667,curve_0,LaneKeeping,0.0024,0.0026,16.6667,0.0,,
0.3,pid_60,lka_test,0.1023,4.9969,16.6667,curve_0,LaneKeeping,0.0024,0.0025,16.6667,0.0,,
0.32,pid_60,lka_test,0.1166,5.33,16.6667,curve_0,LaneKeeping,0.0024,0.0025,16.6667,0.0,,
0.34,pid_60,lka_test,0.1309,5.663,16.6667,curve_0,LaneKeeping,0.0024,0.0025,16.6667,0.0,,
0.36,pid_60,lka_test,0.1451,5.996,16.6667,curve_0,LaneKeeping,0.0024,0.0025,16.6667,0.0,,
0.38,pid_60,lka_test,0.1594,6.329,16.6667,curve_0,LaneKeeping,0.05,1.6395,16.6667,0.0,,
0.4,pid_60,lka_test,0.1455,6.6621,16.6667,curve_0,LaneKeeping,0.0124,6.4788,16.6667,0.0,,
0.42,pid_60,lka_test,0.1598,6.9951,16.6667,curve_0,LaneKeeping,0.0029,1.6395,16.6667,0.0,,
0.44,pid_60,lka_test,0.182,7.3277,16.6667,curve_0,LaneKeeping,0.0013,0.2762,16.6667,0.0,,
0.46,pid_60,lka_test,0.2055,7.6602,16.6667,curve_0,LaneKeeping,0.001,0.0499,16.6667,0.0,,
0.48,pid_60,lka_test,0.2292,7.9927,16.6667,curve_0,LaneKeeping,0.0009,0.0096,16.6667,0.0,,
0.5,pid_60,lka_test,0.253,8.3252,16.6667,curve_0,LaneKeeping,0.0009,0.0025,16.6667,0.0,,
0.52,pid_60,lka_test,0.2768,8.6577,16.6667,curve_0,LaneKeeping,0.0009,0.0012,16.6667,0.0,,
0.54,pid_60,lka_test,0.3006,8.9902,16.6667,curve_0,LaneKeeping,0.0009,0.001,16.6667,0.0,,
0.56,pid_60,lka_test,0.3243,9.3226,16.6667,curve_0,LaneKeeping,0.0009,0.0009,16.6667,0.0,,
0.58,pid_60,lka_test,0.3481,9.6551,16.6667,curve_0,LaneKeeping,0.0009,0.0009,16.6667,0.0,,
0.6,pid_60,lka_test,0.3719,9.9876,16.6667,curve_0,LaneKeeping,0.0009,0.0009,16.6667,0.0,,
0.62,pid_60,lka_test,0.3957,10.3201,16.6667,curve_0,LaneKeeping,0.0486,1.6379,16.6667,0.0,,
0.64,pid_60,lka_test,0.3913,10.6534,16.6667,curve_0,LaneKeeping,0.011,6.4772,16.6667,0.0,,
0.66,pid_60,lka_test,0.4151,10.9859,16.6667,curve_0,LaneKeeping,0.0014,1.6379,16.6667,0.0,,
0.68,pid_60,lka_test,0.4468,11.3177,16.6667,curve_0,LaneKeeping,-0.0002,0.2747,16.6667,0.0,,
0.7,pid_60,lka_test,0.4798,11.6494,16.6667,curve_0,LaneKeeping,-0.0005,0.0484,16.6667,0.0,,
0.72,pid_60,lka_test,0.513,11.9811,16.6667,curve_0,LaneKeeping,-0.0005,0.0082,16.6667,0.0,,
0.74,pid_60,lka_test,0.5463,12.3127,16.6667,curve_0,LaneKeeping,-0.0005,0.001,16.6667,0.0,,
0.76,pid_60,lka_test,0.5796,12.6444,16.6667,curve_0,LaneKeeping,-0.0005,-0.0002,16.6667,0.0,,
0.78,pid_60,lka_test,0.6129,12.9761,16.6667,curve_0,LaneKeeping,-0.0005,-0.0005,16.6667,0.0,,
0.8,pid_60,lka_test,0.6462,13.3077,16.6667,curve_0,LaneKeeping,-0.0005,-0.0005,16.6667,0.0,,
0.82,pid_60,lka_test,0.6794,13.6394,16.6667,curve_0,LaneKeeping,-0.0005,-0.0005,16.6667,0.0,,
0.84,pid_60,lka_test,0.7127,13.9711,16.6667,curve_0,LaneKeeping,-0.0005,-0.0005,16.6667,0.0,,
0.86,pid_60,lka_test,0.746,14.3027,16.6667,curve_0,LaneKeeping,0.0472,1.6365,16.6667,0.0,,
0.88,pid_60,lka_test,0.7512,14.636,16.6667,curve_0,LaneKeeping,0.0096,6.4758,16.6667,0.0,,
0.9,pid_60,lka_test,0.7845,14.9677,16.6667,curve_0,LaneKeeping,0.0001,1.6365,16.6667,0.0,,
0.92,pid_60,lka_test,0.8256,15.2985,16.6667,curve_0,LaneKeeping,-0.0015,0.2734,16.6667,0.0,,
0.94,pid_60,lka_test,0.8681,15.6291,16.6667,curve_0,LaneKeeping,-0.0017,0.0471,16.6667,0.0,,
0.96,pid_60,lka_test,0.9108,15.9597,16.6667,curve_0,LaneKeeping,-0.0018,0.0069,16.6667,0.0,,
0.98,pid_60,lka_test,0.9535,16.2903,16.6667,curve_0,LaneKeeping,-0.0018,-0.0003,16.6667,0.0,,
1.0,pid_60,lka_test,0.9963,16.6209,16.6667,curve_0,LaneKeeping,-0.0018,-0.0016,16.6667,0.0,,
1.02,pid_60,lka_test,1.039,16.9514,16.6667,curve_0,LaneKeeping,-0.0018,-0.0018,16.6667,0.0,,
1.04,pid_60,lka_test,1.0818,17.282,16.6667,curve_0,LaneKeeping,-0.0017,-0.0018,16.6667,0.0,,
1.06,pid_60,lka_test,1.1245,17.6126,16.6667,curve_0,LaneKeeping,-0.0017,-0.0018,16.6667,0.0,,
1.08,pid_60,lka_test,1.1673,17.9432,16.6667,curve_0,LaneKeeping,-0.0017,-0.0018,16.6667,0.0,,
1.1,pid_60,lka_test,1.21,18.2738,16.6667,curve_0,LaneKeeping,0.0461,1.6352,16.6667,0.0,,
1.12,pid_60,lka_test,1.2247,18.6068,16.6667,curve_0,LaneKeeping,0.0085,6.4745,16.6667,0.0,,
1.14,pid_60,lka_test,1.2675,18.9373,16.6667,curve_0,LaneKeeping,-0.001,1.6352,16.6667,0.0,,
1.16,pid_60,lka_test,1.3181,19.2668,16.6667,curve_0,LaneKeeping,-0.0026,0.2722,16.6667,0.0,,
1.18,pid_60,lka_test,1.37,19.5961,16.6667,curve_0,LaneKeeping,-0.0029,0.0459,16.6667,0.0,,
1.2,pid_60,lka_test,1.4221,19.9253,16.6667,curve_0,LaneKeeping,-0.0029,0.0057,16.6667,0.0,,
1.22,pid_60,lka_test,1.4743,20.2545,16.6667,curve_0,LaneKeeping,-0.0029,-0.0015,16.6667,0.0,,
1.24,pid_60,lka_test,1.5265,20.5838,16.6667,curve_0,LaneKeeping,-0.0029,-0.0027,16.6667,0.0,,
1.26,pid_60,lka_test,1.5787,20.913,16.6667,curve_0,LaneKeeping,-0.0029,-0.0029,16.6667,0.0,,
1.28,pid_60,lka_test,1.6308,21.2422,16.6667,curve_0,LaneKeeping,-0.0029,-0.003,16.6667,0.0,,
1.3,pid_60,lka_test,1.683,21.5714,16.6667,curve_0,LaneKeeping,-0.0028,-0.003,16.6667,0.0,,
1.32,pid_60,lka_test,1.7352,21.9007,16.6667,curve_0,LaneKeeping,-0.0028,-0.0029,16.6667,0.0,,
1.34,pid_60,lka_test,1.7874,22.2299,16.6667,curve_0,LaneKeeping,0.045,1.6341,16.6667,0.0,,
1.36,pid_60,lka_test,1.8116,22.5623,16.6667,curve_0,LaneKeeping,0.0074,6.4734,16.6667,0.0,,
1.38,pid_60,lka_test,1.8638,22.8916,16.6667,curve_0,LaneKeeping,-0.0021,1.6341,16.6667,0.0,,
1.4,pid_60,lka_test,1.9238,23.2194,16.6667,curve_0,LaneKeeping,-0.0037,0.2711,16.6667,0.0,,
1.42,pid_60,lka_test,1.9851,23.5471,16.6667,curve_0,LaneKeeping,-0.0039,0.0448,16.6667,0.0,,
1.44,pid_60,lka_test,2.0466,23.8747,16.6667,curve_0,LaneKeeping,-0.0039,0.0046,16.6667,0.0,,
1.46,pid_60,lka_test,2.1082,24.2023,16.6667,curve_0,LaneKeeping,-0.0039,-0.0025,16.6667,0.0,,
1.48,pid_60,lka_test,2.1697,24.5299,16.6667,curve_0,LaneKeeping,-0.0039,-0.0038,16.6667,0.0,,
1.5,pid_60,lka_test,2.2313,24.8575,16.6667,curve_0,LaneKeeping,-0.0039,-0.004,16.6667,0.0,,
1.52,pid_60,lka_test,2.2929,25.1851,16.6667,curve_0,LaneKeeping,-0.0039,-0.004,16.6667,0.0,,
1.54,pid_60,lka_test,2.3545,25.5127,16.6667,curve_0,LaneKeeping,-0.0038,-0.004,16.6667,0.0,,
1.56,pid_60,lka_test,2.416,25.8403,16.6667,curve_0,LaneKeeping,-0.0038,-0.004,16.6667,0.0,,
1.58,pid_60,lka_test,2.4776,26.1679,16.6667,curve_0,LaneKeeping,0.0441,1.6331,16.6667,0.0,,
1.6,pid_60,lka_test,2.5113,26.4995,16.6667,curve_0,LaneKeeping,0.0065,6.4724,16.6667,0.0,,
1.62,pid_60,lka_test,2.5729,26.8271,16.6667,curve_0,LaneKeeping,-0.003,1.6331,16.6667,0.0,,
1.64,pid_60,lka_test,2.6422,27.1531,16.6667,curve_0,LaneKeeping,-0.0046,0.2701,16.6667,0.0,,
1.66,pid_60,lka_test,2.7129,27.4789,16.6667,curve_0,LaneKeeping,-0.0048,0.0438,16.6667,0.0,,
1.68,pid_60,lka_test,2.7837,27.8046,16.6667,curve_0,LaneKeeping,-0.0049,0.0037,16.6667,0.0,,
1.7,pid_60,lka_test,2.8546,28.1303,16.6667,curve_0,LaneKeeping,-0.0048,-0.0035,16.6667,0.0,,
1.72,pid_60,lka_test,2.9256,28.456,16.6667,curve_0,LaneKeeping,-0.0048,-0.0047,16.6667,0.0,,
1.74,pid_60,lka_test,2.9965,28.7817,16.6667,curve_0,LaneKeeping,-0.0048,-0.0049,16.6667,0.0,,
1.76,pid_60,lka_test,3.0674,29.1074,16.6667,curve_0,LaneKeeping,-0.0047,-0.0049,16.6667,0.0,,
1.78,pid_60,lka_test,3.1383,29.4331,16.6667,curve_0,LaneKeeping,-0.0047,-0.0049,16.6667,0.0,,
1.8,pid_60,lka_test,3.2092,29.7588,16.6667,curve_0,LaneKeeping,-0.0047,-0.0049,16.6667,0.0,,
1.82,pid_60,lka_test,3.2801,30.0845,16.6667,curve_0,LaneKeeping,0.0432,1.6322,16.6667,0.0,,
1.84,pid_60,lka_test,3.3233,30.4151,16.6667,curve_0,LaneKeeping,0.0057,6.4715,16.6667,0.0,,
1.86,pid_60,lka_test,3.3942,30.7408,16.6667,curve_0,LaneKeeping,-0.0038,1.6322,16.6667,0.0,,
1.88,pid_60,lka_test,3.4728,31.0647,16.6667,curve_0,LaneKeeping,-0.0054,0.2693,16.6667,0.0,,
1.9,pid_60,lka_test,3.5528,31.3883,16.6667,curve_0,LaneKeeping,-0.0056,0.043,16.6667,0.0,,
1.92,pid_60,lka_test,3.6329,31.7119,16.6667,curve_0,LaneKeeping,-0.0057,0.0028,16.6667,0.0,,
1.94,pid_60,lka_test,3.7131,32.0354,16.6667,curve_0,LaneKeeping,-0.0056,-0.0043,16.6667,0.0,,
1.96,pid_60,lka_test,3.7933,32.359,16.6667,curve_0,LaneKeeping,-0.0056,-0.0055,16.6667,0.0,,
1.98,pid_60,lka_test,3.8735,32.6825,16.6667,curve_0,LaneKeeping,-0.0056,-0.0057,16.6667,0.0,,
2.0,pid_60,lka_test,3.9537,33.006,16.6667,curve_0,LaneKeeping,-0.0055,-0.0057,16.6667,0.0,,
2.02,pid_60,lka_test,4.0338,33.3296,16.6667,curve_0,LaneKeeping,-0.0055,-0.0057,16.6667,0.0,,
2.04,pid_60,lka_test,4.114,33.6531,16.6667,curve_0,LaneKeeping,-0.0055,-0.0057,16.6667,0.0,,
2.06,pid_60,lka_test,4.1942,33.9767,16.6667,curve_0,LaneKeeping,0.0425,1.6314,16.6667,0.0,,
2.08,pid_60,lka_test,4.2468,34.3058,16.6667,curve_0,LaneKeeping,0.005,6.4707,16.6667,0.0,,
2.1,pid_60,lka_test,4.327,34.6294,16.6667,curve_0,LaneKeeping,-0.0045,1.6314,16.6667,0.0,,
2.12,pid_60,lka_test,4.4149,34.9509,16.6667,curve_0,LaneKeeping,-0.0061,0.2685,16.6667,0.0,,
2.14,pid_60,lka_test,4.504,35.2721,16.6667,curve_0,LaneKeeping,-0.0063,0.0423,16.6667,0.0,,
2.16,pid_60,lka_test,4.5934,35.5932,16.6667,curve_0,LaneKeeping,-0.0064,0.0021,16.6667,0.0,,
2.18,pid_60,lka_test,4.6828,35.9144,16.6667,curve_0,LaneKeeping,-0.0063,-0.005,16.6667,0.0,,
2.2,pid_60,lka_test,4.7722,36.2355,16.6667,curve_0,LaneKeeping,-0.0063,-0.0063,16.6667,0.0,,
2.22,pid_60,lka_test,4.8616,36.5566,16.6667,curve_0,LaneKeeping,-0.0062,-0.0064,16.6667,0.0,,
2.24,pid_60,lka_test,4.951,36.8777,16.6667,curve_0,LaneKeeping,-0.0062,-0.0064,16.6667,0.0,,
2.26,pid_60,lka_test,5.0404,37.1988,16.6667,curve_0,LaneKeeping,-0.0062,-0.0064,16.6667,0.0,,
2.28,pid_60,lka_test,5.1298,37.52,16.6667,curve_0,LaneKeeping,-0.0061,-0.0064,16.6667,0.0,,
2.3,pid_60,lka_test,5.2192,37.8411,16.6667,curve_0,LaneKeeping,0.0419,1.6307,16.6667,0.0,,
2.32,pid_60,lka_test,5.2812,38.1686,16.6667,curve_0,LaneKeeping,0.0043,6.47,16.6667,0.0,,
2.34,pid_60,lka_test,5.3706,38.4897,16.6667,curve_0,LaneKeeping,-0.0051,1.6307,16.6667,0.0,,
2.36,pid_60,lka_test,5.4676,38.8086,16.6667,curve_0,LaneKeeping,-0.0067,0.2679,16.6667,0.0,,
2.38,pid_60,lka_test,5.5659,39.1271,16.6667,curve_0,LaneKeeping,-0.0069,0.0416,16.6667,0.0,,
2.4,pid_60,lka_test,5.6644,39.4456,16.6667,curve_0,LaneKeeping,-0.007,0.0015,16.6667,0.0,,
2.42,pid_60,lka_test,5.7629,39.764,16.6667,curve_0,LaneKeeping,-0.0069,-0.0056,16.6667,0.0,,
2.44,pid_60,lka_test,5.8615,40.0825,16.6667,curve_0,LaneKeeping,-0.0069,-0.0069,16.6667,0.0,,
2.46,pid_60,lka_test,5.96,40.4009,16.6667,curve_0,LaneKeeping,-0.0068,-0.0071,16.6667,0.0,,
2.48,pid_60,lka_test,6.0586,40.7193,16.6667,curve_0,LaneKeeping,-0.0068,-0.0071,16.6667,0.0,,
2.5,pid_60,lka_test,6.1571,41.0378,16.6667,curve_0,LaneKeeping,-0.0068,-0.007,16.6667,0.0,,
2.52,pid_60,lka_test,6.2557,41.3562,16.6667,curve_0,LaneKeeping,-0.0067,-0.007,16.6667,0.0,,
2.54,pid_60,lka_test,6.3542,41.6746,16.6667,curve_0,LaneKeeping,0.0414,1.6301,16.6667,0.0,,
2.56,pid_60,lka_test,6.4255,42.0002,16.6667,curve_0,LaneKeeping,0.0038,6.4694,16.6667,0.0,,
2.58,pid_60,lka_test,6.5241,42.3187,16.6667,curve_0,LaneKeeping,-0.0057,1.6301,16.6667,0.0,,
2.6,pid_60,lka_test,6.6302,42.6347,16.6667,curve_0,LaneKeeping,-0.0072,0.2673,16.6667,0.0,,
2.62,pid_60,lka_test,6.7375,42.9503,16.6667,curve_0,LaneKeeping,-0.0075,0.0411,16.6667,0.0,,
2.64,pid_60,lka_test,6.8451,43.2658,16.6667,curve_0,LaneKeeping,-0.0075,0.0009,16.6667,0.0,,
2.66,pid_60,lka_test,6.9527,43.5812,16.6667,curve_0,LaneKeeping,-0.0074,-0.0062,16.6667,0.0,,
2.68,pid_60,lka_test,7.0603,43.8967,16.6667,curve_0,LaneKeeping,-0.0074,-0.0074,16.6667,0.0,,
2.7,pid_60,lka_test,7.1679,44.2122,16.6667,curve_0,LaneKeeping,-0.0074,-0.0076,16.6667,0.0,,
2.72,pid_60,lka_test,7.2755,44.5277,16.6667,curve_0,LaneKeeping,-0.0073,-0.0076,16.6667,0.0,,
2.74,pid_60,lka_test,7.3831,44.8432,16.6667,curve_0,LaneKeeping,-0.0073,-0.0075,16.6667,0.0,,
2.76,pid_60,lka_test,7.4907,45.1587,16.6667,curve_0,LaneKeeping,-0.0072,-0.0075,16.6667,0.0,,
2.78,pid_60,lka_test,7.5983,45.4742,16.6667,curve_0,LaneKeeping,0.0409,1.6296,16.6667,0.0,,
2.8,pid_60,lka_test,7.6789,45.7976,16.6667,curve_0,LaneKeeping,0.0034,6.4688,16.6667,0.0,,
2.82,pid_60,lka_test,7.7865,46.1131,16.6667,curve_0,LaneKeeping,-0.0061,1.6296,16.6667,0.0,,
2.84,pid_60,lka_test,7.9016,46.4259,16.6667,curve_0,LaneKeeping,-0.0077,0.2669,16.6667,0.0,,
2.86,pid_60,lka_test,8.0179,46.7383,16.6667,curve_0,LaneKeeping,-0.0079,0.0406,16.6667,0.0,,
2.88,pid_60,lka_test,8.1344,47.0506,16.6667,curve_0,LaneKeeping,-0.0079,0.0005,16.6667,0.0,,
2.9,pid_60,lka_test,8.251,47.3629,16.6667,curve_0,LaneKeeping,-0.0079,-0.0066,16.6667,0.0,,
2.92,pid_60,lka_test,8.3676,47.6752,16.6667,curve_0,LaneKeeping,-0.0078,-0.0079,16.6667,0.0,,
2.94,pid_60,lka_test,8.4842,47.9875,16.6667,curve_0,LaneKeeping,-0.0078,-0.008,16.6667,0.0,,
2.96,pid_60,lka_test,8.6007,48.2998,16.6667,curve_0,LaneKeeping,-0.0077,-0.008,16.6667,0.0,,
2.98,pid_60,lka_test,8.7173,48.612,16.6667,curve_0,LaneKeeping,-0.0077,-0.008,16.6667,0.0,,
3.0,pid_60,lka_test,8.8339,48.9243,16.6667,curve_0,LaneKeeping,-0.0076,-0.0079,16.6667,0.0,,
3.02,pid_60,lka_test,8.9505,49.2366,16.6667,curve_0,LaneKeeping,0.0405,1.6291,16.6667,0.0,,
3.04,pid_60,lka_test,9.0403,49.5576,16.6667,curve_0,LaneKeeping,0.003,6.4684,16.6667,0.0,,
3.06,pid_60,lka_test,9.1568,49.8699,16.6667,curve_0,LaneKeeping,-0.0065,1.6291,16.6667,0.0,,
3.08,pid_60,lka_test,9.2808,50.1793,16.6667,curve_0,LaneKeeping,-0.008,0.2665,16.6667,0.0,,
3.1,pid_60,lka_test,9.406,50.4883,16.6667,curve_0,LaneKeeping,-0.0083,0.0403,16.6667,0.0,,
3.12,pid_60,lka_test,9.5314,50.7971,16.6667,curve_0,LaneKeeping,-0.0083,0.0001,16.6667,0.0,,
3.14,pid_60,lka_test,9.6569,51.1059,16.6667,curve_0,LaneKeeping,-0.0082,-0.007,16.6667,0.0,,
3.16,pid_60,lka_test,9.7823,51.4147,16.6667,curve_0,LaneKeeping,-0.0082,-0.0082,16.6667,0.0,,
3.18,pid_60,lka_test,9.9078,51.7236,16.6667,curve_0,LaneKeeping,-0.0081,-0.0084,16.6667,0.0,,
3.2,pid_60,lka_test,10.0332,52.0324,16.6667,curve_0,LaneKeeping,-0.0081,-0.0084,16.6667,0.0,,
3.22,pid_60,lka_test,10.1587,52.3412,16.6667,curve_0,LaneKeeping,-0.008,-0.0083,16.6667,0.0,,
3.24,pid_60,lka_test,10.2841,52.65,16.6667,curve_0,LaneKeeping,-0.008,-0.0083,16.6667,0.0,,
3.26,pid_60,lka_test,10.4096,52.9589,16.6667,curve_0,LaneKeeping,0.0402,1.6288,16.6667,0.0,,
3.28,pid_60,lka_test,10.5085,53.2772,16.6667,curve_0,LaneKeeping,0.0027,6.4681,16.6667,0.0,,
3.3,pid_60,lka_test,10.634,53.586,16.6667,curve_0,LaneKeeping,-0.0068,1.6288,16.6667,0.0,,
3.32,pid_60,lka_test,10.7667,53.8918,16.6667,curve_0,LaneKeeping,-0.0083,0.2662,16.6667,0.0,,
3.34,pid_60,lka_test,10.9007,54.197,16.6667,curve_0,LaneKeeping,-0.0086,0.04,16.6667,0.0,,
3.36,pid_60,lka_test,11.0349,54.5021,16.6667,curve_0,LaneKeeping,-0.0086,-0.0002,16.6667,0.0,,
3.38,pid_60,lka_test,11.1691,54.8072,16.6667,curve_0,LaneKeeping,-0.0085,-0.0073,16.6667,0.0,,
3.4,pid_60,lka_test,11.3033,55.1124,16.6667,curve_0,LaneKeeping,-0.0085,-0.0085,16.6667,0.0,,
3.42,pid_60,lka_test,11.4375,55.4175,16.6667,curve_0,LaneKeeping,-0.0084,-0.0087,16.6667,0.0,,
3.44,pid_60,lka_test,11.5718,55.7226,16.6667,curve_0,LaneKeeping,-0.0084,-0.0087,16.6667,0.0,,
3.46,pid_60,lka_test,11.706,56.0277,16.6667,curve_0,LaneKeeping,-0.0083,-0.0086,16.6667,0.0,,
3.48,pid_60,lka_test,11.8402,56.3328,16.6667,curve_0,LaneKeeping,-0.0083,-0.0086,16.6667,0.0,,
3.5,pid_60,lka_test,11.9744,56.6379,16.6667,curve_0,LaneKeeping,0.04,1.6285,16.6667,0.0,,
3.52,pid_60,lka_test,12.0825,56.9533,16.6667,curve_0,LaneKeeping,0.0025,6.4678,16.6667,0.0,,
3.54,pid_60,lka_test,12.2167,57.2584,16.6667,curve_0,LaneKeeping,-0.007,1.6285,16.6667,0.0,,
3.56,pid_60,lka_test,12.3581,57.5602,16.6667,curve_0,LaneKeeping,-0.0086,0.2659,16.6667,0.0,,
3.58,pid_60,lka_test,12.5007,57.8615,16.6667,curve_0,LaneKeeping,-0.0088,0.0397,16.6667,0.0,,
3.6,pid_60,lka_test,12.6436,58.1627,16.6667,curve_0,LaneKeeping,-0.0088,-0.0004,16.6667,0.0,,
3.62,pid_60,lka_test,12.7865,58.4638,16.6667,curve_0,LaneKeeping,-0.0087,-0.0075,16.6667,0.0,,
3.64,pid_60,lka_test,12.9294,58.765,16.6667,curve_0,LaneKeeping,-0.0087,-0.0087,16.6667,0.0,,
3.66,pid_60,lka_test,13.0722,59.0662,16.6667,curve_0,LaneKeeping,-0.0086,-0.0089,16.6667,0.0,,
3.68,pid_60,lka_test,13.2151,59.3673,16.6667,curve_0,LaneKeeping,-0.0086,-0.0089,16.6667,0.0,,
3.7,pid_60,lka_test,13.358,59.6685,16.6667,curve_0,LaneKeeping,-0.0085,-0.0089,16.6667,0.0,,
3.72,pid_60,lka_test,13.5009,59.9696,16.6667,curve_0,LaneKeeping,-0.0085,-0.0088,16.6667,0.0,,
3.74,pid_60,lka_test,13.6438,60.2708,16.6667,curve_0,LaneKeeping,0.0399,1.6283,16.6667,0.0,,
3.76,pid_60,lka_test,13.7608,60.5829,16.6667,curve_0,LaneKeeping,0.0023,6.4675,16.6667,0.0,,
3.78,pid_60,lka_test,13.9037,60.8841,16.6667,curve_0,LaneKeeping,-0.0072,1.6283,16.6667,0.0,,
3.8,pid_60,lka_test,14.0537,61.1817,16.6667,curve_0,LaneKeeping,-0.0087,0.2657,16.6667,0.0,,
3.82,pid_60,lka_test,14.2048,61.4788,16.6667,curve_0,LaneKeeping,-0.0089,0.0396,16.6667,0.0,,
3.84,pid_60,lka_test,14.3562,61.7758,16.6667,curve_0,LaneKeeping,-0.0089,-0.0006,16.6667,0.0,,
3.86,pid_60,lka_test,14.5077,62.0727,16.6667,curve_0,LaneKeeping,-0.0089,-0.0077,16.6667,0.0,,
3.88,pid_60,lka_test,14.6591,62.3697,16.6667,curve_0,LaneKeeping,-0.0088,-0.0089,16.6667,0.0,,
3.9,pid_60,lka_test,14.8105,62.6666,16.6667,curve_0,LaneKeeping,-0.0088,-0.0091,16.6667,0.0,,
3.92,pid_60,lka_test,14.962,62.9636,16.6667,curve_0,LaneKeeping,-0.0087,-0.0091,16.6667,0.0,,
3.94,pid_60,lka_test,15.1134,63.2605,16.6667,curve_0,LaneKeeping,-0.0087,-0.009,16.6667,0.0,,
3.96,pid_60,lka_test,15.2648,63.5575,16.6667,curve_0,LaneKeeping,-0.0086,-0.009,16.6667,0.0,,
3.98,pid_60,lka_test,15.4163,63.8544,16.6667,curve_0,LaneKeeping,0.0397,1.6281,16.6667,0.0,,
4.0,pid_60,lka_test,15.5421,64.1631,16.6667,curve_0,LaneKeeping,0.0022,6.4674,16.6667,0.0,,
4.02,pid_60,lka_test,15.6935,64.4601,16.6667,curve_0,LaneKeeping,-0.0073,1.6281,16.6667,0.0,,
4.04,pid_60,lka_test,15.852,64.7533,16.6667,curve_0,LaneKeeping,-0.0088,0.2656,16.6667,0.0,,
4.06,pid_60,lka_test,16.0116,65.046,16.6667,curve_0,LaneKeeping,-0.009,0.0394,16.6667,0.0,,
4.08,pid_60,lka_test,16.1714,65.3385,16.6667,curve_0,LaneKeeping,-0.009,-0.0007,16.6667,0.0,,
4.1,pid_60,lka_test,16.3313,65.631,16.6667,curve_0,LaneKeeping,-0.009,-0.0078,16.6667,0.0,,
4.12,pid_60,lka_test,16.4911,65.9235,16.6667,curve_0,LaneKeeping,-0.0089,-0.009,16.6667,0.0,,
4.14,pid_60,lka_test,16.651,66.216,16.6667,curve_0,LaneKeeping,-0.0089,-0.0092,16.6667,0.0,,
4.16,pid_60,lka_test,16.8108,66.5085,16.6667,curve_0,LaneKeeping,-0.0088,-0.0092,16.6667,0.0,,
4.18,pid_60,lka_test,16.9707,66.801,16.6667,curve_0,LaneKeeping,-0.0088,-0.0091,16.6667,0.0,,
4.2,pid_60,lka_test,17.1305,67.0935,16.6667,curve_0,LaneKeeping,-0.0087,-0.0091,16.6667,0.0,,
4.22,pid_60,lka_test,17.2904,67.386,16.6667,curve_0,LaneKeeping,0.0397,1.628,16.6667,0.0,,
4.24,pid_60,lka_test,17.425,67.6909,16.6667,curve_0,LaneKeeping,0.0022,6.4673,16.6667,0.0,,
4.26,pid_60,lka_test,17.5848,67.9834,16.6667,curve_0,LaneKeeping,-0.0073,1.628,16.6667,0.0,,
4.28,pid_60,lka_test,17.7516,68.2721,16.6667,curve_0,LaneKeeping,-0.0089,0.2656,16.6667,0.0,,
4.3,pid_60,lka_test,17.9195,68.56,16.6667,curve_0,LaneKeeping,-0.0091,0.0394,16.6667,0.0,,
4.32,pid_60,lka_test,18.0876,68.8479,16.6667,curve_0,LaneKeeping,-0.0091,-0.0007,16.6667,0.0,,
4.34,pid_60,lka_test,18.2558,69.1357,16.6667,curve_0,LaneKeeping,-0.009,-0.0078,16.6667,0.0,,
4.36,pid_60,lka_test,18.4239,69.4235,16.6667,curve_0,LaneKeeping,-0.009,-0.0091,16.6667,0.0,,
4.38,pid_60,lka_test,18.592,69.7113,16.6667,curve_0,LaneKeeping,-0.0089,-0.0092,16.6667,0.0,,
4.4,pid_60,lka_test,18.7602,69.9991,16.6667,curve_0,LaneKeeping,-0.0089,-0.0092,16.6667,0.0,,
4.42,pid_60,lka_test,18.9283,70.2869,16.6667,curve_0,LaneKeeping,-0.0088,-0.0092,16.6667,0.0,,
4.44,pid_60,lka_test,19.0965,70.5748,16.6667,curve_0,LaneKeeping,-0.0088,-0.0091,16.6667,0.0,,
4.46,pid_60,lka_test,19.2646,70.8626,16.6667,curve_0,LaneKeeping,0.0397,1.628,16.6667,0.0,,
4.48,pid_60,lka_test,19.4079,71.1636,16.6667,curve_0,LaneKeeping,0.0022,6.4672,16.6667,0.0,,
4.5,pid_60,lka_test,19.576,71.4514,16.6667,curve_0,LaneKeeping,-0.0073,1.628,16.6667,0.0,,
4.52,pid_60,lka_test,19.751,71.7351,16.6667,curve_0,LaneKeeping,-0.0089,0.2656,16.6667,0.0,,
4.54,pid_60,lka_test,19.927,72.0182,16.6667,curve_0,LaneKeeping,-0.0091,0.0394,16.6667,0.0,,
4.56,pid_60,lka_test,20.1033,72.3011,16.6667,curve_0,LaneKeeping,-0.0091,-0.0007,16.6667,0.0,,
4.58,pid_60,lka_test,20.2796,72.584,16.6667,curve_0,LaneKeeping,-0.009,-0.0078,16.6667,0.0,,
4.6,pid_60,lka_test,20.4559,72.8669,16.6667,curve_0,LaneKeeping,-0.009,-0.0091,16.6667,0.0,,
4.62,pid_60,lka_test,20.6322,73.1498,16.6667,curve_0,LaneKeeping,-0.0089,-0.0092,16.6667,0.0,,
4.64,pid_60,lka_test,20.8085,73.4327,16.6667,curve_0,LaneKeeping,-0.0089,-0.0092,16.6667,0.0,,
4.66,pid_60,lka_test,20.9848,73.7156,16.6667,curve_0,LaneKeeping,-0.0088,-0.0092,16.6667,0.0,,
4.68,pid_60,lka_test,21.1611,73.9984,16.6667,curve_0,LaneKeeping,-0.0088,-0.0091,16.6667,0.0,,
4.7,pid_60,lka_test,21.3374,74.2813,16.6667,curve_0,LaneKeeping,0.0398,1.628,16.6667,0.0,,
4.72,pid_60,lka_test,21.4892,74.5781,16.6667,curve_0,LaneKeeping,0.0022,6.4672,16.6667,0.0,,
4.74,pid_60,lka_test,21.6655,74.861,16.6667,curve_0,LaneKeeping,-0.0073,1.628,16.6667,0.0,,
4.76,pid_60,lka_test,21.8485,75.1396,16.6667,curve_0,LaneKeeping,-0.0088,0.2656,16.6667,0.0,,
4.78,pid_60,lka_test,22.0325,75.4175,16.6667,curve_0,LaneKeeping,-0.009,0.0395,16.6667,0.0,,
4.8,pid_60,lka_test,22.2168,75.6953,16.6667,curve_0,LaneKeeping,-0.009,-0.0007,16.6667,0.0,,
4.82,pid_60,lka_test,22.4011,75.973,16.6667,curve_0,LaneKeeping,-0.009,-0.0078,16.6667,0.0,,
4.84,pid_60,lka_test,22.5854,76.2508,16.6667,curve_0,LaneKeeping,-0.0089,-0.009,16.6667,0.0,,
4.86,pid_60,lka_test,22.7697,76.5285,16.6667,curve_0,LaneKeeping,-0.0089,-0.0092,16.6667,0.0,,
4.88,pid_60,lka_test,22.954,76.8063,16.6667,curve_0,LaneKeeping,-0.0088,-0.0092,16.6667,0.0,,
4.9,pid_60,lka_test,23.1384,77.084,16.6667,curve_0,LaneKeeping,-0.0088,-0.0091,16.6667,0.0,,
4.92,pid_60,lka_test,23.3227,77.3618,16.6667,curve_0,LaneKeeping,-0.0087,-0.0091,16.6667,0.0,,
4.94,pid_60,lka_test,23.507,77.6395,16.6667,curve_0,LaneKeeping,0.0399,1.628,16.6667,0.0,,
4.96,pid_60,lka_test,23.6672,77.9318,16.6667,curve_0,LaneKeeping,0.0023,6.4673,16.6667,0.0,,
4.98,pid_60,lka_test,23.8515,78.2095,16.6667,curve_0,LaneKeeping,-0.0072,1.628,16.6667,0.0,,
5.0,pid_60,lka_test,24.0424,78.4828,16.6667,curve_0,LaneKeeping,-0.0087,0.2657,16.6667,0.0,,
5.02,pid_60,lka_test,24.2343,78.7554,16.6667,curve_0,LaneKeeping,-0.0089,0.0396,16.6667,0.0,,
5.04,pid_60,lka_test,24.4264,79.0277,16.6667,curve_0,LaneKeeping,-0.0089,-0.0006,16.6667,0.0,,
5.06,pid_60,lka_test,24.6186,79.3001,16.6667,curve_0,LaneKeeping,-0.0089,-0.0077,16.6667,0.0,,
5.08,pid_60,lka_test,24.8108,79.5725,16.6667,curve_0,LaneKeeping,-0.0088,-0.0089,16.6667,0.0,,
5.1,pid_60,lka_test,25.0029,79.8448,16.6667,curve_0,LaneKeeping,-0.0088,-0.0091,16.6667,0.0,,
5.12,pid_60,lka_test,25.1951,80.1172,16.6667,curve_0,LaneKeeping,-0.0087,-0.0091,16.6667,0.0,,
5.14,pid_60,lka_test,25.3873,80.3896,16.6667,curve_0,LaneKeeping,-0.0087,-0.009,16.6667,0.0,,
5.16,pid_60,lka_test,25.5794,80.6619,16.6667,curve_0,LaneKeeping,-0.0086,-0.009,16.6667,0.0,,
5.18,pid_60,lka_test,25.7716,80.9343,16.6667,curve_0,LaneKeeping,0.04,1.6281,16.6667,0.0,,
5.2,pid_60,lka_test,25.9401,81.2219,16.6667,curve_0,LaneKeeping,0.0024,6.4674,16.6667,0.0,,
5.22,pid_60,lka_test,26.1323,81.4943,16.6667,curve_0,LaneKeeping,-0.007,1.6281,16.6667,0.0,,
5.24,pid_60,lka_test,26.3309,81.762,16.6667,curve_0,LaneKeeping,-0.0086,0.2658,16.6667,0.0,,
5.26,pid_60,lka_test,26.5305,82.0289,16.6667,curve_0,LaneKeeping,-0.0088,0.0397,16.6667,0.0,,
5.28,pid_60,lka_test,26.7303,82.2957,16.6667,curve_0,LaneKeeping,-0.0088,-0.0004,16.6667,0.0,,
5.3,pid_60,lka_test,26.9302,82.5625,16.6667,curve_0,LaneKeeping,-0.0088,-0.0075,16.6667,0.0,,
5.32,pid_60,lka_test,27.1301,82.8293,16.6667,curve_0,LaneKeeping,-0.0087,-0.0088,16.6667,0.0,,
5.34,pid_60,lka_test,27.3299,83.096,16.6667,curve_0,LaneKeeping,-0.0087,-0.0089,16.6667,0.0,,
5.36,pid_60,lka_test,27.5298,83.3628,16.6667,curve_0,LaneKeeping,-0.0086,-0.0089,16.6667,0.0,,
5.38,pid_60,lka_test,27.7297,83.6296,16.6667,curve_0,LaneKeeping,-0.0085,-0.0089,16.6667,0.0,,
5.4,pid_60,lka_test,27.9295,83.8963,16.6667,curve_0,LaneKeeping,-0.0085,-0.0088,16.6667,0.0,,
5.42,pid_60,lka_test,28.1294,84.1631,16.6667,curve_0,LaneKeeping,0.0402,1.6282,16.6667,0.0,,
5.44,pid_60,lka_test,28.3061,84.4458,16.6667,curve_0,LaneKeeping,0.0026,6.4675,16.6667,0.0,,
5.46,pid_60,lka_test,28.5059,84.7125,16.6667,curve_0,LaneKeeping,-0.0068,1.6282,16.6667,0.0,,
5.48,pid_60,lka_test,28.7121,84.9745,16.6667,curve_0,LaneKeeping,-0.0084,0.266,16.6667,0.0,,
5.5,pid_60,lka_test,28.9193,85.2356,16.6667,curve_0,LaneKeeping,-0.0086,0.0399,16.6667,0.0,,
5.52,pid_60,lka_test,29.1266,85.4966,16.6667,curve_0,LaneKeeping,-0.0086,-0.0003,16.6667,0.0,,
5.54,pid_60,lka_test,29.334,85.7575,16.6667,curve_0,LaneKeeping,-0.0086,-0.0074,16.6667,0.0,,
5.56,pid_60,lka_test,29.5414,86.0185,16.6667,curve_0,LaneKeeping,-0.0085,-0.0086,16.6667,0.0,,
5.58,pid_60,lka_test,29.7489,86.2794,16.6667,curve_0,LaneKeeping,-0.0085,-0.0088,16.6667,0.0,,
5.6,pid_60,lka_test,29.9563,86.5403,16.6667,curve_0,LaneKeeping,-0.0084,-0.0088,16.6667,0.0,,
5.62,pid_60,lka_test,30.1637,86.8013,16.6667,curve_0,LaneKeeping,-0.0084,-0.0087,16.6667,0.0,,
5.64,pid_60,lka_test,30.3711,87.0622,16.6667,curve_0,LaneKeeping,-0.0083,-0.0087,16.6667,0.0,,
5.66,pid_60,lka_test,30.5785,87.3232,16.6667,curve_0,LaneKeeping,0.0404,1.6284,16.6667,0.0,,
5.68,pid_60,lka_test,30.7631,87.6007,16.6667,curve_0,LaneKeeping,0.0028,6.4677,16.6667,0.0,,
5.7,pid_60,lka_test,30.9705,87.8616,16.6667,curve_0,LaneKeeping,-0.0066,1.6284,16.6667,0.0,,
5.72,pid_60,lka_test,31.1841,88.1176,16.6667,curve_0,LaneKeeping,-0.0082,0.2662,16.6667,0.0,,
5.74,pid_60,lka_test,31.3987,88.3727,16.6667,curve_0,LaneKeeping,-0.0084,0.0401,16.6667,0.0,,
5.76,pid_60,lka_test,31.6134,88.6276,16.6667,curve_0,LaneKeeping,-0.0084,-0.0001,16.6667,0.0,,
5.78,pid_60,lka_test,31.8282,88.8826,16.6667,curve_0,LaneKeeping,-0.0084,-0.0072,16.6667,0.0,,
5.8,pid_60,lka_test,32.0429,89.1375,16.6667,curve_0,LaneKeeping,-0.0083,-0.0084,16.6667,0.0,,
5.82,pid_60,lka_test,32.2577,89.3924,16.6667,curve_0,LaneKeeping,-0.0083,-0.0086,16.6667,0.0,,
5.84,pid_60,lka_test,32.4725,89.6473,16.6667,curve_0,LaneKeeping,-0.0082,-0.0085,16.6667,0.0,,
5.86,pid_60,lka_test,32.6873,89.9022,16.6667,curve_0,LaneKeeping,-0.0082,-0.0085,16.6667,0.0,,
5.88,pid_60,lka_test,32.9021,90.1571,16.6667,curve_0,LaneKeeping,-0.0081,-0.0084,16.6667,0.0,,
5.9,pid_60,lka_test,33.1168,90.412,16.6667,curve_0,LaneKeeping,0.0406,1.6286,16.6667,0.0,,
5.92,pid_60,lka_test,33.3093,90.6842,16.6667,curve_0,LaneKeeping,0.0031,6.4679,16.6667,0.0,,
5.94,pid_60,lka_test,33.5241,90.9391,16.6667,curve_0,LaneKeeping,-0.0064,1.6286,16.6667,0.0,,
5.96,pid_60,lka_test,33.7449,91.1888,16.6667,curve_0,LaneKeeping,-0.0079,0.2665,16.6667,0.0,,
5.98,pid_60,lka_test,33.9667,91.4377,16.6667,curve_0,LaneKeeping,-0.0082,0.0403,16.6667,0.0,,
6.0,pid_60,lka_test,34.1886,91.6864,16.6667,curve_0,LaneKeeping,-0.0082,0.0002,16.6667,0.0,,
6.02,pid_60,lka_test,34.4105,91.9351,16.6667,curve_0,LaneKeeping,-0.0081,-0.0069,16.6667,0.0,,
6.04,pid_60,lka_test,34.6325,92.1838,16.6667,curve_0,LaneKeeping,-0.0081,-0.0081,16.6667,0.0,,
6.06,pid_60,lka_test,34.8545,92.4324,16.6667,curve_0,LaneKeeping,-0.008,-0.0083,16.6667,0.0,,
6.08,pid_60,lka_test,35.0765,92.6811,16.6667,curve_0,LaneKeeping,-0.008,-0.0083,16.6667,0.0,,
6.1,pid_60,lka_test,35.2984,92.9298,16.6667,curve_0,LaneKeeping,-0.0079,-0.0083,16.6667,0.0,,
6.12,pid_60,lka_test,35.5204,93.1785,16.6667,curve_0,LaneKeeping,-0.0079,-0.0082,16.6667,0.0,,
6.14,pid_60,lka_test,35.7424,93.4271,16.6667,curve_0,LaneKeeping,0.0409,1.6289,16.6667,0.0,,
6.16,pid_60,lka_test,35.9426,93.6937,16.6667,curve_0,LaneKeeping,0.0034,6.4681,16.6667,0.0,,
6.18,pid_60,lka_test,36.1645,93.9423,16.6667,curve_0,LaneKeeping,-0.0061,1.6289,16.6667,0.0,,
6.2,pid_60,lka_test,36.3924,94.1857,16.6667,curve_0,LaneKeeping,-0.0077,0.2668,16.6667,0.0,,
6.22,pid_60,lka_test,36.6211,94.4281,16.6667,curve_0,LaneKeeping,-0.0079,0.0406,16.6667,0.0,,
6.24,pid_60,lka_test,36.8501,94.6704,16.6667,curve_0,LaneKeeping,-0.0079,0.0005,16.6667,0.0,,
6.26,pid_60,lka_test,37.0791,94.9126,16.6667,curve_0,LaneKeeping,-0.0079,-0.0066,16.6667,0.0,,
6.28,pid_60,lka_test,37.308,95.1548,16.6667,curve_0,LaneKeeping,-0.0078,-0.0079,16.6667,0.0,,
6.3,pid_60,lka_test,37.537,95.3971,16.6667,curve_0,LaneKeeping,-0.0078,-0.008,16.6667,0.0,,
6.32,pid_60,lka_test,37.766,95.6393,16.6667,curve_0,LaneKeeping,-0.0077,-0.008,16.6667,0.0,,
6.34,pid_60,lka_test,37.995,95.8816,16.6667,curve_0,LaneKeeping,-0.0077,-0.008,16.6667,0.0,,
6.36,pid_60,lka_test,38.224,96.1238,16.6667,curve_0,LaneKeeping,-0.0076,-0.0079,16.6667,0.0,,
6.38,pid_60,lka_test,38.453,96.366,16.6667,curve_0,LaneKeeping,0.0412,1.6291,16.6667,0.0,,
6.4,pid_60,lka_test,38.6607,96.6267,16.6667,curve_0,LaneKeeping,0.0037,6.4684,16.6667,0.0,,
6.42,pid_60,lka_test,38.8897,96.8689,16.6667,curve_0,LaneKeeping,-0.0058,1.6291,16.6667,0.0,,
6.44,pid_60,lka_test,39.1244,97.1057,16.6667,curve_0,LaneKeeping,-0.0074,0.2671,16.6667,0.0,,
6.46,pid_60,lka_test,39.36,97.3415,16.6667,curve_0,LaneKeeping,-0.0076,0.0409,16.6667,0.0,,
6.48,pid_60,lka_test,39.5957,97.5771,16.6667,curve_0,LaneKeeping,-0.0076,0.0008,16.6667,0.0,,
6.5,pid_60,lka_test,39.8315,97.8127,16.6667,curve_0,LaneKeeping,-0.0076,-0.0063,16.6667,0.0,,
6.52,pid_60,lka_test,40.0673,98.0483,16.6667,curve_0,LaneKeeping,-0.0075,-0.0075,16.6667,0.0,,
6.54,pid_60,lka_test,40.3032,98.2839,16.6667,curve_0,LaneKeeping,-0.0075,-0.0077,16.6667,0.0,,
6.56,pid_60,lka_test,40.539,98.5195,16.6667,curve_0,LaneKeeping,-0.0074,-0.0077,16.6667,0.0,,
6.58,pid_60,lka_test,40.7748,98.7551,16.6667,curve_0,LaneKeeping,-0.0074,-0.0077,16.6667,0.0,,
6.6,pid_60,lka_test,41.0106,98.9907,16.6667,curve_0,LaneKeeping,-0.0074,-0.0076,16.6667,0.0,,
6.62,pid_60,lka_test,41.2464,99.2263,16.6667,curve_0,LaneKeeping,0.0415,1.6294,16.6667,0.0,,
6.64,pid_60,lka_test,41.4615,99.4809,16.6667,curve_0,LaneKeeping,0.004,6.4687,16.6667,0.0,,
6.66,pid_60,lka_test,41.6973,99.7165,16.6667,curve_0,LaneKeeping,-0.0055,1.6294,16.6667,0.0,,
6.68,pid_60,lka_test,41.9386,99.9464,16.6667,curve_0,LaneKeeping,-0.007,0.2674,16.6667,0.0,,
6.7,pid_60,lka_test,42.1809,100.1754,16.6667,curve_0,LaneKeeping,-0.0073,0.0413,16.6667,0.0,,
6.72,pid_60,lka_test,42.4233,100.4042,16.6667,curve_0,LaneKeeping,-0.0073,0.0011,16.6667,0.0,,
6.74,pid_60,lka_test,42.6657,100.633,16.6667,curve_0,LaneKeeping,-0.0073,-0.006,16.6667,0.0,,
6.76,pid_60,lka_test,42.9082,100.8618,16.6667,curve_0,LaneKeeping,-0.0072,-0.0072,16.6667,0.0,,
6.78,pid_60,lka_test,43.1506,101.0905,16.6667,curve_0,LaneKeeping,-0.0072,-0.0074,16.6667,0.0,,
6.8,pid_60,lka_test,43.393,101.3193,16.6667,curve_0,LaneKeeping,-0.0071,-0.0074,16.6667,0.0,,
6.82,pid_60,lka_test,43.6355,101.548,16.6667,curve_0,LaneKeeping,-0.0071,-0.0074,16.6667,0.0,,
6.84,pid_60,lka_test,43.8779,101.7768,16.6667,curve_0,LaneKeeping,-0.007,-0.0073,16.6667,0.0,,
6.86,pid_60,lka_test,44.1204,102.0056,16.6667,curve_0,LaneKeeping,0.0419,1.6298,16.6667,0.0,,
6.88,pid_60,lka_test,44.3426,102.254,16.6667,curve_0,LaneKeeping,0.0043,6.469,16.6667,0.0,,
6.9,pid_60,lka_test,44.5851,102.4827,16.6667,curve_0,LaneKeeping,-0.0051,1.6298,16.6667,0.0,,
6.92,pid_60,lka_test,44.8329,102.7057,16.6667,curve_0,LaneKeeping,-0.0067,0.2677,16.6667,0.0,,
6.94,pid_60,lka_test,45.0816,102.9276,16.6667,curve_0,LaneKeeping,-0.0069,0.0416,16.6667,0.0,,
6.96,pid_60,lka_test,45.3304,103.1494,16.6667,curve_0,LaneKeeping,-0.0069,0.0015,16.6667,0.0,,
6.98,pid_60,lka_test,45.5793,103.3712,16.6667,curve_0,LaneKeeping,-0.0069,-0.0056,16.6667,0.0,,
7.0,pid_60,lka_test,45.8282,103.5929,16.6667,curve_0,LaneKeeping,-0.0069,-0.0069,16.6667,0.0,,
7.02,pid_60,lka_test,46.077,103.8147,16.6667,curve_0,LaneKeeping,-0.0068,-0.007,16.6667,0.0,,
7.04,pid_60,lka_test,46.3259,104.0364,16.6667,curve_0,LaneKeeping,-0.0068,-0.007,16.6667,0.0,,
7.06,pid_60,lka_test,46.5748,104.2582,16.6667,curve_0,LaneKeeping,-0.0067,-0.007,16.6667,0.0,,
7.08,pid_60,lka_test,46.8237,104.4799,16.6667,curve_0,LaneKeeping,-0.0067,-0.007,16.6667,0.0,,
7.1,pid_60,lka_test,47.0726,104.7017,16.6667,curve_0,LaneKeeping,0.0423,1.6301,16.6667,0.0,,
7.12,pid_60,lka_test,47.3018,104.9436,16.6667,curve_0,LaneKeeping,0.0047,6.4694,16.6667,0.0,,
7.14,pid_60,lka_test,47.5507,105.1654,16.6667,curve_0,LaneKeeping,-0.0048,1.6301,16.6667,0.0,,
7.16,pid_60,lka_test,47.8048,105.3811,16.6667,curve_0,LaneKeeping,-0.0063,0.2681,16.6667,0.0,,
7.18,pid_60,lka_test,48.0597,105.5959,16.6667,curve_0,LaneKeeping,-0.0066,0.042,16.6667,0.0,,
7.2,pid_60,lka_test,48.3148,105.8105,16.6667,curve_0,LaneKeeping,-0.0066,0.0019,16.6667,0.0,,
7.22,pid_60,lka_test,48.5699,106.025,16.6667,curve_0,LaneKeeping,-0.0065,-0.0053,16.6667,0.0,,
7.24,pid_60,lka_test,48.825,106.2396,16.6667,curve_0,LaneKeeping,-0.0065,-0.0065,16.6667,0.0,,
7.26,pid_60,lka_test,49.0801,106.4541,16.6667,curve_0,LaneKeeping,-0.0065,-0.0067,16.6667,0.0,,
7.28,pid_60,lka_test,49.3352,106.6687,16.6667,curve_0,LaneKeeping,-0.0064,-0.0067,16.6667,0.0,,
7.3,pid_60,lka_test,49.5903,106.8832,16.6667,curve_0,LaneKeeping,-0.0064,-0.0066,16.6667,0.0,,
7.32,pid_60,lka_test,49.8454,107.0978,16.6667,curve_0,LaneKeeping,-0.0064,-0.0066,16.6667,0.0,,
7.34,pid_60,lka_test,50.1005,107.3123,16.6667,curve_0,LaneKeeping,0.0427,1.6305,16.6667,0.0,,
7.36,pid_60,lka_test,50.3366,107.5476,16.6667,curve_0,LaneKeeping,0.0051,6.4697,16.6667,0.0,,
7.38,pid_60,lka_test,50.5917,107.7622,16.6667,curve_0,LaneKeeping,-0.0044,1.6305,16.6667,0.0,,
7.4,pid_60,lka_test,50.8519,107.9706,16.6667,curve_0,LaneKeeping,-0.0059,0.2685,16.6667,0.0,,
7.42,pid_60,lka_test,51.1128,108.178,16.6667,curve_0,LaneKeeping,-0.0062,0.0424,16.6667,0.0,,
7.44,pid_60,lka_test,51.3739,108.3852,16.6667,curve_0,LaneKeeping,-0.0062,0.0023,16.6667,0.0,,
7.46,pid_60,lka_test,51.6351,108.5924,16.6667,curve_0,LaneKeeping,-0.0062,-0.0049,16.6667,0.0,,
7.48,pid_60,lka_test,51.8962,108.7996,16.6667,curve_0,LaneKeeping,-0.0061,-0.0061,16.6667,0.0,,
7.5,pid_60,lka_test,52.1573,109.0068,16.6667,curve_0,LaneKeeping,-0.0061,-0.0063,16.6667,0.0,,
7.52,pid_60,lka_test,52.4185,109.2139,16.6667,curve_0,LaneKeeping,-0.0061,-0.0063,16.6667,0.0,,
7.54,pid_60,lka_test,52.6796,109.4211,16.6667,curve_0,LaneKeeping,-0.006,-0.0063,16.6667,0.0,,
7.56,pid_60,lka_test,52.9407,109.6283,16.6667,curve_0,LaneKeeping,-0.006,-0.0062,16.6667,0.0,,
7.58,pid_60,lka_test,53.2018,109.8355,16.6667,curve_0,LaneKeeping,0.0431,1.6308,16.6667,0.0,,
7.6,pid_60,lka_test,53.4446,110.0639,16.6667,curve_0,LaneKeeping,0.0055,6.4701,16.6667,0.0,,
7.62,pid_60,lka_test,53.7057,110.2711,16.6667,curve_0,LaneKeeping,-0.004,1.6308,16.6667,0.0,,
7.64,pid_60,lka_test,53.9717,110.472,16.6667,curve_0,LaneKeeping,-0.0055,0.2689,16.6667,0.0,,
7.66,pid_60,lka_test,54.2385,110.6719,16.6667,curve_0,LaneKeeping,-0.0058,0.0428,16.6667,0.0,,
7.68,pid_60,lka_test,54.5054,110.8715,16.6667,curve_0,LaneKeeping,-0.0058,0.0027,16.6667,0.0,,
7.7,pid_60,lka_test,54.7723,111.0712,16.6667,curve_0,LaneKeeping,-0.0058,-0.0044,16.6667,0.0,,
7.72,pid_60,lka_test,55.0392,111.2708,16.6667,curve_0,LaneKeeping,-0.0057,-0.0057,16.6667,0.0,,
7.74,pid_60,lka_test,55.3062,111.4704,16.6667,curve_0,LaneKeeping,-0.0057,-0.0059,16.6667,0.0,,
7.76,pid_60,lka_test,55.5731,111.6701,16.6667,curve_0,LaneKeeping,-0.0057,-0.0059,16.6667,0.0,,
7.78,pid_60,lka_test,55.8401,111.8697,16.6667,curve_0,LaneKeeping,-0.0056,-0.0058,16.6667,0.0,,
7.8,pid_60,lka_test,56.107,112.0693,16.6667,curve_0,LaneKeeping,-0.0056,-0.0058,16.6667,0.0,,
7.82,pid_60,lka_test,56.374,112.269,16.6667,curve_0,LaneKeeping,0.0435,1.6312,16.6667,0.0,,
7.84,pid_60,lka_test,56.6231,112.4904,16.6667,curve_0,LaneKeeping,0.006,6.4705,16.6667,0.0,,
7.86,pid_60,lka_test,56.89,112.69,16.6667,curve_0,LaneKeeping,-0.0035,1.6312,16.6667,0.0,,
7.88,pid_60,lka_test,57.1617,112.8833,16.6667,curve_0,LaneKeeping,-0.0051,0.2694,16.6667,0.0,,
7.9,pid_60,lka_test,57.434,113.0754,16.6667,curve_0,LaneKeeping,-0.0053,0.0433,16.6667,0.0,,
7.92,pid_60,lka_test,57.7065,113.2674,16.6667,curve_0,LaneKeeping,-0.0054,0.0031,16.6667,0.0,,
7.94,pid_60,lka_test,57.9791,113.4593,16.6667,curve_0,LaneKeeping,-0.0053,-0.004,16.6667,0.0,,
7.96,pid_60,lka_test,58.2516,113.6513,16.6667,curve_0,LaneKeeping,-0.0053,-0.0052,16.6667,0.0,,
7.98,pid_60,lka_test,58.5241,113.8432,16.6667,curve_0,LaneKeeping,-0.0053,-0.0054,16.6667,0.0,,
8.0,pid_60,lka_test,58.7967,114.0351,16.6667,curve_0,LaneKeeping,-0.0052,-0.0054,16.6667,0.0,,
8.02,pid_60,lka_test,59.0692,114.227,16.6667,curve_0,LaneKeeping,-0.0052,-0.0054,16.6667,0.0,,
8.04,pid_60,lka_test,59.3417,114.419,16.6667,curve_0,LaneKeeping,-0.0052,-0.0054,16.6667,0.0,,
8.06,pid_60,lka_test,59.6143,114.6109,16.6667,curve_0,LaneKeeping,0.044,1.6317,16.6667,0.0,,
8.08,pid_60,lka_test,59.8696,114.8251,16.6667,curve_0,LaneKeeping,0.0064,6.4709,16.6667,0.0,,
8.1,pid_60,lka_test,60.1422,115.0171,16.6667,curve_0,LaneKeeping,-0.0031,1.6317,16.6667,0.0,,
8.12,pid_60,lka_test,60.4192,115.2025,16.6667,curve_0,LaneKeeping,-0.0047,0.2698,16.6667,0.0,,
8.14,pid_60,lka_test,60.6969,115.3868,16.6667,curve_0,LaneKeeping,-0.0049,0.0437,16.6667,0.0,,
8.16,pid_60,lka_test,60.9748,115.5709,16.6667,curve_0,LaneKeeping,-0.0049,0.0036,16.6667,0.0,,
8.18,pid_60,lka_test,61.2527,115.7549,16.6667,curve_0,LaneKeeping,-0.0049,-0.0036,16.6667,0.0,,
8.2,pid_60,lka_test,61.5306,115.939,16.6667,curve_0,LaneKeeping,-0.0049,-0.0048,16.6667,0.0,,
8.22,pid_60,lka_test,61.8085,116.1231,16.6667,curve_0,LaneKeeping,-0.0049,-0.005,16.6667,0.0,,
8.24,pid_60,lka_test,62.0864,116.3071,16.6667,curve_0,LaneKeeping,-0.0048,-0.005,16.6667,0.0,,
8.26,pid_60,lka_test,62.3643,116.4912,16.6667,curve_0,LaneKeeping,-0.0048,-0.005,16.6667,0.0,,
8.28,pid_60,lka_test,62.6423,116.6753,16.6667,curve_0,LaneKeeping,-0.0048,-0.0049,16.6667,0.0,,
8.3,pid_60,lka_test,62.9202,116.8593,16.6667,curve_0,LaneKeeping,0.0444,1.6321,16.6667,0.0,,
8.32,pid_60,lka_test,63.1815,117.0662,16.6667,curve_0,LaneKeeping,0.0069,6.4714,16.6667,0.0,,
8.34,pid_60,lka_test,63.4594,117.2502,16.6667,curve_0,LaneKeeping,-0.0026,1.6321,16.6667,0.0,,
8.36,pid_60,lka_test,63.7416,117.4277,16.6667,curve_0,LaneKeeping,-0.0042,0.2703,16.6667,0.0,,
8.38,pid_60,lka_test,64.0245,117.6039,16.6667,curve_0,LaneKeeping,-0.0045,0.0442,16.6667,0.0,,
8.4,pid_60,lka_test,64.3076,117.78,16.6667,curve_0,LaneKeeping,-0.0045,0.004,16.6667,0.0,,
8.42,pid_60,lka_test,64.5906,117.9561,16.6667,curve_0,LaneKeeping,-0.0045,-0.0031,16.6667,0.0,,
8.44,pid_60,lka_test,64.8737,118.1322,16.6667,curve_0,LaneKeeping,-0.0044,-0.0043,16.6667,0.0,,
8.46,pid_60,lka_test,65.1567,118.3082,16.6667,curve_0,LaneKeeping,-0.0044,-0.0045,16.6667,0.0,,
8.48,pid_60,lka_test,65.4398,118.4843,16.6667,curve_0,LaneKeeping,-0.0044,-0.0045,16.6667,0.0,,
8.5,pid_60,lka_test,65.7228,118.6603,16.6667,curve_0,LaneKeeping,-0.0044,-0.0045,16.6667,0.0,,
8.52,pid_60,lka_test,66.0059,118.8364,16.6667,curve_0,LaneKeeping,-0.0043,-0.0045,16.6667,0.0,,
8.54,pid_60,lka_test,66.2889,119.0124,16.6667,curve_0,LaneKeeping,0.0449,1.6325,16.6667,0.0,,
8.56,pid_60,lka_test,66.5561,119.2117,16.6667,curve_0,LaneKeeping,0.0073,6.4718,16.6667,0.0,,
8.58,pid_60,lka_test,66.8391,119.3878,16.6667,curve_0,LaneKeeping,-0.0022,1.6325,16.6667,0.0,,
8.6,pid_60,lka_test,67.1263,119.5571,16.6667,curve_0,LaneKeeping,-0.0037,0.2708,16.6667,0.0,,
8.62,pid_60,lka_test,67.4141,119.7252,16.6667,curve_0,LaneKeeping,-0.004,0.0447,16.6667,0.0,,
8.64,pid_60,lka_test,67.702,119.8931,16.6667,curve_0,LaneKeeping,-0.004,0.0045,16.6667,0.0,,
8.66,pid_60,lka_test,67.99,120.061,16.6667,curve_0,LaneKeeping,-0.004,-0.0026,16.6667,0.0,,
8.68,pid_60,lka_test,68.278,120.2289,16.6667,curve_0,LaneKeeping,-0.004,-0.0039,16.6667,0.0,,
8.7,pid_60,lka_test,68.5659,120.3968,16.6667,curve_0,LaneKeeping,-0.004,-0.0041,16.6667,0.0,,
8.72,pid_60,lka_test,68.8539,120.5647,16.6667,curve_0,LaneKeeping,-0.0039,-0.0041,16.6667,0.0,,
8.74,pid_60,lka_test,69.1418,120.7326,16.6667,curve_0,LaneKeeping,-0.0039,-0.0041,16.6667,0.0,,
8.76,pid_60,lka_test,69.4298,120.9005,16.6667,curve_0,LaneKeeping,-0.0039,-0.004,16.6667,0.0,,
8.78,pid_60,lka_test,69.7178,121.0684,16.6667,curve_0,LaneKeeping,0.0454,1.633,16.6667,0.0,,
8.8,pid_60,lka_test,69.9905,121.26,16.6667,curve_0,LaneKeeping,0.0078,6.4723,16.6667,0.0,,
8.82,pid_60,lka_test,70.2785,121.4279,16.6667,curve_0,LaneKeeping,-0.0017,1.633,16.6667,0.0,,
8.84,pid_60,lka_test,70.5704,121.5889,16.6667,curve_0,LaneKeeping,-0.0033,0.2713,16.6667,0.0,,
8.86,pid_60,lka_test,70.8629,121.7488,16.6667,curve_0,LaneKeeping,-0.0035,0.0452,16.6667,0.0,,
8.88,pid_60,lka_test,71.1555,121.9084,16.6667,curve_0,LaneKeeping,-0.0035,0.005,16.6667,0.0,,
8.9,pid_60,lka_test,71.4481,122.068,16.6667,curve_0,LaneKeeping,-0.0035,-0.0021,16.6667,0.0,,
8.92,pid_60,lka_test,71.7408,122.2276,16.6667,curve_0,LaneKeeping,-0.0035,-0.0034,16.6667,0.0,,
8.94,pid_60,lka_test,72.0334,122.3873,16.6667,curve_0,LaneKeeping,-0.0035,-0.0036,16.6667,0.0,,
8.96,pid_60,lka_test,72.326,122.5469,16.6667,curve_0,LaneKeeping,-0.0035,-0.0036,16.6667,0.0,,
8.98,pid_60,lka_test,72.6187,122.7065,16.6667,curve_0,LaneKeeping,-0.0035,-0.0036,16.6667,0.0,,
9.0,pid_60,lka_test,72.9113,122.8661,16.6667,curve_0,LaneKeeping,-0.0034,-0.0036,16.6667,0.0,,
9.02,pid_60,lka_test,73.2039,123.0257,16.6667,curve_0,LaneKeeping,0.0459,1.6335,16.6667,0.0,,
9.04,pid_60,lka_test,73.4821,123.2094,16.6667,curve_0,LaneKeeping,0.0083,6.4728,16.6667,0.0,,
9.06,pid_60,lka_test,73.7747,123.369,16.6667,curve_0,LaneKeeping,-0.0012,1.6335,16.6667,0.0,,
9.08,pid_60,lka_test,74.0711,123.5216,16.6667,curve_0,LaneKeeping,-0.0028,0.2718,16.6667,0.0,,
9.1,pid_60,lka_test,74.368,123.673,16.6667,curve_0,LaneKeeping,-0.003,0.0457,16.6667,0.0,,
9.12,pid_60,lka_test,74.6651,123.8243,16.6667,curve_0,LaneKeeping,-0.0031,0.0055,16.6667,0.0,,
9.14,pid_60,lka_test,74.9621,123.9755,16.6667,curve_0,LaneKeeping,-0.0031,-0.0016,16.6667,0.0,,
9.16,pid_60,lka_test,75.2592,124.1266,16.6667,curve_0,LaneKeeping,-0.003,-0.0029,16.6667,0.0,,
9.18,pid_60,lka_test,75.5563,124.2778,16.6667,curve_0,LaneKeeping,-0.003,-0.0031,16.6667,0.0,,
9.2,pid_60,lka_test,75.8534,124.429,16.6667,curve_0,LaneKeeping,-0.003,-0.0031,16.6667,0.0,,
9.22,pid_60,lka_test,76.1504,124.5802,16.6667,curve_0,LaneKeeping,-0.003,-0.0031,16.6667,0.0,,
9.24,pid_60,lka_test,76.4475,124.7314,16.6667,curve_0,LaneKeeping,-0.003,-0.0031,16.6667,0.0,,
9.26,pid_60,lka_test,76.7446,124.8826,16.6667,curve_0,LaneKeeping,0.0464,1.634,16.6667,0.0,,
9.28,pid_60,lka_test,77.0279,125.0583,16.6667,curve_0,LaneKeeping,0.0088,6.4732,16.6667,0.0,,
9.3,pid_60,lka_test,77.3249,125.2095,16.6667,curve_0,LaneKeeping,-0.0007,1.634,16.6667,0.0,,
9.32,pid_60,lka_test,77.6255,125.3535,16.6667,curve_0,LaneKeeping,-0.0023,0.2723,16.6667,0.0,,
9.34,pid_60,lka_test,77.9267,125.4964,16.6667,curve_0,LaneKeeping,-0.0025,0.0462,16.6667,0.0,,
9.36,pid_60,lka_test,78.2279,125.6391,16.6667,curve_0,LaneKeeping,-0.0026,0.006,16.6667,0.0,,
9.38,pid_60,lka_test,78.5292,125.7818,16.6667,curve_0,LaneKeeping,-0.0026,-0.0011,16.6667,0.0,,
9.4,pid_60,lka_test,78.8305,125.9244,16.6667,curve_0,LaneKeeping,-0.0026,-0.0024,16.6667,0.0,,
9.42,pid_60,lka_test,79.1318,126.067,16.6667,curve_0,LaneKeeping,-0.0025,-0.0026,16.6667,0.0,,
9.44,pid_60,lka_test,79.433,126.2097,16.6667,curve_0,LaneKeeping,-0.0025,-0.0026,16.6667,0.0,,
9.46,pid_60,lka_test,79.7343,126.3523,16.6667,curve_0,LaneKeeping,-0.0025,-0.0026,16.6667,0.0,,
9.48,pid_60,lka_test,80.0356,126.4949,16.6667,curve_0,LaneKeeping,-0.0025,-0.0026,16.6667,0.0,,
9.5,pid_60,lka_test,80.3368,126.6376,16.6667,curve_0,LaneKeeping,0.0469,1.6345,16.6667,0.0,,
9.52,pid_60,lka_test,80.625,126.8051,16.6667,curve_0,LaneKeeping,0.0093,6.4737,16.6667,0.0,,
9.54,pid_60,lka_test,80.9263,126.9478,16.6667,curve_0,LaneKeeping,-0.0002,1.6345,16.6667,0.0,,
9.56,pid_60,lka_test,81.2309,127.0832,16.6667,curve_0,LaneKeeping,-0.0018,0.2728,16.6667,0.0,,
9.58,pid_60,lka_test,81.536,127.2174,16.6667,curve_0,LaneKeeping,-0.002,0.0467,16.6667,0.0,,
9.6,pid_60,lka_test,81.8412,127.3514,16.6667,curve_0,LaneKeeping,-0.0021,0.0065,16.6667,0.0,,
9.62,pid_60,lka_test,82.1464,127.4854,16.6667,curve_0,LaneKeeping,-0.0021,-0.0006,16.6667,0.0,,
9.64,pid_60,lka_test,82.4516,127.6194,16.6667,curve_0,LaneKeeping,-0.0021,-0.0019,16.6667,0.0,,
9.66,pid_60,lka_test,82.7568,127.7534,16.6667,curve_0,LaneKeeping,-0.002,-0.0021,16.6667,0.0,,
9.68,pid_60,lka_test,83.0621,127.8874,16.6667,curve_0,LaneKeeping,-0.002,-0.0021,16.6667,0.0,,
9.7,pid_60,lka_test,83.3673,128.0213,16.6667,curve_0,LaneKeeping,-0.002,-0.0021,16.6667,0.0,,
9.72,pid_60,lka_test,83.6725,128.1553,16.6667,curve_0,LaneKeeping,-0.002,-0.0021,16.6667,0.0,,
9.74,pid_60,lka_test,83.9777,128.2893,16.6667,curve_0,LaneKeeping,0.0474,1.6349,16.6667,0.0,,
9.76,pid_60,lka_test,84.2706,128.4485,16.6667,curve_0,LaneKeeping,0.0099,6.4742,16.6667,0.0,,
9.78,pid_60,lka_test,84.5758,128.5825,16.6667,curve_0,LaneKeeping,0.0003,1.6349,16.6667,0.0,,
9.8,pid_60,lka_test,84.8841,128.7092,16.6667,curve_0,LaneKeeping,-0.0012,0.2733,16.6667,0.0,,
9.82,pid_60,lka_test,85.1929,128.8346,16.6667,curve_0,LaneKeeping,-0.0015,0.0472,16.6667,0.0,,
9.84,pid_60,lka_test,85.5019,128.9599,16.6667,curve_0,LaneKeeping,-0.0016,0.0071,16.6667,0.0,,
9.86,pid_60,lka_test,85.8108,129.0851,16.6667,curve_0,LaneKeeping,-0.0016,-0.0001,16.6667,0.0,,
9.88,pid_60,lka_test,86.1197,129.2103,16.6667,curve_0,LaneKeeping,-0.0016,-0.0013,16.6667,0.0,,
9.9,pid_60,lka_test,86.4286,129.3355,16.6667,curve_0,LaneKeeping,-0.0015,-0.0016,16.6667,0.0,,
9.92,pid_60,lka_test,86.7376,129.4607,16.6667,curve_0,LaneKeeping,-0.0015,-0.0016,16.6667,0.0,,
9.94,pid_60,lka_test,87.0465,129.5859,16.6667,curve_0,LaneKeeping,-0.0015,-0.0016,16.6667,0.0,,
9.96,pid_60,lka_test,87.3554,129.7111,16.6667,curve_0,LaneKeeping,-0.0015,-0.0016,16.6667,0.0,,
9.98,pid_60,lka_test,87.6643,129.8363,16.6667,curve_0,LaneKeeping,0.048,1.6355,16.6667,0.0,,
10.0,pid_60,lka_test,87.9616,129.9871,16.6667,curve_0,LaneKeeping,0.0104,6.4747,16.6667,0.0,,
10.02,pid_60,lka_test,88.2705,130.1124,16.6667,curve_0,LaneKeeping,0.0009,1.6355,16.6667,0.0,,
10.04,pid_60,lka_test,88.5823,130.2302,16.6667,curve_0,LaneKeeping,-0.0007,0.2739,16.6667,0.0,,
10.06,pid_60,lka_test,88.8946,130.3468,16.6667,curve_0,LaneKeeping,-0.001,0.0478,16.6667,0.0,,
10.08,pid_60,lka_test,89.207,130.4632,16.6667,curve_0,LaneKeeping,-0.0011,0.0076,16.6667,0.0,,
10.1,pid_60,lka_test,89.5193,130.5795,16.6667,curve_0,LaneKeeping,-0.0011,0.0004,16.6667,0.0,,
10.12,pid_60,lka_test,89.8317,130.6958,16.6667,curve_0,LaneKeeping,-0.0011,-0.0008,16.6667,0.0,,
10.14,pid_60,lka_test,90.1441,130.8122,16.6667,curve_0,LaneKeeping,-0.001,-0.001,16.6667,0.0,,
10.16,pid_60,lka_test,90.4565,130.9285,16.6667,curve_0,LaneKeeping,-0.001,-0.0011,16.6667,0.0,,
10.18,pid_60,lka_test,90.7688,131.0448,16.6667,curve_0,LaneKeeping,-0.001,-0.0011,16.6667,0.0,,
10.2,pid_60,lka_test,91.0812,131.1611,16.6667,curve_0,LaneKeeping,-0.001,-0.0011,16.6667,0.0,,
10.22,pid_60,lka_test,91.3936,131.2775,16.6667,curve_0,LaneKeeping,0.0485,1.636,16.6667,0.0,,
10.24,pid_60,lka_test,91.695,131.4197,16.6667,curve_0,LaneKeeping,0.0109,6.4752,16.6667,0.0,,
10.26,pid_60,lka_test,92.0074,131.5361,16.6667,curve_0,LaneKeeping,0.0014,1.636,16.6667,0.0,,
10.28,pid_60,lka_test,92.3225,131.6449,16.6667,curve_0,LaneKeeping,-0.0002,0.2744,16.6667,0.0,,
10.3,pid_60,lka_test,92.6379,131.7526,16.6667,curve_0,LaneKeeping,-0.0005,0.0483,16.6667,0.0,,
10.32,pid_60,lka_test,92.9535,131.86,16.6667,curve_0,LaneKeeping,-0.0005,0.0081,16.6667,0.0,,
10.34,pid_60,lka_test,93.2691,131.9674,16.6667,curve_0,LaneKeeping,-0.0005,0.001,16.6667,0.0,,
10.36,pid_60,lka_test,93.5846,132.0747,16.6667,curve_0,LaneKeeping,-0.0005,-0.0003,16.6667,0.0,,
10.38,pid_60,lka_test,93.9002,132.1821,16.6667,curve_0,LaneKeeping,-0.0005,-0.0005,16.6667,0.0,,
10.4,pid_60,lka_test,94.2158,132.2894,16.6667,curve_0,LaneKeeping,-0.0005,-0.0005,16.6667,0.0,,
10.42,pid_60,lka_test,94.5313,132.3968,16.6667,curve_0,LaneKeeping,-0.0005,-0.0005,16.6667,0.0,,
10.44,pid_60,lka_test,94.8469,132.5042,16.6667,curve_0,LaneKeeping,-0.0005,-0.0005,16.6667,0.0,,
10.46,pid_60,lka_test,95.1625,132.6115,16.6667,curve_0,LaneKeeping,0.049,1.6365,16.6667,0.0,,
10.48,pid_60,lka_test,95.4679,132.7451,16.6667,curve_0,LaneKeeping,0.0114,6.4758,16.6667,0.0,,
10.5,pid_60,lka_test,95.7834,132.8525,16.6667,curve_0,LaneKeeping,0.0019,1.6365,16.6667,0.0,,
10.52,pid_60,lka_test,96.1015,132.9523,16.6667,curve_0,LaneKeeping,0.0003,0.2749,16.6667,0.0,,
10.54,pid_60,lka_test,96.4199,133.0509,16.6667,curve_0,LaneKeeping,0.0,0.0488,16.6667,0.0,,
10.56,pid_60,lka_test,96.7384,133.1492,16.6667,curve_0,LaneKeeping,-0.0,0.0087,16.6667,0.0,,
10.58,pid_60,lka_test,97.0569,133.2476,16.6667,curve_0,LaneKeeping,-0.0,0.0015,16.6667,0.0,,
10.6,pid_60,lka_test,97.3754,133.3459,16.6667,curve_0,LaneKeeping,-0.0,0.0003,16.6667,0.0,,
10.62,pid_60,lka_test,97.6939,133.4442,16.6667,curve_0,LaneKeeping,-0.0,0.0,16.6667,0.0,,
10.64,pid_60,lka_test,98.0124,133.5425,16.6667,curve_0,LaneKeeping,-0.0,-0.0,16.6667,0.0,,
10.66,pid_60,lka_test,98.3309,133.6408,16.6667,curve_0,LaneKeeping,-0.0,-0.0,16.6667,0.0,,
10.68,pid_60,lka_test,98.6494,133.7391,16.6667,curve_0,LaneKeeping,-0.0,-0.0,16.6667,0.0,,
10.7,pid_60,lka_test,98.9679,133.8374,16.6667,curve_0,LaneKeeping,0.0496,1.637,16.6667,0.0,,
10.72,pid_60,lka_test,99.277,133.9622,16.6667,curve_0,LaneKeeping,0.012,6.4763,16.6667,0.0,,
10.74,pid_60,lka_test,99.5955,134.0605,16.6667,curve_0,LaneKeeping,0.0025,1.637,16.6667,0.0,,
10.76,pid_60,lka_test,99.9163,134.1512,16.6667,curve_0,LaneKeeping,0.0009,0.2755,16.6667,0.0,,
10.78,pid_60,lka_test,100.2374,134.2407,16.6667,curve_0,LaneKeeping,0.0006,0.0494,16.6667,0.0,,
10.8,pid_60,lka_test,100.5586,134.3299,16.6667,curve_0,LaneKeeping,0.0005,0.0092,16.6667,0.0,,
10.82,pid_60,lka_test,100.8798,134.4191,16.6667,curve_0,LaneKeeping,0.0005,0.0021,16.6667,0.0,,
10.84,pid_60,lka_test,101.2009,134.5082,16.6667,curve_0,LaneKeeping,0.0005,0.0008,16.6667,0.0,,
10.86,pid_60,lka_test,101.5221,134.5974,16.6667,curve_0,LaneKeeping,0.0005,0.0006,16.6667,0.0,,
10.88,pid_60,lka_test,101.8433,134.6866,16.6667,curve_0,LaneKeeping,0.0005,0.0005,16.6667,0.0,,
10.9,pid_60,lka_test,102.1645,134.7757,16.6667,curve_0,LaneKeeping,0.0005,0.0005,16.6667,0.0,,
10.92,pid_60,lka_test,102.4857,134.8649,16.6667,curve_0,LaneKeeping,0.0005,0.0005,16.6667,0.0,,
10.94,pid_60,lka_test,102.8069,134.9541,16.6667,curve_0,LaneKeeping,0.0501,1.6375,16.6667,0.0,,
10.96,pid_60,lka_test,103.1194,135.07,16.6667,curve_0,LaneKeeping,0.0125,6.4768,16.6667,0.0,,
10.98,pid_60,lka_test,103.4406,135.1592,16.6667,curve_0,LaneKeeping,0.003,1.6375,16.6667,0.0,,
11.0,pid_60,lka_test,103.7638,135.2407,16.6667,curve_0,LaneKeeping,0.0014,0.276,16.6667,0.0,,
11.02,pid_60,lka_test,104.0873,135.321,16.6667,curve_0,LaneKeeping,0.0011,0.0499,16.6667,0.0,,
11.04,pid_60,lka_test,104.4109,135.401,16.6667,curve_0,LaneKeeping,0.001,0.0098,16.6667,0.0,,
11.06,pid_60,lka_test,104.7345,135.4809,16.6667,curve_0,LaneKeeping,0.001,0.0026,16.6667,0.0,,
11.08,pid_60,lka_test,105.0581,135.5609,16.6667,curve_0,LaneKeeping,0.001,0.0013,16.6667,0.0,,
11.1,pid_60,lka_test,105.3817,135.6409,16.6667,curve_0,LaneKeeping,0.001,0.0011,16.6667,0.0,,
11.12,pid_60,lka_test,105.7053,135.7208,16.6667,curve_0,LaneKeeping,0.001,0.0011,16.6667,0.0,,
11.14,pid_60,lka_test,106.0289,135.8008,16.6667,curve_0,LaneKeeping,0.001,0.001,16.6667,0.0,,
11.16,pid_60,lka_test,106.3525,135.8807,16.6667,curve_0,LaneKeeping,0.001,0.001,16.6667,0.0,,
11.18,pid_60,lka_test,106.6761,135.9607,16.6667,curve_0,LaneKeeping,0.0507,1.638,16.6667,0.0,,
11.2,pid_60,lka_test,106.9918,136.0677,16.6667,curve_0,LaneKeeping,0.0131,6.4773,16.6667,0.0,,
11.22,pid_60,lka_test,107.3154,136.1476,16.6667,curve_0,LaneKeeping,0.0035,1.638,16.6667,0.0,,
11.24,pid_60,lka_test,107.6408,136.2199,16.6667,curve_0,LaneKeeping,0.0019,0.2766,16.6667,0.0,,
11.26,pid_60,lka_test,107.9665,136.2908,16.6667,curve_0,LaneKeeping,0.0016,0.0505,16.6667,0.0,,
11.28,pid_60,lka_test,108.2922,136.3616,16.6667,curve_0,LaneKeeping,0.0016,0.0103,16.6667,0.0,,
11.3,pid_60,lka_test,108.618,136.4323,16.6667,curve_0,LaneKeeping,0.0016,0.0032,16.6667,0.0,,
11.32,pid_60,lka_test,108.9438,136.503,16.6667,curve_0,LaneKeeping,0.0015,0.0019,16.6667,0.0,,
0.0,pid_80,lka_test,0.0,0.0,22.2222,curve_0,LaneKeeping,0.0,0.8185,22.2222,0.0,,
0.02,pid_80,lka_test,0.0,0.4444,22.2222,curve_0,LaneKeeping,-0.0063,0.8185,22.2222,0.0,,
0.04,pid_80,lka_test,0.0094,0.8888,22.2222,curve_0,LaneKeeping,-0.0033,-0.3929,22.2222,0.0,,
0.06,pid_80,lka_test,0.0144,1.3332,22.2222,curve_0,LaneKeeping,-0.0047,0.1789,22.2222,0.0,,
0.08,pid_80,lka_test,0.0214,1.7776,22.2222,curve_0,LaneKeeping,-0.004,-0.0883,22.2222,0.0,,
0.1,pid_80,lka_test,0.0275,2.222,22.2222,curve_0,LaneKeeping,0.0465,1.6734,22.2222,0.0,,
0.12,pid_80,lka_test,-0.0165,2.6643,22.2222,curve_0,LaneKeeping,-0.0163,8.1257,22.2222,0.0,,
0.14,pid_80,lka_test,-0.0104,3.1087,22.2222,curve_0,LaneKeeping,-0.0293,1.6734,22.2222,0.0,,
0.16,pid_80,lka_test,0.0154,3.5524,22.2222,curve_0,LaneKeeping,-0.0226,-0.8668,22.2222,0.0,,
0.18,pid_80,lka_test,0.0314,3.9965,22.2222,curve_0,LaneKeeping,-0.0255,0.3831,22.2222,0.0,,
0.2,pid_80,lka_test,0.0521,4.4405,22.2222,curve_0,LaneKeeping,-0.0239,-0.2071,22.2222,0.0,,
0.22,pid_80,lka_test,0.0706,4.8845,22.2222,curve_0,LaneKeeping,-0.0245,0.0689,22.2222,0.0,,
0.24,pid_80,lka_test,0.0901,5.3286,22.2222,curve_0,LaneKeeping,-0.024,-0.0596,22.2222,0.0,,
0.26,pid_80,lka_test,0.1091,5.7726,22.2222,curve_0,LaneKeeping,-0.024,0.0004,22.2222,0.0,,
0.28,pid_80,lka_test,0.1284,6.2166,22.2222,curve_0,LaneKeeping,0.0271,1.6096,22.2222,0.0,,
0.3,pid_80,lka_test,0.0976,6.66,22.2222,curve_0,LaneKeeping,-0.0352,8.062,22.2222,0.0,,
0.32,pid_80,lka_test,0.1169,7.104,22.2222,curve_0,LaneKeeping,-0.0477,1.6096,22.2222,0.0,,
0.34,pid_80,lka_test,0.1552,7.5468,22.2222,curve_0,LaneKeeping,-0.0411,-0.853,22.2222,0.0,,
0.36,pid_80,lka_test,0.1842,7.9903,22.2222,curve_0,LaneKeeping,-0.0438,0.3551,22.2222,0.0,,
0.38,pid_80,lka_test,0.2175,8.4335,22.2222,curve_0,LaneKeeping,-0.0422,-0.2148,22.2222,0.0,,
0.4,pid_80,lka_test,0.2489,8.8768,22.2222,curve_0,LaneKeeping,-0.0426,0.0518,22.2222,0.0,,
0.42,pid_80,lka_test,0.2811,9.3201,22.2222,curve_0,LaneKeeping,-0.042,-0.0722,22.2222,0.0,,
0.44,pid_80,lka_test,0.313,9.7634,22.2222,curve_0,LaneKeeping,-0.0419,-0.0141,22.2222,0.0,,
0.46,pid_80,lka_test,0.345,10.2067,22.2222,curve_0,LaneKeeping,0.0094,1.5961,22.2222,0.0,,
0.48,pid_80,lka_test,0.327,10.6508,22.2222,curve_0,LaneKeeping,-0.0528,8.0485,22.2222,0.0,,
0.5,pid_80,lka_test,0.3591,11.0941,22.2222,curve_0,LaneKeeping,-0.0652,1.5961,22.2222,0.0,,
0.52,pid_80,lka_test,0.4101,11.5356,22.2222,curve_0,LaneKeeping,-0.0584,-0.8665,22.2222,0.0,,
0.54,pid_80,lka_test,0.4518,11.9781,22.2222,curve_0,LaneKeeping,-0.0611,0.3417,22.2222,0.0,,
0.56,pid_80,lka_test,0.498,12.4201,22.2222,curve_0,LaneKeeping,-0.0593,-0.2281,22.2222,0.0,,
0.58,pid_80,lka_test,0.542,12.8624,22.2222,curve_0,LaneKeeping,-0.0596,0.0386,22.2222,0.0,,
0.6,pid_80,lka_test,0.5871,13.3045,22.2222,curve_0,LaneKeeping,-0.059,-0.0854,22.2222,0.0,,
0.62,pid_80,lka_test,0.6317,13.7467,22.2222,curve_0,LaneKeeping,-0.0587,-0.0272,22.2222,0.0,,
0.64,pid_80,lka_test,0.6764,14.1889,22.2222,curve_0,LaneKeeping,-0.0071,1.5831,22.2222,0.0,,
0.66,pid_80,lka_test,0.6713,14.6333,22.2222,curve_0,LaneKeeping,-0.0693,8.0355,22.2222,0.0,,
0.68,pid_80,lka_test,0.716,15.0755,22.2222,curve_0,LaneKeeping,-0.0815,1.5831,22.2222,0.0,,
0.7,pid_80,lka_test,0.7798,15.5154,22.2222,curve_0,LaneKeeping,-0.0747,-0.879,22.2222,0.0,,
0.72,pid_80,lka_test,0.8342,15.9564,22.2222,curve_0,LaneKeeping,-0.0773,0.3291,22.2222,0.0,,
0.74,pid_80,lka_test,0.8931,16.397,22.2222,curve_0,LaneKeeping,-0.0754,-0.2406,22.2222,0.0,,
0.76,pid_80,lka_test,0.9499,16.8378,22.2222,curve_0,LaneKeeping,-0.0756,0.0262,22.2222,0.0,,
0.78,pid_80,lka_test,1.0076,17.2785,22.2222,curve_0,LaneKeeping,-0.0749,-0.0977,22.2222,0.0,,
0.8,pid_80,lka_test,1.0649,17.7192,22.2222,curve_0,LaneKeeping,-0.0746,-0.0395,22.2222,0.0,,
0.82,pid_80,lka_test,1.1224,18.1599,22.2222,curve_0,LaneKeeping,-0.0227,1.5709,22.2222,0.0,,
0.84,pid_80,lka_test,1.13,18.6043,22.2222,curve_0,LaneKeeping,-0.0847,8.0233,22.2222,0.0,,
0.86,pid_80,lka_test,1.1875,19.045,22.2222,curve_0,LaneKeeping,-0.0969,1.5709,22.2222,0.0,,
0.88,pid_80,lka_test,1.2638,19.4828,22.2222,curve_0,LaneKeeping,-0.09,-0.8908,22.2222,0.0,,
0.9,pid_80,lka_test,1.331,19.9222,22.2222,curve_0,LaneKeeping,-0.0925,0.3172,22.2222,0.0,,
0.92,pid_80,lka_test,1.4025,20.3608,22.2222,curve_0,LaneKeeping,-0.0905,-0.2523,22.2222,0.0,,
0.94,pid_80,lka_test,1.4719,20.7998,22.2222,curve_0,LaneKeeping,-0.0906,0.0145,22.2222,0.0,,
0.96,pid_80,lka_test,1.5423,21.2387,22.2222,curve_0,LaneKeeping,-0.0898,-0.1093,22.2222,0.0,,
0.98,pid_80,lka_test,1.6122,21.6776,22.2222,curve_0,LaneKeeping,-0.0894,-0.051,22.2222,0.0,,
1.0,pid_80,lka_test,1.6824,22.1164,22.2222,curve_0,LaneKeeping,-0.0372,1.5595,22.2222,0.0,,
1.02,pid_80,lka_test,1.7028,22.5604,22.2222,curve_0,LaneKeeping,-0.0992,8.0119,22.2222,0.0,,
1.04,pid_80,lka_test,1.7729,22.9993,22.2222,curve_0,LaneKeeping,-0.1113,1.5595,22.2222,0.0,,
1.06,pid_80,lka_test,1.8618,23.4347,22.2222,curve_0,LaneKeeping,-0.1043,-0.9017,22.2222,0.0,,
1.08,pid_80,lka_test,1.9416,23.872,22.2222,curve_0,LaneKeeping,-0.1067,0.3061,22.2222,0.0,,
1.1,pid_80,lka_test,2.0256,24.3084,22.2222,curve_0,LaneKeeping,-0.1046,-0.2632,22.2222,0.0,,
1.12,pid_80,lka_test,2.1077,24.7452,22.2222,curve_0,LaneKeeping,-0.1047,0.0036,22.2222,0.0,,
1.14,pid_80,lka_test,2.1907,25.1818,22.2222,curve_0,LaneKeeping,-0.1037,-0.1201,22.2222,0.0,,
1.16,pid_80,lka_test,2.2732,25.6185,22.2222,curve_0,LaneKeeping,-0.1032,-0.0618,22.2222,0.0,,
1.18,pid_80,lka_test,2.3559,26.0552,22.2222,curve_0,LaneKeeping,-0.0509,1.5488,22.2222,0.0,,
1.2,pid_80,lka_test,2.3891,26.4984,22.2222,curve_0,LaneKeeping,-0.1127,8.0011,22.2222,0.0,,
1.22,pid_80,lka_test,2.4718,26.9351,22.2222,curve_0,LaneKeeping,-0.1247,1.5488,22.2222,0.0,,
1.24,pid_80,lka_test,2.5732,27.3678,22.2222,curve_0,LaneKeeping,-0.1177,-0.9119,22.2222,0.0,,
1.26,pid_80,lka_test,2.6655,27.8026,22.2222,curve_0,LaneKeeping,-0.1199,0.2957,22.2222,0.0,,
1.28,pid_80,lka_test,2.7621,28.2364,22.2222,curve_0,LaneKeeping,-0.1178,-0.2734,22.2222,0.0,,
1.3,pid_80,lka_test,2.8566,28.6707,22.2222,curve_0,LaneKeeping,-0.1178,-0.0066,22.2222,0.0,,
1.32,pid_80,lka_test,2.9521,29.1047,22.2222,curve_0,LaneKeeping,-0.1168,-0.1302,22.2222,0.0,,
1.34,pid_80,lka_test,3.0472,29.5389,22.2222,curve_0,LaneKeeping,-0.1162,-0.0718,22.2222,0.0,,
1.36,pid_80,lka_test,3.1425,29.973,22.2222,curve_0,LaneKeeping,-0.0635,1.5388,22.2222,0.0,,
1.38,pid_80,lka_test,3.1883,30.4151,22.2222,curve_0,LaneKeeping,-0.1253,7.9911,22.2222,0.0,,
1.4,pid_80,lka_test,3.2836,30.8492,22.2222,curve_0,LaneKeeping,-0.1373,1.5388,22.2222,0.0,,
1.42,pid_80,lka_test,3.3974,31.2788,22.2222,curve_0,LaneKeeping,-0.1301,-0.9215,22.2222,0.0,,
1.44,pid_80,lka_test,3.5021,31.7108,22.2222,curve_0,LaneKeeping,-0.1323,0.286,22.2222,0.0,,
1.46,pid_80,lka_test,3.6111,32.1416,22.2222,curve_0,LaneKeeping,-0.1301,-0.2829,22.2222,0.0,,
1.48,pid_80,lka_test,3.7181,32.573,22.2222,curve_0,LaneKeeping,-0.13,-0.0162,22.2222,0.0,,
1.5,pid_80,lka_test,3.826,33.0041,22.2222,curve_0,LaneKeeping,-0.1289,-0.1397,22.2222,0.0,,
1.52,pid_80,lka_test,3.9335,33.4354,22.2222,curve_0,LaneKeeping,-0.1283,-0.0812,22.2222,0.0,,
1.54,pid_80,lka_test,4.0412,33.8666,22.2222,curve_0,LaneKeeping,-0.0754,1.5294,22.2222,0.0,,
1.56,pid_80,lka_test,4.0998,34.3072,22.2222,curve_0,LaneKeeping,-0.1371,7.9818,22.2222,0.0,,
1.58,pid_80,lka_test,4.2075,34.7384,22.2222,curve_0,LaneKeeping,-0.1489,1.5294,22.2222,0.0,,
1.6,pid_80,lka_test,4.3336,35.1645,22.2222,curve_0,LaneKeeping,-0.1417,-0.9303,22.2222,0.0,,
1.62,pid_80,lka_test,4.4506,35.5933,22.2222,curve_0,LaneKeeping,-0.1439,0.277,22.2222,0.0,,
1.64,pid_80,lka_test,4.572,36.0209,22.2222,curve_0,LaneKeeping,-0.1416,-0.2918,22.2222,0.0,,
1.66,pid_80,lka_test,4.6913,36.449,22.2222,curve_0,LaneKeeping,-0.1414,-0.025,22.2222,0.0,,
1.68,pid_80,lka_test,4.8116,36.8768,22.2222,curve_0,LaneKeeping,-0.1403,-0.1485,22.2222,0.0,,
1.7,pid_80,lka_test,4.9314,37.3048,22.2222,curve_0,LaneKeeping,-0.1396,-0.09,22.2222,0.0,,
1.72,pid_80,lka_test,5.0515,37.7328,22.2222,curve_0,LaneKeeping,-0.0863,1.5207,22.2222,0.0,,
1.74,pid_80,lka_test,5.1226,38.1715,22.2222,curve_0,LaneKeeping,-0.148,7.9731,22.2222,0.0,,
1.76,pid_80,lka_test,5.2427,38.5994,22.2222,curve_0,LaneKeeping,-0.1598,1.5207,22.2222,0.0,,
1.78,pid_80,lka_test,5.3809,39.0218,22.2222,curve_0,LaneKeeping,-0.1525,-0.9386,22.2222,0.0,,
1.8,pid_80,lka_test,5.5103,39.447,22.2222,curve_0,LaneKeeping,-0.1546,0.2686,22.2222,0.0,,
1.82,pid_80,lka_test,5.6439,39.8709,22.2222,curve_0,LaneKeeping,-0.1523,-0.3001,22.2222,0.0,,
1.84,pid_80,lka_test,5.7754,40.2954,22.2222,curve_0,LaneKeeping,-0.152,-0.0333,22.2222,0.0,,
1.86,pid_80,lka_test,5.9079,40.7196,22.2222,curve_0,LaneKeeping,-0.1508,-0.1566,22.2222,0.0,,
1.88,pid_80,lka_test,6.04,41.144,22.2222,curve_0,LaneKeeping,-0.15,-0.0981,22.2222,0.0,,
1.9,pid_80,lka_test,6.1723,41.5683,22.2222,curve_0,LaneKeeping,-0.0965,1.5127,22.2222,0.0,,
1.92,pid_80,lka_test,6.256,42.0048,22.2222,curve_0,LaneKeeping,-0.1581,7.965,22.2222,0.0,,
1.94,pid_80,lka_test,6.3883,42.4291,22.2222,curve_0,LaneKeeping,-0.1698,1.5127,22.2222,0.0,,
1.96,pid_80,lka_test,6.5386,42.8473,22.2222,curve_0,LaneKeeping,-0.1625,-0.9462,22.2222,0.0,,
1.98,pid_80,lka_test,6.6801,43.2687,22.2222,curve_0,LaneKeeping,-0.1645,0.2608,22.2222,0.0,,
2.0,pid_80,lka_test,6.8258,43.6886,22.2222,curve_0,LaneKeeping,-0.1621,-0.3077,22.2222,0.0,,
2.02,pid_80,lka_test,6.9695,44.1091,22.2222,curve_0,LaneKeeping,-0.1618,-0.0409,22.2222,0.0,,
2.04,pid_80,lka_test,7.1141,44.5294,22.2222,curve_0,LaneKeeping,-0.1606,-0.1642,22.2222,0.0,,
2.06,pid_80,lka_test,7.2583,44.9498,22.2222,curve_0,LaneKeeping,-0.1597,-0.1057,22.2222,0.0,,
2.08,pid_80,lka_test,7.4027,45.3701,22.2222,curve_0,LaneKeeping,-0.1059,1.5052,22.2222,0.0,,
2.1,pid_80,lka_test,7.499,45.804,22.2222,curve_0,LaneKeeping,-0.1675,7.9575,22.2222,0.0,,
2.12,pid_80,lka_test,7.6433,46.2244,22.2222,curve_0,LaneKeeping,-0.1791,1.5052,22.2222,0.0,,
2.14,pid_80,lka_test,7.8056,46.6381,22.2222,curve_0,LaneKeeping,-0.1718,-0.9532,22.2222,0.0,,
2.16,pid_80,lka_test,7.9592,47.0552,22.2222,curve_0,LaneKeeping,-0.1737,0.2536,22.2222,0.0,,
2.18,pid_80,lka_test,8.1168,47.4707,22.2222,curve_0,LaneKeeping,-0.1713,-0.3148,22.2222,0.0,,
2.2,pid_80,lka_test,8.2726,47.887,22.2222,curve_0,LaneKeeping,-0.1709,-0.048,22.2222,0.0,,
2.22,pid_80,lka_test,8.4292,48.3029,22.2222,curve_0,LaneKeeping,-0.1696,-0.1712,22.2222,0.0,,
2.24,pid_80,lka_test,8.5854,48.719,22.2222,curve_0,LaneKeeping,-0.1687,-0.1126,22.2222,0.0,,
2.26,pid_80,lka_test,8.7418,49.1351,22.2222,curve_0,LaneKeeping,-0.1146,1.4983,22.2222,0.0,,
2.28,pid_80,lka_test,8.8504,49.566,22.2222,curve_0,LaneKeeping,-0.1761,7.9506,22.2222,0.0,,
2.3,pid_80,lka_test,9.0068,49.982,22.2222,curve_0,LaneKeeping,-0.1877,1.4983,22.2222,0.0,,
2.32,pid_80,lka_test,9.1809,50.391,22.2222,curve_0,LaneKeeping,-0.1803,-0.9597,22.2222,0.0,,
2.34,pid_80,lka_test,9.3463,50.8035,22.2222,curve_0,LaneKeeping,-0.1822,0.2469,22.2222,0.0,,
2.36,pid_80,lka_test,9.5158,51.2143,22.2222,curve_0,LaneKeeping,-0.1797,-0.3213,22.2222,0.0,,
2.38,pid_80,lka_test,9.6834,51.626,22.2222,curve_0,LaneKeeping,-0.1793,-0.0545,22.2222,0.0,,
2.4,pid_80,lka_test,9.8519,52.0372,22.2222,curve_0,LaneKeeping,-0.1779,-0.1777,22.2222,0.0,,
2.42,pid_80,lka_test,10.02,52.4487,22.2222,curve_0,LaneKeeping,-0.177,-0.119,22.2222,0.0,,
2.44,pid_80,lka_test,10.1882,52.86,22.2222,curve_0,LaneKeeping,-0.1226,1.4919,22.2222,0.0,,
2.46,pid_80,lka_test,10.3092,53.2877,22.2222,curve_0,LaneKeeping,-0.184,7.9442,22.2222,0.0,,
2.48,pid_80,lka_test,10.4774,53.6991,22.2222,curve_0,LaneKeeping,-0.1956,1.4919,22.2222,0.0,,
2.5,pid_80,lka_test,10.6632,54.1028,22.2222,curve_0,LaneKeeping,-0.1881,-0.9656,22.2222,0.0,,
2.52,pid_80,lka_test,10.8404,54.5104,22.2222,curve_0,LaneKeeping,-0.19,0.2408,22.2222,0.0,,
2.54,pid_80,lka_test,11.0216,54.9163,22.2222,curve_0,LaneKeeping,-0.1874,-0.3272,22.2222,0.0,,
2.56,pid_80,lka_test,11.2009,55.3229,22.2222,curve_0,LaneKeeping,-0.187,-0.0605,22.2222,0.0,,
2.58,pid_80,lka_test,11.3811,55.7292,22.2222,curve_0,LaneKeeping,-0.1855,-0.1836,22.2222,0.0,,
2.6,pid_80,lka_test,11.5609,56.1356,22.2222,curve_0,LaneKeeping,-0.1846,-0.125,22.2222,0.0,,
2.62,pid_80,lka_test,11.7409,56.542,22.2222,curve_0,LaneKeeping,-0.1299,1.486,22.2222,0.0,,
2.64,pid_80,lka_test,11.8741,56.966,22.2222,curve_0,LaneKeeping,-0.1913,7.9384,22.2222,0.0,,
2.66,pid_80,lka_test,12.054,57.3724,22.2222,curve_0,LaneKeeping,-0.2028,1.486,22.2222,0.0,,
2.68,pid_80,lka_test,12.2513,57.7707,22.2222,curve_0,LaneKeeping,-0.1953,-0.971,22.2222,0.0,,
2.7,pid_80,lka_test,12.4401,58.173,22.2222,curve_0,LaneKeeping,-0.1971,0.2352,22.2222,0.0,,
2.72,pid_80,lka_test,12.6329,58.5735,22.2222,curve_0,LaneKeeping,-0.1945,-0.3327,22.2222,0.0,,
2.74,pid_80,lka_test,12.8238,58.9748,22.2222,curve_0,LaneKeeping,-0.194,-0.066,22.2222,0.0,,
2.76,pid_80,lka_test,13.0156,59.3758,22.2222,curve_0,LaneKeeping,-0.1925,-0.189,22.2222,0.0,,
2.78,pid_80,lka_test,13.2069,59.7769,22.2222,curve_0,LaneKeeping,-0.1915,-0.1304,22.2222,0.0,,
2.8,pid_80,lka_test,13.3985,60.178,22.2222,curve_0,LaneKeeping,-0.1366,1.4806,22.2222,0.0,,
2.82,pid_80,lka_test,13.5437,60.598,22.2222,curve_0,LaneKeeping,-0.1979,7.933,22.2222,0.0,,
2.84,pid_80,lka_test,13.7353,60.999,22.2222,curve_0,LaneKeeping,-0.2094,1.4806,22.2222,0.0,,
2.86,pid_80,lka_test,13.9439,61.3915,22.2222,curve_0,LaneKeeping,-0.2018,-0.976,22.2222,0.0,,
2.88,pid_80,lka_test,14.1441,61.7883,22.2222,curve_0,LaneKeeping,-0.2036,0.2301,22.2222,0.0,,
2.9,pid_80,lka_test,14.3483,62.1831,22.2222,curve_0,LaneKeeping,-0.201,-0.3377,22.2222,0.0,,
2.92,pid_80,lka_test,14.5506,62.5788,22.2222,curve_0,LaneKeeping,-0.2004,-0.071,22.2222,0.0,,
2.94,pid_80,lka_test,14.7538,62.9741,22.2222,curve_0,LaneKeeping,-0.1989,-0.194,22.2222,0.0,,
2.96,pid_80,lka_test,14.9566,63.3695,22.2222,curve_0,LaneKeeping,-0.1979,-0.1353,22.2222,0.0,,
2.98,pid_80,lka_test,15.1596,63.7649,22.2222,curve_0,LaneKeeping,-0.1426,1.4757,22.2222,0.0,,
3.0,pid_80,lka_test,15.3168,64.1806,22.2222,curve_0,LaneKeeping,-0.2039,7.9281,22.2222,0.0,,
3.02,pid_80,lka_test,15.5198,64.576,22.2222,curve_0,LaneKeeping,-0.2154,1.4757,22.2222,0.0,,
3.04,pid_80,lka_test,15.7395,64.9624,22.2222,curve_0,LaneKeeping,-0.2078,-0.9804,22.2222,0.0,,
3.06,pid_80,lka_test,15.951,65.3532,22.2222,curve_0,LaneKeeping,-0.2095,0.2254,22.2222,0.0,,
3.08,pid_80,lka_test,16.1664,65.742,22.2222,curve_0,LaneKeeping,-0.2069,-0.3422,22.2222,0.0,,
3.1,pid_80,lka_test,16.38,66.1317,22.2222,curve_0,LaneKeeping,-0.2063,-0.0755,22.2222,0.0,,
3.12,pid_80,lka_test,16.5945,66.521,22.2222,curve_0,LaneKeeping,-0.2047,-0.1985,22.2222,0.0,,
3.14,pid_80,lka_test,16.8085,66.9106,22.2222,curve_0,LaneKeeping,-0.2036,-0.1398,22.2222,0.0,,
3.16,pid_80,lka_test,17.0227,67.3,22.2222,curve_0,LaneKeeping,-0.1481,1.4713,22.2222,0.0,,
3.18,pid_80,lka_test,17.1918,67.711,22.2222,curve_0,LaneKeeping,-0.2093,7.9237,22.2222,0.0,,
3.2,pid_80,lka_test,17.406,68.1004,22.2222,curve_0,LaneKeeping,-0.2208,1.4713,22.2222,0.0,,
3.22,pid_80,lka_test,17.6367,68.4803,22.2222,curve_0,LaneKeeping,-0.2131,-0.9844,22.2222,0.0,,
3.24,pid_80,lka_test,17.8593,68.865,22.2222,curve_0,LaneKeeping,-0.2148,0.2212,22.2222,0.0,,
3.26,pid_80,lka_test,18.0858,69.2474,22.2222,curve_0,LaneKeeping,-0.2122,-0.3463,22.2222,0.0,,
3.28,pid_80,lka_test,18.3104,69.6309,22.2222,curve_0,LaneKeeping,-0.2115,-0.0796,22.2222,0.0,,
3.3,pid_80,lka_test,18.5359,70.0139,22.2222,curve_0,LaneKeeping,-0.21,-0.2025,22.2222,0.0,,
3.32,pid_80,lka_test,18.761,70.3971,22.2222,curve_0,LaneKeeping,-0.2088,-0.1438,22.2222,0.0,,
3.34,pid_80,lka_test,18.9863,70.7802,22.2222,curve_0,LaneKeeping,-0.153,1.4673,22.2222,0.0,,
3.36,pid_80,lka_test,19.1671,71.1862,22.2222,curve_0,LaneKeeping,-0.2142,7.9196,22.2222,0.0,,
3.38,pid_80,lka_test,19.3924,71.5693,22.2222,curve_0,LaneKeeping,-0.2256,1.4673,22.2222,0.0,,
3.4,pid_80,lka_test,19.6338,71.9425,22.2222,curve_0,LaneKeeping,-0.2179,-0.988,22.2222,0.0,,
3.42,pid_80,lka_test,19.8674,72.3206,22.2222,curve_0,LaneKeeping,-0.2196,0.2174,22.2222,0.0,,
3.44,pid_80,lka_test,20.1047,72.6964,22.2222,curve_0,LaneKeeping,-0.2169,-0.35,22.2222,0.0,,
3.46,pid_80,lka_test,20.3403,73.0733,22.2222,curve_0,LaneKeeping,-0.2163,-0.0833,22.2222,0.0,,
3.48,pid_80,lka_test,20.5766,73.4496,22.2222,curve_0,LaneKeeping,-0.2147,-0.2062,22.2222,0.0,,
3.5,pid_80,lka_test,20.8126,73.8263,22.2222,curve_0,LaneKeeping,-0.2135,-0.1475,22.2222,0.0,,
3.52,pid_80,lka_test,21.0487,74.2028,22.2222,curve_0,LaneKeeping,-0.1574,1.4637,22.2222,0.0,,
3.54,pid_80,lka_test,21.2411,74.6035,22.2222,curve_0,LaneKeeping,-0.2186,7.916,22.2222,0.0,,
3.56,pid_80,lka_test,21.4772,74.98,22.2222,curve_0,LaneKeeping,-0.2299,1.4637,22.2222,0.0,,
3.58,pid_80,lka_test,21.7293,75.346,22.2222,curve_0,LaneKeeping,-0.2222,-0.9912,22.2222,0.0,,
3.6,pid_80,lka_test,21.9736,75.7173,22.2222,curve_0,LaneKeeping,-0.2239,0.214,22.2222,0.0,,
3.62,pid_80,lka_test,22.2216,76.0862,22.2222,curve_0,LaneKeeping,-0.2212,-0.3532,22.2222,0.0,,
3.64,pid_80,lka_test,22.4678,76.4561,22.2222,curve_0,LaneKeeping,-0.2205,-0.0866,22.2222,0.0,,
3.66,pid_80,lka_test,22.7148,76.8256,22.2222,curve_0,LaneKeeping,-0.2189,-0.2094,22.2222,0.0,,
3.68,pid_80,lka_test,22.9615,77.1953,22.2222,curve_0,LaneKeeping,-0.2177,-0.1507,22.2222,0.0,,
3.7,pid_80,lka_test,23.2083,77.5649,22.2222,curve_0,LaneKeeping,-0.1612,1.4605,22.2222,0.0,,
3.72,pid_80,lka_test,23.4121,77.9599,22.2222,curve_0,LaneKeeping,-0.2224,7.9128,22.2222,0.0,,
3.74,pid_80,lka_test,23.6589,78.3295,22.2222,curve_0,LaneKeeping,-0.2337,1.4605,22.2222,0.0,,
3.76,pid_80,lka_test,23.9213,78.6882,22.2222,curve_0,LaneKeeping,-0.226,-0.994,22.2222,0.0,,
3.78,pid_80,lka_test,24.1761,79.0524,22.2222,curve_0,LaneKeeping,-0.2277,0.211,22.2222,0.0,,
3.8,pid_80,lka_test,24.4346,79.414,22.2222,curve_0,LaneKeeping,-0.2249,-0.3561,22.2222,0.0,,
3.82,pid_80,lka_test,24.6913,79.7768,22.2222,curve_0,LaneKeeping,-0.2242,-0.0895,22.2222,0.0,,
3.84,pid_80,lka_test,24.9488,80.139,22.2222,curve_0,LaneKeeping,-0.2226,-0.2123,22.2222,0.0,,
3.86,pid_80,lka_test,25.2059,80.5015,22.2222,curve_0,LaneKeeping,-0.2214,-0.1536,22.2222,0.0,,
3.88,pid_80,lka_test,25.4632,80.8639,22.2222,curve_0,LaneKeeping,-0.1646,1.4576,22.2222,0.0,,
3.9,pid_80,lka_test,25.6782,81.2529,22.2222,curve_0,LaneKeeping,-0.2258,7.91,22.2222,0.0,,
3.92,pid_80,lka_test,25.9355,81.6153,22.2222,curve_0,LaneKeeping,-0.2371,1.4576,22.2222,0.0,,
3.94,pid_80,lka_test,26.2081,81.9663,22.2222,curve_0,LaneKeeping,-0.2293,-0.9965,22.2222,0.0,,
3.96,pid_80,lka_test,26.4732,82.323,22.2222,curve_0,LaneKeeping,-0.231,0.2084,22.2222,0.0,,
3.98,pid_80,lka_test,26.7419,82.6771,22.2222,curve_0,LaneKeeping,-0.2282,-0.3586,22.2222,0.0,,
4.0,pid_80,lka_test,27.0089,83.0324,22.2222,curve_0,LaneKeeping,-0.2275,-0.0921,22.2222,0.0,,
4.02,pid_80,lka_test,27.2767,83.3871,22.2222,curve_0,LaneKeeping,-0.2258,-0.2148,22.2222,0.0,,
4.04,pid_80,lka_test,27.5441,83.7421,22.2222,curve_0,LaneKeeping,-0.2246,-0.1561,22.2222,0.0,,
4.06,pid_80,lka_test,27.8116,84.097,22.2222,curve_0,LaneKeeping,-0.1675,1.4551,22.2222,0.0,,
4.08,pid_80,lka_test,28.0376,84.4797,22.2222,curve_0,LaneKeeping,-0.2287,7.9075,22.2222,0.0,,
4.1,pid_80,lka_test,28.3052,84.8346,22.2222,curve_0,LaneKeeping,-0.2399,1.4551,22.2222,0.0,,
4.12,pid_80,lka_test,28.5877,85.1777,22.2222,curve_0,LaneKeeping,-0.2322,-0.9985,22.2222,0.0,,
4.14,pid_80,lka_test,28.8629,85.5266,22.2222,curve_0,LaneKeeping,-0.2338,0.2061,22.2222,0.0,,
4.16,pid_80,lka_test,29.1416,85.8728,22.2222,curve_0,LaneKeeping,-0.231,-0.3608,22.2222,0.0,,
4.18,pid_80,lka_test,29.4187,86.2204,22.2222,curve_0,LaneKeeping,-0.2303,-0.0943,22.2222,0.0,,
4.2,pid_80,lka_test,29.6965,86.5673,22.2222,curve_0,LaneKeeping,-0.2286,-0.217,22.2222,0.0,,
4.22,pid_80,lka_test,29.9739,86.9145,22.2222,curve_0,LaneKeeping,-0.2274,-0.1582,22.2222,0.0,,
4.24,pid_80,lka_test,30.2515,87.2616,22.2222,curve_0,LaneKeeping,-0.17,1.453,22.2222,0.0,,
4.26,pid_80,lka_test,30.4884,87.6376,22.2222,curve_0,LaneKeeping,-0.2311,7.9054,22.2222,0.0,,
4.28,pid_80,lka_test,30.766,87.9847,22.2222,curve_0,LaneKeeping,-0.2424,1.453,22.2222,0.0,,
4.3,pid_80,lka_test,31.0582,88.3196,22.2222,curve_0,LaneKeeping,-0.2346,-1.0003,22.2222,0.0,,
4.32,pid_80,lka_test,31.3433,88.6606,22.2222,curve_0,LaneKeeping,-0.2362,0.2042,22.2222,0.0,,
4.34,pid_80,lka_test,31.6318,88.9987,22.2222,curve_0,LaneKeeping,-0.2334,-0.3626,22.2222,0.0,,
4.36,pid_80,lka_test,31.9187,89.3381,22.2222,curve_0,LaneKeeping,-0.2327,-0.0961,22.2222,0.0,,
4.38,pid_80,lka_test,32.2063,89.6769,22.2222,curve_0,LaneKeeping,-0.231,-0.2188,22.2222,0.0,,
4.4,pid_80,lka_test,32.4935,90.0161,22.2222,curve_0,LaneKeeping,-0.2297,-0.16,22.2222,0.0,,
4.42,pid_80,lka_test,32.781,90.3551,22.2222,curve_0,LaneKeeping,-0.172,1.4512,22.2222,0.0,,
4.44,pid_80,lka_test,33.0285,90.7242,22.2222,curve_0,LaneKeeping,-0.2332,7.9035,22.2222,0.0,,
4.46,pid_80,lka_test,33.3159,91.0632,22.2222,curve_0,LaneKeeping,-0.2444,1.4512,22.2222,0.0,,
4.48,pid_80,lka_test,33.6175,91.3896,22.2222,curve_0,LaneKeeping,-0.2366,-1.0017,22.2222,0.0,,
4.5,pid_80,lka_test,33.9123,91.7223,22.2222,curve_0,LaneKeeping,-0.2382,0.2026,22.2222,0.0,,
4.52,pid_80,lka_test,34.2103,92.052,22.2222,curve_0,LaneKeeping,-0.2354,-0.3641,22.2222,0.0,,
4.54,pid_80,lka_test,34.5068,92.3831,22.2222,curve_0,LaneKeeping,-0.2346,-0.0977,22.2222,0.0,,
4.56,pid_80,lka_test,34.804,92.7136,22.2222,curve_0,LaneKeeping,-0.2329,-0.2203,22.2222,0.0,,
4.58,pid_80,lka_test,35.1008,93.0444,22.2222,curve_0,LaneKeeping,-0.2317,-0.1616,22.2222,0.0,,
4.6,pid_80,lka_test,35.3978,93.375,22.2222,curve_0,LaneKeeping,-0.1737,1.4497,22.2222,0.0,,
4.62,pid_80,lka_test,35.6558,93.7369,22.2222,curve_0,LaneKeeping,-0.2348,7.902,22.2222,0.0,,
4.64,pid_80,lka_test,35.9528,94.0676,22.2222,curve_0,LaneKeeping,-0.246,1.4497,22.2222,0.0,,
4.66,pid_80,lka_test,36.2636,94.3852,22.2222,curve_0,LaneKeeping,-0.2383,-1.0029,22.2222,0.0,,
4.68,pid_80,lka_test,36.5678,94.7093,22.2222,curve_0,LaneKeeping,-0.2398,0.2013,22.2222,0.0,,
4.7,pid_80,lka_test,36.8751,95.0304,22.2222,curve_0,LaneKeeping,-0.237,-0.3653,22.2222,0.0,,
4.72,pid_80,lka_test,37.1809,95.3528,22.2222,curve_0,LaneKeeping,-0.2362,-0.0989,22.2222,0.0,,
4.74,pid_80,lka_test,37.4874,95.6747,22.2222,curve_0,LaneKeeping,-0.2345,-0.2215,22.2222,0.0,,
4.76,pid_80,lka_test,37.7936,95.9968,22.2222,curve_0,LaneKeeping,-0.2332,-0.1628,22.2222,0.0,,
4.78,pid_80,lka_test,38.0999,96.3189,22.2222,curve_0,LaneKeeping,-0.175,1.4484,22.2222,0.0,,
4.8,pid_80,lka_test,38.3681,96.6733,22.2222,curve_0,LaneKeeping,-0.2361,7.9008,22.2222,0.0,,
4.82,pid_80,lka_test,38.6745,96.9953,22.2222,curve_0,LaneKeeping,-0.2473,1.4484,22.2222,0.0,,
4.84,pid_80,lka_test,38.9943,97.3039,22.2222,curve_0,LaneKeeping,-0.2395,-1.0037,22.2222,0.0,,
4.86,pid_80,lka_test,39.3075,97.6192,22.2222,curve_0,LaneKeeping,-0.2411,0.2002,22.2222,0.0,,
4.88,pid_80,lka_test,39.6239,97.9313,22.2222,curve_0,LaneKeeping,-0.2382,-0.3663,22.2222,0.0,,
4.9,pid_80,lka_test,39.9388,98.2449,22.2222,curve_0,LaneKeeping,-0.2375,-0.0999,22.2222,0.0,,
4.92,pid_80,lka_test,40.2544,98.5579,22.2222,curve_0,LaneKeeping,-0.2357,-0.2225,22.2222,0.0,,
4.94,pid_80,lka_test,40.5697,98.8712,22.2222,curve_0,LaneKeeping,-0.2345,-0.1637,22.2222,0.0,,
4.96,pid_80,lka_test,40.8851,99.1843,22.2222,curve_0,LaneKeeping,-0.1759,1.4475,22.2222,0.0,,
4.98,pid_80,lka_test,41.1633,99.5309,22.2222,curve_0,LaneKeeping,-0.237,7.8999,22.2222,0.0,,
5.0,pid_80,lka_test,41.4787,99.844,22.2222,curve_0,LaneKeeping,-0.2482,1.4475,22.2222,0.0,,
5.02,pid_80,lka_test,41.8072,100.1433,22.2222,curve_0,LaneKeeping,-0.2404,-1.0043,22.2222,0.0,,
5.04,pid_80,lka_test,42.1294,100.4495,22.2222,curve_0,LaneKeeping,-0.242,0.1995,22.2222,0.0,,
5.06,pid_80,lka_test,42.4545,100.7525,22.2222,curve_0,LaneKeeping,-0.2391,-0.3669,22.2222,0.0,,
5.08,pid_80,lka_test,42.7783,101.057,22.2222,curve_0,LaneKeeping,-0.2383,-0.1006,22.2222,0.0,,
5.1,pid_80,lka_test,43.1027,101.3608,22.2222,curve_0,LaneKeeping,-0.2366,-0.2232,22.2222,0.0,,
5.12,pid_80,lka_test,43.4268,101.6649,22.2222,curve_0,LaneKeeping,-0.2353,-0.1644,22.2222,0.0,,
5.14,pid_80,lka_test,43.751,101.9689,22.2222,curve_0,LaneKeeping,-0.2339,-0.1902,22.2222,0.0,,
5.16,pid_80,lka_test,44.0752,102.273,22.2222,curve_0,LaneKeeping,-0.1878,1.4604,22.2222,0.0,,
5.18,pid_80,lka_test,44.3631,102.6116,22.2222,curve_0,LaneKeeping,-0.249,7.9128,22.2222,0.0,,
5.2,pid_80,lka_test,44.6873,102.9156,22.2222,curve_0,LaneKeeping,-0.2603,1.4604,22.2222,0.0,,
5.22,pid_80,lka_test,45.0243,103.2053,22.2222,curve_0,LaneKeeping,-0.2524,-1.0262,22.2222,0.0,,
5.24,pid_80,lka_test,45.3551,103.5022,22.2222,curve_0,LaneKeeping,-0.2539,0.1964,22.2222,0.0,,
5.26,pid_80,lka_test,45.6888,103.7957,22.2222,curve_0,LaneKeeping,-0.2509,-0.379,22.2222,0.0,,
5.28,pid_80,lka_test,46.0212,104.0908,22.2222,curve_0,LaneKeeping,-0.2501,-0.1084,22.2222,0.0,,
5.3,pid_80,lka_test,46.3542,104.3851,22.2222,curve_0,LaneKeeping,-0.2483,-0.2329,22.2222,0.0,,
5.32,pid_80,lka_test,46.6869,104.6798,22.2222,curve_0,LaneKeeping,-0.247,-0.1732,22.2222,0.0,,
5.34,pid_80,lka_test,47.0197,104.9744,22.2222,curve_0,LaneKeeping,-0.2004,1.4377,22.2222,0.0,,
5.36,pid_80,lka_test,47.3173,105.3044,22.2222,curve_0,LaneKeeping,-0.2614,7.8901,22.2222,0.0,,
5.38,pid_80,lka_test,47.6501,105.599,22.2222,curve_0,LaneKeeping,-0.2726,1.4377,22.2222,0.0,,
5.4,pid_80,lka_test,47.9953,105.8789,22.2222,curve_0,LaneKeeping,-0.2646,-1.0282,22.2222,0.0,,
5.42,pid_80,lka_test,48.3345,106.1661,22.2222,curve_0,LaneKeeping,-0.266,0.1833,22.2222,0.0,,
5.44,pid_80,lka_test,48.6766,106.4499,22.2222,curve_0,LaneKeeping,-0.263,-0.3867,22.2222,0.0,,
5.46,pid_80,lka_test,49.0173,106.7353,22.2222,curve_0,LaneKeeping,-0.2621,-0.1185,22.2222,0.0,,
5.48,pid_80,lka_test,49.3586,107.02,22.2222,curve_0,LaneKeeping,-0.2602,-0.2418,22.2222,0.0,,
5.5,pid_80,lka_test,49.6996,107.305,22.2222,curve_0,LaneKeeping,-0.2588,-0.1825,22.2222,0.0,,
5.52,pid_80,lka_test,50.0407,107.5899,22.2222,curve_0,LaneKeeping,-0.2119,1.4287,22.2222,0.0,,
5.54,pid_80,lka_test,50.3477,107.9113,22.2222,curve_0,LaneKeeping,-0.2728,7.881,22.2222,0.0,,
5.56,pid_80,lka_test,50.6889,108.1961,22.2222,curve_0,LaneKeeping,-0.2839,1.4287,22.2222,0.0,,
5.58,pid_80,lka_test,51.042,108.4661,22.2222,curve_0,LaneKeeping,-0.2759,-1.0368,22.2222,0.0,,
5.6,pid_80,lka_test,51.3893,108.7434,22.2222,curve_0,LaneKeeping,-0.2772,0.1745,22.2222,0.0,,
5.62,pid_80,lka_test,51.7393,109.0173,22.2222,curve_0,LaneKeeping,-0.2742,-0.3953,22.2222,0.0,,
5.64,pid_80,lka_test,52.0881,109.2928,22.2222,curve_0,LaneKeeping,-0.2732,-0.1271,22.2222,0.0,,
5.66,pid_80,lka_test,52.4374,109.5675,22.2222,curve_0,LaneKeeping,-0.2712,-0.2503,22.2222,0.0,,
5.68,pid_80,lka_test,52.7865,109.8426,22.2222,curve_0,LaneKeeping,-0.2698,-0.191,22.2222,0.0,,
5.7,pid_80,lka_test,53.1357,110.1176,22.2222,curve_0,LaneKeeping,-0.2225,1.4202,22.2222,0.0,,
5.72,pid_80,lka_test,53.4517,110.43,22.2222,curve_0,LaneKeeping,-0.2833,7.8726,22.2222,0.0,,
5.74,pid_80,lka_test,53.8009,110.705,22.2222,curve_0,LaneKeeping,-0.2944,1.4202,22.2222,0.0,,
5.76,pid_80,lka_test,54.1616,110.9647,22.2222,curve_0,LaneKeeping,-0.2863,-1.0447,22.2222,0.0,,
5.78,pid_80,lka_test,54.5167,111.2319,22.2222,curve_0,LaneKeeping,-0.2875,0.1664,22.2222,0.0,,
5.8,pid_80,lka_test,54.8745,111.4956,22.2222,curve_0,LaneKeeping,-0.2844,-0.4032,22.2222,0.0,,
5.82,pid_80,lka_test,55.231,111.761,22.2222,curve_0,LaneKeeping,-0.2834,-0.1351,22.2222,0.0,,
5.84,pid_80,lka_test,55.5881,112.0256,22.2222,curve_0,LaneKeeping,-0.2814,-0.2582,22.2222,0.0,,
5.86,pid_80,lka_test,55.9449,112.2906,22.2222,curve_0,LaneKeeping,-0.2798,-0.1989,22.2222,0.0,,
5.88,pid_80,lka_test,56.3019,112.5554,22.2222,curve_0,LaneKeeping,-0.2321,1.4124,22.2222,0.0,,
5.9,pid_80,lka_test,56.6268,112.8586,22.2222,curve_0,LaneKeeping,-0.293,7.8648,22.2222,0.0,,
5.92,pid_80,lka_test,56.9837,113.1234,22.2222,curve_0,LaneKeeping,-0.3039,1.4124,22.2222,0.0,,
5.94,pid_80,lka_test,57.3517,113.3727,22.2222,curve_0,LaneKeeping,-0.2958,-1.0519,22.2222,0.0,,
5.96,pid_80,lka_test,57.7144,113.6296,22.2222,curve_0,LaneKeeping,-0.297,0.159,22.2222,0.0,,
5.98,pid_80,lka_test,58.0795,113.8829,22.2222,curve_0,LaneKeeping,-0.2938,-0.4105,22.2222,0.0,,
6.0,pid_80,lka_test,58.4435,114.138,22.2222,curve_0,LaneKeeping,-0.2927,-0.1423,22.2222,0.0,,
6.02,pid_80,lka_test,58.8081,114.3922,22.2222,curve_0,LaneKeeping,-0.2906,-0.2653,22.2222,0.0,,
6.04,pid_80,lka_test,59.1723,114.6468,22.2222,curve_0,LaneKeeping,-0.289,-0.206,22.2222,0.0,,
6.06,pid_80,lka_test,59.5367,114.9013,22.2222,curve_0,LaneKeeping,-0.241,1.4053,22.2222,0.0,,
6.08,pid_80,lka_test,59.8702,115.1951,22.2222,curve_0,LaneKeeping,-0.3017,7.8577,22.2222,0.0,,
6.1,pid_80,lka_test,60.2346,115.4496,22.2222,curve_0,LaneKeeping,-0.3126,1.4053,22.2222,0.0,,
6.12,pid_80,lka_test,60.6096,115.6881,22.2222,curve_0,LaneKeeping,-0.3044,-1.0584,22.2222,0.0,,
6.14,pid_80,lka_test,60.9794,115.9346,22.2222,curve_0,LaneKeeping,-0.3056,0.1522,22.2222,0.0,,
6.16,pid_80,lka_test,61.3517,116.1773,22.2222,curve_0,LaneKeeping,-0.3024,-0.4171,22.2222,0.0,,
6.18,pid_80,lka_test,61.7229,116.4218,22.2222,curve_0,LaneKeeping,-0.3012,-0.149,22.2222,0.0,,
6.2,pid_80,lka_test,62.0946,116.6655,22.2222,curve_0,LaneKeeping,-0.2991,-0.2719,22.2222,0.0,,
6.22,pid_80,lka_test,62.466,116.9096,22.2222,curve_0,LaneKeeping,-0.2975,-0.2126,22.2222,0.0,,
6.24,pid_80,lka_test,62.8375,117.1535,22.2222,curve_0,LaneKeeping,-0.249,1.3988,22.2222,0.0,,
6.26,pid_80,lka_test,63.1793,117.4376,22.2222,curve_0,LaneKeeping,-0.3097,7.8512,22.2222,0.0,,
6.28,pid_80,lka_test,63.5508,117.6815,22.2222,curve_0,LaneKeeping,-0.3205,1.3988,22.2222,0.0,,
6.3,pid_80,lka_test,63.9325,117.9092,22.2222,curve_0,LaneKeeping,-0.3123,-1.0643,22.2222,0.0,,
6.32,pid_80,lka_test,64.3093,118.145,22.2222,curve_0,LaneKeeping,-0.3134,0.146,22.2222,0.0,,
6.34,pid_80,lka_test,64.6884,118.3769,22.2222,curve_0,LaneKeeping,-0.3101,-0.4231,22.2222,0.0,,
6.36,pid_80,lka_test,65.0664,118.6107,22.2222,curve_0,LaneKeeping,-0.3089,-0.155,22.2222,0.0,,
6.38,pid_80,lka_test,65.4449,118.8436,22.2222,curve_0,LaneKeeping,-0.3068,-0.2779,22.2222,0.0,,
6.4,pid_80,lka_test,65.8232,119.0769,22.2222,curve_0,LaneKeeping,-0.3051,-0.2185,22.2222,0.0,,
6.42,pid_80,lka_test,66.2016,119.3101,22.2222,curve_0,LaneKeeping,-0.2562,1.3929,22.2222,0.0,,
6.44,pid_80,lka_test,66.5514,119.5843,22.2222,curve_0,LaneKeeping,-0.3169,7.8453,22.2222,0.0,,
6.46,pid_80,lka_test,66.9297,119.8175,22.2222,curve_0,LaneKeeping,-0.3277,1.3929,22.2222,0.0,,
6.48,pid_80,lka_test,67.3178,120.0341,22.2222,curve_0,LaneKeeping,-0.3194,-1.0697,22.2222,0.0,,
6.5,pid_80,lka_test,67.7012,120.259,22.2222,curve_0,LaneKeeping,-0.3205,0.1405,22.2222,0.0,,
6.52,pid_80,lka_test,68.0868,120.48,22.2222,curve_0,LaneKeeping,-0.3172,-0.4285,22.2222,0.0,,
6.54,pid_80,lka_test,68.4713,120.7028,22.2222,curve_0,LaneKeeping,-0.3159,-0.1604,22.2222,0.0,,
6.56,pid_80,lka_test,68.8563,120.9248,22.2222,curve_0,LaneKeeping,-0.3137,-0.2833,22.2222,0.0,,
6.58,pid_80,lka_test,69.2412,121.1472,22.2222,curve_0,LaneKeeping,-0.312,-0.2239,22.2222,0.0,,
6.6,pid_80,lka_test,69.6261,121.3694,22.2222,curve_0,LaneKeeping,-0.2627,1.3876,22.2222,0.0,,
6.62,pid_80,lka_test,69.9835,121.6335,22.2222,curve_0,LaneKeeping,-0.3234,7.84,22.2222,0.0,,
6.64,pid_80,lka_test,70.3684,121.8557,22.2222,curve_0,LaneKeeping,-0.3341,1.3876,22.2222,0.0,,
6.66,pid_80,lka_test,70.7625,122.0612,22.2222,curve_0,LaneKeeping,-0.3258,-1.0744,22.2222,0.0,,
6.68,pid_80,lka_test,71.1522,122.2749,22.2222,curve_0,LaneKeeping,-0.3268,0.1354,22.2222,0.0,,
6.7,pid_80,lka_test,71.544,122.4848,22.2222,curve_0,LaneKeeping,-0.3235,-0.4333,22.2222,0.0,,
6.72,pid_80,lka_test,71.9348,122.6965,22.2222,curve_0,LaneKeeping,-0.3222,-0.1653,22.2222,0.0,,
6.74,pid_80,lka_test,72.326,122.9074,22.2222,curve_0,LaneKeeping,-0.32,-0.2881,22.2222,0.0,,
6.76,pid_80,lka_test,72.717,123.1186,22.2222,curve_0,LaneKeeping,-0.3182,-0.2287,22.2222,0.0,,
6.78,pid_80,lka_test,73.1081,123.3297,22.2222,curve_0,LaneKeeping,-0.2685,1.3828,22.2222,0.0,,
6.8,pid_80,lka_test,73.473,123.5834,22.2222,curve_0,LaneKeeping,-0.3291,7.8352,22.2222,0.0,,
6.82,pid_80,lka_test,73.8642,123.7945,22.2222,curve_0,LaneKeeping,-0.3399,1.3828,22.2222,0.0,,
6.84,pid_80,lka_test,74.264,123.9887,22.2222,curve_0,LaneKeeping,-0.3315,-1.0787,22.2222,0.0,,
6.86,pid_80,lka_test,74.6596,124.1912,22.2222,curve_0,LaneKeeping,-0.3325,0.1309,22.2222,0.0,,
6.88,pid_80,lka_test,75.0572,124.3897,22.2222,curve_0,LaneKeeping,-0.3291,-0.4377,22.2222,0.0,,
6.9,pid_80,lka_test,75.4539,124.5901,22.2222,curve_0,LaneKeeping,-0.3278,-0.1697,22.2222,0.0,,
6.92,pid_80,lka_test,75.851,124.7897,22.2222,curve_0,LaneKeeping,-0.3255,-0.2924,22.2222,0.0,,
6.94,pid_80,lka_test,76.2479,124.9897,22.2222,curve_0,LaneKeeping,-0.3237,-0.233,22.2222,0.0,,
6.96,pid_80,lka_test,76.6449,125.1895,22.2222,curve_0,LaneKeeping,-0.2737,1.3786,22.2222,0.0,,
6.98,pid_80,lka_test,77.017,125.4327,22.2222,curve_0,LaneKeeping,-0.3342,7.8309,22.2222,0.0,,
7.0,pid_80,lka_test,77.414,125.6325,22.2222,curve_0,LaneKeeping,-0.3449,1.3786,22.2222,0.0,,
7.02,pid_80,lka_test,77.8192,125.8151,22.2222,curve_0,LaneKeeping,-0.3365,-1.0824,22.2222,0.0,,
7.04,pid_80,lka_test,78.2204,126.0062,22.2222,curve_0,LaneKeeping,-0.3375,0.127,22.2222,0.0,,
7.06,pid_80,lka_test,78.6236,126.1933,22.2222,curve_0,LaneKeeping,-0.3341,-0.4415,22.2222,0.0,,
7.08,pid_80,lka_test,79.0258,126.3822,22.2222,curve_0,LaneKeeping,-0.3327,-0.1736,22.2222,0.0,,
7.1,pid_80,lka_test,79.4285,126.5704,22.2222,curve_0,LaneKeeping,-0.3304,-0.2962,22.2222,0.0,,
7.12,pid_80,lka_test,79.831,126.7589,22.2222,curve_0,LaneKeeping,-0.3286,-0.2368,22.2222,0.0,,
7.14,pid_80,lka_test,80.2335,126.9473,22.2222,curve_0,LaneKeeping,-0.2782,1.3748,22.2222,0.0,,
7.16,pid_80,lka_test,80.6124,127.1797,22.2222,curve_0,LaneKeeping,-0.3387,7.8272,22.2222,0.0,,
7.18,pid_80,lka_test,81.0149,127.368,22.2222,curve_0,LaneKeeping,-0.3494,1.3748,22.2222,0.0,,
7.2,pid_80,lka_test,81.4252,127.5389,22.2222,curve_0,LaneKeeping,-0.3409,-1.0856,22.2222,0.0,,
7.22,pid_80,lka_test,81.8318,127.7184,22.2222,curve_0,LaneKeeping,-0.3419,0.1235,22.2222,0.0,,
7.24,pid_80,lka_test,82.2401,127.8939,22.2222,curve_0,LaneKeeping,-0.3384,-0.4448,22.2222,0.0,,
7.26,pid_80,lka_test,82.6476,128.0713,22.2222,curve_0,LaneKeeping,-0.3371,-0.1769,22.2222,0.0,,
7.28,pid_80,lka_test,83.0555,128.2478,22.2222,curve_0,LaneKeeping,-0.3348,-0.2995,22.2222,0.0,,
7.3,pid_80,lka_test,83.4632,128.4248,22.2222,curve_0,LaneKeeping,-0.3329,-0.2401,22.2222,0.0,,
7.32,pid_80,lka_test,83.871,128.6015,22.2222,curve_0,LaneKeeping,-0.2821,1.3715,22.2222,0.0,,
7.34,pid_80,lka_test,84.2563,128.823,22.2222,curve_0,LaneKeeping,-0.3426,7.8239,22.2222,0.0,,
7.36,pid_80,lka_test,84.6641,128.9998,22.2222,curve_0,LaneKeeping,-0.3532,1.3715,22.2222,0.0,,
7.38,pid_80,lka_test,85.0791,129.1589,22.2222,curve_0,LaneKeeping,-0.3448,-1.0884,22.2222,0.0,,
7.4,pid_80,lka_test,85.4907,129.3267,22.2222,curve_0,LaneKeeping,-0.3457,0.1204,22.2222,0.0,,
7.42,pid_80,lka_test,85.9038,129.4904,22.2222,curve_0,LaneKeeping,-0.3422,-0.4477,22.2222,0.0,,
7.44,pid_80,lka_test,86.3163,129.6561,22.2222,curve_0,LaneKeeping,-0.3408,-0.1799,22.2222,0.0,,
7.46,pid_80,lka_test,86.729,129.8208,22.2222,curve_0,LaneKeeping,-0.3385,-0.3024,22.2222,0.0,,
7.48,pid_80,lka_test,87.1416,129.986,22.2222,curve_0,LaneKeeping,-0.3366,-0.243,22.2222,0.0,,
7.5,pid_80,lka_test,87.5543,130.151,22.2222,curve_0,LaneKeeping,-0.2854,1.3686,22.2222,0.0,,
7.52,pid_80,lka_test,87.9458,130.3614,22.2222,curve_0,LaneKeeping,-0.3458,7.821,22.2222,0.0,,
7.54,pid_80,lka_test,88.3585,130.5264,22.2222,curve_0,LaneKeeping,-0.3565,1.3686,22.2222,0.0,,
7.56,pid_80,lka_test,88.7779,130.6736,22.2222,curve_0,LaneKeeping,-0.348,-1.0907,22.2222,0.0,,
7.58,pid_80,lka_test,89.1941,130.8295,22.2222,curve_0,LaneKeeping,-0.3489,0.1178,22.2222,0.0,,
7.6,pid_80,lka_test,89.6118,130.9814,22.2222,curve_0,LaneKeeping,-0.3454,-0.4501,22.2222,0.0,,
7.62,pid_80,lka_test,90.0287,131.1352,22.2222,curve_0,LaneKeeping,-0.344,-0.1824,22.2222,0.0,,
7.64,pid_80,lka_test,90.4461,131.2881,22.2222,curve_0,LaneKeeping,-0.3416,-0.3049,22.2222,0.0,,
7.66,pid_80,lka_test,90.8632,131.4414,22.2222,curve_0,LaneKeeping,-0.3397,-0.2454,22.2222,0.0,,
7.68,pid_80,lka_test,91.2804,131.5945,22.2222,curve_0,LaneKeeping,-0.2881,1.3662,22.2222,0.0,,
7.7,pid_80,lka_test,91.6778,131.7936,22.2222,curve_0,LaneKeeping,-0.3486,7.8186,22.2222,0.0,,
7.72,pid_80,lka_test,92.095,131.9467,22.2222,curve_0,LaneKeeping,-0.3592,1.3662,22.2222,0.0,,
7.74,pid_80,lka_test,92.5185,132.0818,22.2222,curve_0,LaneKeeping,-0.3507,-1.0927,22.2222,0.0,,
7.76,pid_80,lka_test,92.9389,132.2258,22.2222,curve_0,LaneKeeping,-0.3516,0.1157,22.2222,0.0,,
7.78,pid_80,lka_test,93.3608,132.3657,22.2222,curve_0,LaneKeeping,-0.3481,-0.4522,22.2222,0.0,,
7.8,pid_80,lka_test,93.782,132.5075,22.2222,curve_0,LaneKeeping,-0.3467,-0.1844,22.2222,0.0,,
7.82,pid_80,lka_test,94.2035,132.6484,22.2222,curve_0,LaneKeeping,-0.3443,-0.3069,22.2222,0.0,,
7.84,pid_80,lka_test,94.6249,132.7897,22.2222,curve_0,LaneKeeping,-0.3424,-0.2475,22.2222,0.0,,
7.86,pid_80,lka_test,95.0464,132.9308,22.2222,curve_0,LaneKeeping,-0.2903,1.3642,22.2222,0.0,,
7.88,pid_80,lka_test,95.4493,133.1185,22.2222,curve_0,LaneKeeping,-0.3508,7.8166,22.2222,0.0,,
7.9,pid_80,lka_test,95.8707,133.2596,22.2222,curve_0,LaneKeeping,-0.3614,1.3642,22.2222,0.0,,
7.92,pid_80,lka_test,96.2978,133.3825,22.2222,curve_0,LaneKeeping,-0.3529,-1.0942,22.2222,0.0,,
7.94,pid_80,lka_test,96.7222,133.5145,22.2222,curve_0,LaneKeeping,-0.3538,0.1139,22.2222,0.0,,
7.96,pid_80,lka_test,97.1479,133.6422,22.2222,curve_0,LaneKeeping,-0.3502,-0.4538,22.2222,0.0,,
7.98,pid_80,lka_test,97.573,133.7719,22.2222,curve_0,LaneKeeping,-0.3488,-0.1861,22.2222,0.0,,
8.0,pid_80,lka_test,97.9984,133.9006,22.2222,curve_0,LaneKeeping,-0.3464,-0.3086,22.2222,0.0,,
8.02,pid_80,lka_test,98.4236,134.0299,22.2222,curve_0,LaneKeeping,-0.3445,-0.2491,22.2222,0.0,,
8.04,pid_80,lka_test,98.8489,134.1589,22.2222,curve_0,LaneKeeping,-0.2921,1.3626,22.2222,0.0,,
8.06,pid_80,lka_test,99.257,134.3349,22.2222,curve_0,LaneKeeping,-0.3525,7.8149,22.2222,0.0,,
8.08,pid_80,lka_test,99.6823,134.464,22.2222,curve_0,LaneKeeping,-0.3631,1.3626,22.2222,0.0,,
8.1,pid_80,lka_test,100.1128,134.5746,22.2222,curve_0,LaneKeeping,-0.3546,-1.0953,22.2222,0.0,,
8.12,pid_80,lka_test,100.5408,134.6944,22.2222,curve_0,LaneKeeping,-0.3554,0.1125,22.2222,0.0,,
8.14,pid_80,lka_test,100.97,134.8099,22.2222,curve_0,LaneKeeping,-0.3519,-0.4551,22.2222,0.0,,
8.16,pid_80,lka_test,101.3986,134.9273,22.2222,curve_0,LaneKeeping,-0.3505,-0.1874,22.2222,0.0,,
8.18,pid_80,lka_test,101.8275,135.0439,22.2222,curve_0,LaneKeeping,-0.3481,-0.3098,22.2222,0.0,,
8.2,pid_80,lka_test,102.2563,135.1609,22.2222,curve_0,LaneKeeping,-0.3461,-0.2504,22.2222,0.0,,
8.22,pid_80,lka_test,102.6851,135.2778,22.2222,curve_0,LaneKeeping,-0.2933,1.3613,22.2222,0.0,,
8.24,pid_80,lka_test,103.098,135.442,22.2222,curve_0,LaneKeeping,-0.3537,7.8137,22.2222,0.0,,
8.26,pid_80,lka_test,103.5269,135.5589,22.2222,curve_0,LaneKeeping,-0.3643,1.3613,22.2222,0.0,,
8.28,pid_80,lka_test,103.9603,135.6572,22.2222,curve_0,LaneKeeping,-0.3558,-1.0961,22.2222,0.0,,
8.3,pid_80,lka_test,104.3915,135.7646,22.2222,curve_0,LaneKeeping,-0.3567,0.1115,22.2222,0.0,,
8.32,pid_80,lka_test,104.8239,135.8678,22.2222,curve_0,LaneKeeping,-0.3531,-0.456,22.2222,0.0,,
8.34,pid_80,lka_test,105.2557,135.973,22.2222,curve_0,LaneKeeping,-0.3517,-0.1884,22.2222,0.0,,
8.36,pid_80,lka_test,105.6877,136.0772,22.2222,curve_0,LaneKeeping,-0.3492,-0.3107,22.2222,0.0,,
8.38,pid_80,lka_test,106.1196,136.182,22.2222,curve_0,LaneKeeping,-0.3473,-0.2513,22.2222,0.0,,
8.4,pid_80,lka_test,106.5516,136.2865,22.2222,curve_0,LaneKeeping,-0.2941,1.3604,22.2222,0.0,,
8.42,pid_80,lka_test,106.9691,136.4389,22.2222,curve_0,LaneKeeping,-0.3545,7.8127,22.2222,0.0,,
8.44,pid_80,lka_test,107.4011,136.5434,22.2222,curve_0,LaneKeeping,-0.3651,1.3604,22.2222,0.0,,
0.0,pid_100,lka_test,0.0,0.0,27.7778,curve_0,LaneKeeping,0.0,0.8185,27.7778,0.0,,
0.02,pid_100,lka_test,0.0,0.5556,27.7778,curve_0,LaneKeeping,-0.0079,0.8185,27.7778,0.0,,
0.04,pid_100,lka_test,0.0184,1.1108,27.7778,curve_0,LaneKeeping,0.0025,-1.0801,27.7778,0.0,,
0.06,pid_100,lka_test,0.0125,1.6663,27.7778,curve_0,LaneKeeping,-0.0113,1.4297,27.7778,0.0,,
0.08,pid_100,lka_test,0.0392,2.2212,27.7778,curve_0,LaneKeeping,0.0583,-0.3052,27.7778,0.0,,
0.1,pid_100,lka_test,-0.0121,2.7744,27.7778,curve_0,LaneKeeping,-0.0167,7.7602,27.7778,0.0,,
0.12,pid_100,lka_test,0.0146,3.3293,27.7778,curve_0,LaneKeeping,-0.0138,-0.3052,27.7778,0.0,,
0.14,pid_100,lka_test,0.0348,3.8845,27.7778,curve_0,LaneKeeping,-0.0174,0.3739,27.7778,0.0,,
0.16,pid_100,lka_test,0.0635,4.4393,27.7778,curve_0,LaneKeeping,-0.0125,-0.5071,27.7778,0.0,,
0.18,pid_100,lka_test,0.0811,4.9946,27.7778,curve_0,LaneKeeping,-0.0186,0.6382,27.7778,0.0,,
0.2,pid_100,lka_test,0.1132,5.5492,27.7778,curve_0,LaneKeeping,-0.0104,-0.8551,27.7778,0.0,,
0.22,pid_100,lka_test,0.1263,6.1046,27.7778,curve_0,LaneKeeping,0.0331,2.7399,27.7778,0.0,,
0.24,pid_100,lka_test,0.0614,6.6564,27.7778,curve_0,LaneKeeping,-0.0711,10.8054,27.7778,0.0,,
0.26,pid_100,lka_test,0.0745,7.2118,27.7778,curve_0,LaneKeeping,-0.0977,2.7399,27.7778,0.0,,
0.28,pid_100,lka_test,0.1563,7.7613,27.7778,curve_0,LaneKeeping,-0.0553,-4.3727,27.7778,0.0,,
0.3,pid_100,lka_test,0.1602,8.3168,27.7778,curve_0,LaneKeeping,-0.0911,3.6927,27.7778,0.0,,
0.32,pid_100,lka_test,0.242,8.8663,27.7778,curve_0,LaneKeeping,-0.0487,-4.3727,27.7778,0.0,,
0.34,pid_100,lka_test,0.2458,9.4219,27.7778,curve_0,LaneKeeping,-0.0845,3.6927,27.7778,0.0,,
0.36,pid_100,lka_test,0.3276,9.9714,27.7778,curve_0,LaneKeeping,-0.0421,-4.3727,27.7778,0.0,,
0.38,pid_100,lka_test,0.3315,10.5269,27.7778,curve_0,LaneKeeping,-0.036,5.3298,27.7778,0.0,,
0.4,pid_100,lka_test,0.3217,11.0824,27.7778,curve_0,LaneKeeping,-0.1012,6.7426,27.7778,0.0,,
0.42,pid_100,lka_test,0.3899,11.6337,27.7778,curve_0,LaneKeeping,-0.0884,-1.3229,27.7778,0.0,,
0.44,pid_100,lka_test,0.4295,12.1879,27.7778,curve_0,LaneKeeping,-0.1042,1.6362,27.7778,0.0,,
0.46,pid_100,lka_test,0.5081,12.7379,27.7778,curve_0,LaneKeeping,-0.081,-2.3987,27.7778,0.0,,
0.48,pid_100,lka_test,0.5309,13.2929,27.7778,curve_0,LaneKeeping,-0.1137,3.3737,27.7778,0.0,,
0.5,pid_100,lka_test,0.6314,13.8393,27.7778,curve_0,LaneKeeping,-0.0682,-4.6917,27.7778,0.0,,
0.52,pid_100,lka_test,0.6543,14.3944,27.7778,curve_0,LaneKeeping,-0.0555,5.0108,27.7778,0.0,,
0.54,pid_100,lka_test,0.6482,14.9499,27.7778,curve_0,LaneKeeping,-0.1328,7.9965,27.7778,0.0,,
0.56,pid_100,lka_test,0.72,15.5008,27.7778,curve_0,LaneKeeping,-0.1321,-0.0689,27.7778,0.0,,
0.58,pid_100,lka_test,0.7922,16.0517,27.7778,curve_0,LaneKeeping,-0.1312,-0.0982,27.7778,0.0,,
0.6,pid_100,lka_test,0.864,16.6026,27.7778,curve_0,LaneKeeping,-0.1306,-0.0592,27.7778,0.0,,
0.62,pid_100,lka_test,0.9363,17.1534,27.7778,curve_0,LaneKeeping,-0.1295,-0.1086,27.7778,0.0,,
0.64,pid_100,lka_test,1.008,17.7043,27.7778,curve_0,LaneKeeping,-0.1291,-0.0436,27.7778,0.0,,
0.66,pid_100,lka_test,1.0804,18.2551,27.7778,curve_0,LaneKeeping,-0.0791,1.5104,27.7778,0.0,,
0.68,pid_100,lka_test,1.0749,18.8107,27.7778,curve_0,LaneKeeping,-0.1715,9.5759,27.7778,0.0,,
0.7,pid_100,lka_test,1.1473,19.3615,27.7778,curve_0,LaneKeeping,-0.1861,1.5104,27.7778,0.0,,
0.72,pid_100,lka_test,1.2565,19.9062,27.7778,curve_0,LaneKeeping,-0.1635,-2.3338,27.7778,0.0,,
0.74,pid_100,lka_test,1.3135,20.4588,27.7778,curve_0,LaneKeeping,-0.1937,3.1135,27.7778,0.0,,
0.76,pid_100,lka_test,1.4475,20.998,27.7778,curve_0,LaneKeeping,-0.1457,-4.9519,27.7778,0.0,,
0.78,pid_100,lka_test,1.5045,21.5506,27.7778,curve_0,LaneKeeping,-0.1759,3.1135,27.7778,0.0,,
0.8,pid_100,lka_test,1.6385,22.0897,27.7778,curve_0,LaneKeeping,-0.0754,-3.3149,27.7778,0.0,,
0.82,pid_100,lka_test,1.6955,22.6424,27.7778,curve_0,LaneKeeping,-0.1214,4.7506,27.7778,0.0,,
0.84,pid_100,lka_test,1.8295,23.1815,27.7778,curve_0,LaneKeeping,-0.0893,-3.3149,27.7778,0.0,,
0.86,pid_100,lka_test,1.8865,23.7341,27.7778,curve_0,LaneKeeping,-0.1353,4.7506,27.7778,0.0,,
0.88,pid_100,lka_test,2.0205,24.2733,27.7778,curve_0,LaneKeeping,-0.1032,-3.3149,27.7778,0.0,,
0.9,pid_100,lka_test,2.0775,24.8259,27.7778,curve_0,LaneKeeping,-0.1492,4.7506,27.7778,0.0,,
0.92,pid_100,lka_test,2.2115,25.3651,27.7778,curve_0,LaneKeeping,-0.1171,-3.3149,27.7778,0.0,,
0.94,pid_100,lka_test,2.2685,25.9177,27.7778,curve_0,LaneKeeping,-0.1071,6.3876,27.7778,0.0,,
0.96,pid_100,lka_test,2.3038,26.4721,27.7778,curve_0,LaneKeeping,-0.1904,8.6309,27.7778,0.0,,
0.98,pid_100,lka_test,2.4166,27.0161,27.7778,curve_0,LaneKeeping,-0.1959,0.5654,27.7778,0.0,,
1.0,pid_100,lka_test,2.5443,27.5568,27.7778,curve_0,LaneKeeping,-0.1861,-1.0137,27.7778,0.0,,
1.02,pid_100,lka_test,2.6524,28.1017,27.7778,curve_0,LaneKeeping,-0.1964,1.0615,27.7778,0.0,,
1.04,pid_100,lka_test,2.7865,28.6409,27.7778,curve_0,LaneKeeping,-0.18,-1.6915,27.7778,0.0,,
1.06,pid_100,lka_test,2.8853,29.1876,27.7778,curve_0,LaneKeeping,-0.1997,2.038,27.7778,0.0,,
1.08,pid_100,lka_test,3.0337,29.7229,27.7778,curve_0,LaneKeeping,-0.1686,-3.214,27.7778,0.0,,
1.1,pid_100,lka_test,3.1055,30.2738,27.7778,curve_0,LaneKeeping,-0.1718,6.4885,27.7778,0.0,,
1.12,pid_100,lka_test,3.1869,30.8234,27.7778,curve_0,LaneKeeping,-0.2249,5.4849,27.7778,0.0,,
1.14,pid_100,lka_test,3.3446,31.3561,27.7778,curve_0,LaneKeeping,-0.1999,-2.5806,27.7778,0.0,,
1.16,pid_100,lka_test,3.4451,31.9025,27.7778,curve_0,LaneKeeping,-0.2338,3.5014,27.7778,0.0,,
1.18,pid_100,lka_test,3.6211,32.4294,27.7778,curve_0,LaneKeeping,-0.1896,-4.564,27.7778,0.0,,
1.2,pid_100,lka_test,3.7216,32.9758,27.7778,curve_0,LaneKeeping,-0.2235,3.5014,27.7778,0.0,,
1.22,pid_100,lka_test,3.8976,33.5027,27.7778,curve_0,LaneKeeping,-0.1793,-4.564,27.7778,0.0,,
1.24,pid_100,lka_test,3.9981,34.0491,27.7778,curve_0,LaneKeeping,-0.1659,5.1385,27.7778,0.0,,
1.26,pid_100,lka_test,4.0698,34.6,27.7778,curve_0,LaneKeeping,-0.2445,8.1362,27.7778,0.0,,
1.28,pid_100,lka_test,4.218,35.1354,27.7778,curve_0,LaneKeeping,-0.2452,0.0708,27.7778,0.0,,
1.3,pid_100,lka_test,4.3711,35.6695,27.7778,curve_0,LaneKeeping,-0.2409,-0.4382,27.7778,0.0,,
1.32,pid_100,lka_test,4.5179,36.2053,27.7778,curve_0,LaneKeeping,-0.2431,0.2235,27.7778,0.0,,
1.34,pid_100,lka_test,4.6728,36.7388,27.7778,curve_0,LaneKeeping,-0.237,-0.6329,27.7778,0.0,,
1.36,pid_100,lka_test,4.8172,37.2753,27.7778,curve_0,LaneKeeping,-0.2417,0.4821,27.7778,0.0,,
1.38,pid_100,lka_test,4.9752,37.8079,27.7778,curve_0,LaneKeeping,-0.1814,0.6679,27.7778,0.0,,
1.4,pid_100,lka_test,5.0569,38.3574,27.7778,curve_0,LaneKeeping,-0.2657,8.7333,27.7778,0.0,,
1.42,pid_100,lka_test,5.2149,38.89,27.7778,curve_0,LaneKeeping,-0.2722,0.6679,27.7778,0.0,,
1.44,pid_100,lka_test,5.3907,39.417,27.7778,curve_0,LaneKeeping,-0.26,-1.261,27.7778,0.0,,
1.46,pid_100,lka_test,5.5429,39.9513,27.7778,curve_0,LaneKeeping,-0.2725,1.2928,27.7778,0.0,,
1.48,pid_100,lka_test,5.7268,40.4756,27.7778,curve_0,LaneKeeping,-0.2518,-2.1406,27.7778,0.0,,
1.5,pid_100,lka_test,5.8664,41.0133,27.7778,curve_0,LaneKeeping,-0.2773,2.634,27.7778,0.0,,
1.52,pid_100,lka_test,6.0716,41.5296,27.7778,curve_0,LaneKeeping,-0.1793,-2.8583,27.7778,0.0,,
1.54,pid_100,lka_test,6.2025,42.0695,27.7778,curve_0,LaneKeeping,-0.2297,5.2072,27.7778,0.0,,
1.56,pid_100,lka_test,6.4077,42.5857,27.7778,curve_0,LaneKeeping,-0.202,-2.8583,27.7778,0.0,,
1.58,pid_100,lka_test,6.5494,43.1229,27.7778,curve_0,LaneKeeping,-0.2412,4.0465,27.7778,0.0,,
1.6,pid_100,lka_test,6.7651,43.6349,27.7778,curve_0,LaneKeeping,-0.2023,-4.0189,27.7778,0.0,,
1.62,pid_100,lka_test,6.9068,44.1721,27.7778,curve_0,LaneKeeping,-0.2415,4.0465,27.7778,0.0,,
1.64,pid_100,lka_test,7.1225,44.684,27.7778,curve_0,LaneKeeping,-0.2025,-4.0189,27.7778,0.0,,
1.66,pid_100,lka_test,7.2643,45.2212,27.7778,curve_0,LaneKeeping,-0.2417,4.0465,27.7778,0.0,,
1.68,pid_100,lka_test,7.4799,45.7332,27.7778,curve_0,LaneKeeping,-0.1605,-2.3819,27.7778,0.0,,
1.7,pid_100,lka_test,7.6217,46.2704,27.7778,curve_0,LaneKeeping,-0.2156,5.6835,27.7778,0.0,,
1.72,pid_100,lka_test,7.8373,46.7823,27.7778,curve_0,LaneKeeping,-0.1925,-2.3819,27.7778,0.0,,
1.74,pid_100,lka_test,8.0027,47.3127,27.7778,curve_0,LaneKeeping,-0.223,3.1493,27.7778,0.0,,
1.76,pid_100,lka_test,8.2408,47.8147,27.7778,curve_0,LaneKeeping,-0.1754,-4.9161,27.7778,0.0,,
1.78,pid_100,lka_test,8.4061,48.3451,27.7778,curve_0,LaneKeeping,-0.2059,3.1493,27.7778,0.0,,
1.8,pid_100,lka_test,8.6442,48.847,27.7778,curve_0,LaneKeeping,-0.1583,-4.9161,27.7778,0.0,,
1.82,pid_100,lka_test,8.8096,49.3774,27.7778,curve_0,LaneKeeping,-0.143,4.7864,27.7778,0.0,,
1.84,pid_100,lka_test,8.9421,49.9169,27.7778,curve_0,LaneKeeping,-0.2231,8.2972,27.7778,0.0,,
1.86,pid_100,lka_test,9.149,50.4325,27.7778,curve_0,LaneKeeping,-0.2254,0.2318,27.7778,0.0,,
1.88,pid_100,lka_test,9.3636,50.9449,27.7778,curve_0,LaneKeeping,-0.2194,-0.6184,27.7778,0.0,,
1.9,pid_100,lka_test,9.5682,51.4614,27.7778,curve_0,LaneKeeping,-0.2241,0.4883,27.7778,0.0,,
1.92,pid_100,lka_test,9.7857,51.9726,27.7778,curve_0,LaneKeeping,-0.2149,-0.9522,27.7778,0.0,,
1.94,pid_100,lka_test,9.9863,52.4907,27.7778,curve_0,LaneKeeping,-0.224,0.9366,27.7778,0.0,,
1.96,pid_100,lka_test,10.2092,52.9996,27.7778,curve_0,LaneKeeping,-0.1595,0.0794,27.7778,0.0,,
1.98,pid_100,lka_test,10.3586,53.5347,27.7778,curve_0,LaneKeeping,-0.2382,8.1449,27.7778,0.0,,
2.0,pid_100,lka_test,10.5815,54.0436,27.7778,curve_0,LaneKeeping,-0.239,0.0794,27.7778,0.0,,
2.02,pid_100,lka_test,10.809,54.5504,27.7778,curve_0,LaneKeeping,-0.2347,-0.4406,27.7778,0.0,,
2.04,pid_100,lka_test,11.0306,55.0598,27.7778,curve_0,LaneKeeping,-0.237,0.2353,27.7778,0.0,,
2.06,pid_100,lka_test,11.2599,55.5659,27.7778,curve_0,LaneKeeping,-0.2308,-0.6396,27.7778,0.0,,
2.08,pid_100,lka_test,11.4791,56.0764,27.7778,curve_0,LaneKeeping,-0.2356,0.4996,27.7778,0.0,,
2.1,pid_100,lka_test,11.7114,56.581,27.7778,curve_0,LaneKeeping,-0.1733,0.6533,27.7778,0.0,,
2.12,pid_100,lka_test,11.8706,57.1133,27.7778,curve_0,LaneKeeping,-0.2575,8.7187,27.7778,0.0,,
2.14,pid_100,lka_test,12.1029,57.6179,27.7778,curve_0,LaneKeeping,-0.2638,0.6533,27.7778,0.0,,
2.16,pid_100,lka_test,12.3517,58.1146,27.7778,curve_0,LaneKeeping,-0.2519,-1.2292,27.7778,0.0,,
2.18,pid_100,lka_test,12.5787,58.6217,27.7778,curve_0,LaneKeeping,-0.2641,1.2606,27.7778,0.0,,
2.2,pid_100,lka_test,12.8348,59.1147,27.7778,curve_0,LaneKeeping,-0.244,-2.0801,27.7778,0.0,,
2.22,pid_100,lka_test,13.0503,59.6268,27.7778,curve_0,LaneKeeping,-0.2687,2.5472,27.7778,0.0,,
2.24,pid_100,lka_test,13.3254,60.1095,27.7778,curve_0,LaneKeeping,-0.1706,-2.6608,27.7778,0.0,,
2.26,pid_100,lka_test,13.5299,60.626,27.7778,curve_0,LaneKeeping,-0.2229,5.4047,27.7778,0.0,,
2.28,pid_100,lka_test,13.8049,61.1087,27.7778,curve_0,LaneKeeping,-0.1971,-2.6608,27.7778,0.0,,
2.3,pid_100,lka_test,14.0251,61.6187,27.7778,curve_0,LaneKeeping,-0.2326,3.6601,27.7778,0.0,,
2.32,pid_100,lka_test,14.3147,62.0929,27.7778,curve_0,LaneKeeping,-0.1899,-4.4054,27.7778,0.0,,
2.34,pid_100,lka_test,14.5349,62.6029,27.7778,curve_0,LaneKeeping,-0.2254,3.6601,27.7778,0.0,,
2.36,pid_100,lka_test,14.8245,63.077,27.7778,curve_0,LaneKeeping,-0.1827,-4.4054,27.7778,0.0,,
2.38,pid_100,lka_test,15.0447,63.5871,27.7778,curve_0,LaneKeeping,-0.2182,3.6601,27.7778,0.0,,
2.4,pid_100,lka_test,15.3343,64.0612,27.7778,curve_0,LaneKeeping,-0.1313,-2.7684,27.7778,0.0,,
2.42,pid_100,lka_test,15.5545,64.5712,27.7778,curve_0,LaneKeeping,-0.1826,5.2971,27.7778,0.0,,
2.44,pid_100,lka_test,15.8441,65.0454,27.7778,curve_0,LaneKeeping,-0.1558,-2.7684,27.7778,0.0,,
2.46,pid_100,lka_test,16.0762,65.5501,27.7778,curve_0,LaneKeeping,-0.194,3.9498,27.7778,0.0,,
2.48,pid_100,lka_test,16.3769,66.0173,27.7778,curve_0,LaneKeeping,-0.1542,-4.1157,27.7778,0.0,,
2.5,pid_100,lka_test,16.609,66.522,27.7778,curve_0,LaneKeeping,-0.1924,3.9498,27.7778,0.0,,
2.52,pid_100,lka_test,16.9097,66.9892,27.7778,curve_0,LaneKeeping,-0.1525,-4.1157,27.7778,0.0,,
2.54,pid_100,lka_test,17.1418,67.4939,27.7778,curve_0,LaneKeeping,-0.143,5.5868,27.7778,0.0,,
2.56,pid_100,lka_test,17.3556,68.0067,27.7778,curve_0,LaneKeeping,-0.217,7.6481,27.7778,0.0,,
2.58,pid_100,lka_test,17.6393,68.4843,27.7778,curve_0,LaneKeeping,-0.2129,-0.4174,27.7778,0.0,,
2.6,pid_100,lka_test,17.9175,68.9652,27.7778,curve_0,LaneKeeping,-0.2152,0.2363,27.7778,0.0,,
2.62,pid_100,lka_test,18.2027,69.442,27.7778,curve_0,LaneKeeping,-0.2093,-0.6098,27.7778,0.0,,
2.64,pid_100,lka_test,18.4787,69.9241,27.7778,curve_0,LaneKeeping,-0.2141,0.4915,27.7778,0.0,,
2.66,pid_100,lka_test,18.7668,70.3992,27.7778,curve_0,LaneKeeping,-0.2049,-0.942,27.7778,0.0,,
2.68,pid_100,lka_test,19.039,70.8834,27.7778,curve_0,LaneKeeping,-0.1628,2.5743,27.7778,0.0,,
2.7,pid_100,lka_test,19.2407,71.4011,27.7778,curve_0,LaneKeeping,-0.2654,10.6397,27.7778,0.0,,
2.72,pid_100,lka_test,19.513,71.8853,27.7778,curve_0,LaneKeeping,-0.2903,2.5743,27.7778,0.0,,
2.74,pid_100,lka_test,19.842,72.333,27.7778,curve_0,LaneKeeping,-0.2477,-4.3949,27.7778,0.0,,
2.76,pid_100,lka_test,20.105,72.8224,27.7778,curve_0,LaneKeeping,-0.2833,3.6705,27.7778,0.0,,
2.78,pid_100,lka_test,20.434,73.27,27.7778,curve_0,LaneKeeping,-0.2407,-4.3949,27.7778,0.0,,
2.8,pid_100,lka_test,20.697,73.7594,27.7778,curve_0,LaneKeeping,-0.2763,3.6705,27.7778,0.0,,
2.82,pid_100,lka_test,21.026,74.207,27.7778,curve_0,LaneKeeping,-0.1786,-2.7579,27.7778,0.0,,
2.84,pid_100,lka_test,21.289,74.6964,27.7778,curve_0,LaneKeeping,-0.23,5.3075,27.7778,0.0,,
2.86,pid_100,lka_test,21.618,75.144,27.7778,curve_0,LaneKeeping,-0.2033,-2.7579,27.7778,0.0,,
2.88,pid_100,lka_test,21.8934,75.6265,27.7778,curve_0,LaneKeeping,-0.2405,3.84,27.7778,0.0,,
2.9,pid_100,lka_test,22.2338,76.0656,27.7778,curve_0,LaneKeeping,-0.1996,-4.2254,27.7778,0.0,,
2.92,pid_100,lka_test,22.5092,76.5481,27.7778,curve_0,LaneKeeping,-0.2368,3.84,27.7778,0.0,,
2.94,pid_100,lka_test,22.8496,76.9871,27.7778,curve_0,LaneKeeping,-0.1959,-4.2254,27.7778,0.0,,
2.96,pid_100,lka_test,23.125,77.4696,27.7778,curve_0,LaneKeeping,-0.2331,3.84,27.7778,0.0,,
2.98,pid_100,lka_test,23.4654,77.9087,27.7778,curve_0,LaneKeeping,-0.1493,-2.5884,27.7778,0.0,,
3.0,pid_100,lka_test,23.7408,78.3912,27.7778,curve_0,LaneKeeping,-0.2023,5.477,27.7778,0.0,,
3.02,pid_100,lka_test,24.0812,78.8302,27.7778,curve_0,LaneKeeping,-0.1772,-2.5884,27.7778,0.0,,
3.04,pid_100,lka_test,24.3726,79.3032,27.7778,curve_0,LaneKeeping,-0.2117,3.5571,27.7778,0.0,,
3.06,pid_100,lka_test,24.7275,79.7306,27.7778,curve_0,LaneKeeping,-0.168,-4.5084,27.7778,0.0,,
3.08,pid_100,lka_test,25.0189,80.2036,27.7778,curve_0,LaneKeeping,-0.2025,3.5571,27.7778,0.0,,
3.1,pid_100,lka_test,25.3738,80.631,27.7778,curve_0,LaneKeeping,-0.1588,-4.5084,27.7778,0.0,,
3.12,pid_100,lka_test,25.6653,81.104,27.7778,curve_0,LaneKeeping,-0.1468,5.1941,27.7778,0.0,,
3.14,pid_100,lka_test,25.9345,81.59,27.7778,curve_0,LaneKeeping,-0.2227,7.851,27.7778,0.0,,
3.16,pid_100,lka_test,26.2692,82.0334,27.7778,curve_0,LaneKeeping,-0.2207,-0.2144,27.7778,0.0,,
3.18,pid_100,lka_test,26.6025,82.4779,27.7778,curve_0,LaneKeeping,-0.2203,-0.0363,27.7778,0.0,,
3.2,pid_100,lka_test,26.9376,82.921,27.7778,curve_0,LaneKeeping,-0.2177,-0.265,27.7778,0.0,,
3.22,pid_100,lka_test,27.2704,83.3658,27.7778,curve_0,LaneKeeping,-0.2181,0.0328,27.7778,0.0,,
3.24,pid_100,lka_test,27.6061,83.8084,27.7778,curve_0,LaneKeeping,-0.2147,-0.3508,27.7778,0.0,,
3.26,pid_100,lka_test,27.938,84.2539,27.7778,curve_0,LaneKeeping,-0.1662,1.7849,27.7778,0.0,,
3.28,pid_100,lka_test,28.2041,84.7416,27.7778,curve_0,LaneKeeping,-0.2612,9.8504,27.7778,0.0,,
3.3,pid_100,lka_test,28.536,85.1871,27.7778,curve_0,LaneKeeping,-0.2785,1.7849,27.7778,0.0,,
3.32,pid_100,lka_test,28.9033,85.604,27.7778,curve_0,LaneKeeping,-0.2503,-2.9171,27.7778,0.0,,
3.34,pid_100,lka_test,29.2172,86.0624,27.7778,curve_0,LaneKeeping,-0.2898,4.0766,27.7778,0.0,,
3.36,pid_100,lka_test,29.5922,86.4723,27.7778,curve_0,LaneKeeping,-0.2511,-3.9888,27.7778,0.0,,
3.38,pid_100,lka_test,29.906,86.9307,27.7778,curve_0,LaneKeeping,-0.2906,4.0766,27.7778,0.0,,
3.4,pid_100,lka_test,30.2811,87.3406,27.7778,curve_0,LaneKeeping,-0.1983,-2.3518,27.7778,0.0,,
3.42,pid_100,lka_test,30.5949,87.799,27.7778,curve_0,LaneKeeping,-0.2536,5.7136,27.7778,0.0,,
3.44,pid_100,lka_test,30.9699,88.2089,27.7778,curve_0,LaneKeeping,-0.2308,-2.3518,27.7778,0.0,,
3.46,pid_100,lka_test,31.3048,88.6521,27.7778,curve_0,LaneKeeping,-0.2602,3.0301,27.7778,0.0,,
3.48,pid_100,lka_test,31.6987,89.044,27.7778,curve_0,LaneKeeping,-0.2114,-5.0354,27.7778,0.0,,
3.5,pid_100,lka_test,32.0336,89.4872,27.7778,curve_0,LaneKeeping,-0.2408,3.0301,27.7778,0.0,,
3.52,pid_100,lka_test,32.4274,89.879,27.7778,curve_0,LaneKeeping,-0.192,-5.0354,27.7778,0.0,,
3.54,pid_100,lka_test,32.7623,90.3223,27.7778,curve_0,LaneKeeping,-0.2214,3.0301,27.7778,0.0,,
3.56,pid_100,lka_test,33.1562,90.7141,27.7778,curve_0,LaneKeeping,-0.1312,-3.3984,27.7778,0.0,,
3.58,pid_100,lka_test,33.4911,91.1574,27.7778,curve_0,LaneKeeping,-0.1764,4.6671,27.7778,0.0,,
3.6,pid_100,lka_test,33.8849,91.5492,27.7778,curve_0,LaneKeeping,-0.1434,-3.3984,27.7778,0.0,,
3.62,pid_100,lka_test,34.2198,91.9925,27.7778,curve_0,LaneKeeping,-0.1886,4.6671,27.7778,0.0,,
3.64,pid_100,lka_test,34.6137,92.3843,27.7778,curve_0,LaneKeeping,-0.1557,-3.3984,27.7778,0.0,,
3.66,pid_100,lka_test,34.9486,92.8276,27.7778,curve_0,LaneKeeping,-0.2009,4.6671,27.7778,0.0,,
3.68,pid_100,lka_test,35.3424,93.2194,27.7778,curve_0,LaneKeeping,-0.168,-3.3984,27.7778,0.0,,
3.7,pid_100,lka_test,35.6773,93.6627,27.7778,curve_0,LaneKeeping,-0.1681,6.3041,27.7778,0.0,,
3.72,pid_100,lka_test,36.0144,94.1043,27.7778,curve_0,LaneKeeping,-0.2265,6.0322,27.7778,0.0,,
3.74,pid_100,lka_test,36.41,94.4943,27.7778,curve_0,LaneKeeping,-0.2068,-2.0333,27.7778,0.0,,
3.76,pid_100,lka_test,36.7734,94.9145,27.7778,curve_0,LaneKeeping,-0.2313,2.5313,27.7778,0.0,,
3.78,pid_100,lka_test,37.1835,95.2893,27.7778,curve_0,LaneKeeping,-0.1907,-4.195,27.7778,0.0,,
3.8,pid_100,lka_test,37.537,95.7179,27.7778,curve_0,LaneKeeping,-0.2282,3.8705,27.7778,0.0,,
3.82,pid_100,lka_test,37.9471,96.0927,27.7778,curve_0,LaneKeeping,-0.1876,-4.195,27.7778,0.0,,
3.84,pid_100,lka_test,38.3005,96.5213,27.7778,curve_0,LaneKeeping,-0.1764,5.5075,27.7778,0.0,,
3.86,pid_100,lka_test,38.6356,96.9645,27.7778,curve_0,LaneKeeping,-0.253,7.9222,27.7778,0.0,,
3.88,pid_100,lka_test,39.0296,97.3562,27.7778,curve_0,LaneKeeping,-0.2516,-0.1432,27.7778,0.0,,
3.9,pid_100,lka_test,39.4237,97.7477,27.7778,curve_0,LaneKeeping,-0.2499,-0.1717,27.7778,0.0,,
3.92,pid_100,lka_test,39.8176,98.1395,27.7778,curve_0,LaneKeeping,-0.2486,-0.1327,27.7778,0.0,,
3.94,pid_100,lka_test,40.2118,98.531,27.7778,curve_0,LaneKeeping,-0.2469,-0.181,27.7778,0.0,,
3.96,pid_100,lka_test,40.6055,98.9229,27.7778,curve_0,LaneKeeping,-0.2457,-0.1164,27.7778,0.0,,
3.98,pid_100,lka_test,40.9998,99.3143,27.7778,curve_0,LaneKeeping,-0.1917,1.4391,27.7778,0.0,,
4.0,pid_100,lka_test,41.3353,99.7571,27.7778,curve_0,LaneKeeping,-0.2834,9.5045,27.7778,0.0,,
4.02,pid_100,lka_test,41.7297,100.1484,27.7778,curve_0,LaneKeeping,-0.2974,1.4391,27.7778,0.0,,
4.04,pid_100,lka_test,42.1493,100.5125,27.7778,curve_0,LaneKeeping,-0.2741,-2.3989,27.7778,0.0,,
4.06,pid_100,lka_test,42.5325,100.9147,27.7778,curve_0,LaneKeeping,-0.3036,3.039,27.7778,0.0,,
4.08,pid_100,lka_test,42.9684,101.2592,27.7778,curve_0,LaneKeeping,-0.2549,-5.0265,27.7778,0.0,,
4.1,pid_100,lka_test,43.3516,101.6614,27.7778,curve_0,LaneKeeping,-0.2843,3.039,27.7778,0.0,,
4.12,pid_100,lka_test,43.7875,102.0058,27.7778,curve_0,LaneKeeping,-0.1798,-3.3895,27.7778,0.0,,
4.14,pid_100,lka_test,44.1707,102.4081,27.7778,curve_0,LaneKeeping,-0.225,4.676,27.7778,0.0,,
4.16,pid_100,lka_test,44.6066,102.7525,27.7778,curve_0,LaneKeeping,-0.1922,-3.3895,27.7778,0.0,,
4.18,pid_100,lka_test,44.9899,103.1547,27.7778,curve_0,LaneKeeping,-0.2375,4.676,27.7778,0.0,,
4.2,pid_100,lka_test,45.4257,103.4992,27.7778,curve_0,LaneKeeping,-0.2046,-3.3895,27.7778,0.0,,
4.22,pid_100,lka_test,45.809,103.9014,27.7778,curve_0,LaneKeeping,-0.2499,4.676,27.7778,0.0,,
4.24,pid_100,lka_test,46.2448,104.2459,27.7778,curve_0,LaneKeeping,-0.2171,-3.3895,27.7778,0.0,,
4.26,pid_100,lka_test,46.6281,104.6481,27.7778,curve_0,LaneKeeping,-0.2624,4.676,27.7778,0.0,,
4.28,pid_100,lka_test,47.064,104.9925,27.7778,curve_0,LaneKeeping,-0.1858,-1.7524,27.7778,0.0,,
4.3,pid_100,lka_test,47.4472,105.3947,27.7778,curve_0,LaneKeeping,-0.2469,6.313,27.7778,0.0,,
4.32,pid_100,lka_test,47.8831,105.7392,27.7778,curve_0,LaneKeeping,-0.2299,-1.7524,27.7778,0.0,,
4.34,pid_100,lka_test,48.2951,106.1118,27.7778,curve_0,LaneKeeping,-0.2498,2.0526,27.7778,0.0,,
4.36,pid_100,lka_test,48.7403,106.4442,27.7778,curve_0,LaneKeeping,-0.2176,-3.3249,27.7778,0.0,,
4.38,pid_100,lka_test,49.1344,106.8357,27.7778,curve_0,LaneKeeping,-0.2635,4.7406,27.7778,0.0,,
4.4,pid_100,lka_test,49.5796,107.1681,27.7778,curve_0,LaneKeeping,-0.2313,-3.3249,27.7778,0.0,,
4.42,pid_100,lka_test,49.9737,107.5596,27.7778,curve_0,LaneKeeping,-0.2299,6.3776,27.7778,0.0,,
4.44,pid_100,lka_test,50.3678,107.9512,27.7778,curve_0,LaneKeeping,-0.2917,6.3855,27.7778,0.0,,
4.46,pid_100,lka_test,50.8129,108.2837,27.7778,curve_0,LaneKeeping,-0.2754,-1.68,27.7778,0.0,,
4.48,pid_100,lka_test,51.2366,108.6431,27.7778,curve_0,LaneKeeping,-0.2935,1.8727,27.7778,0.0,,
4.5,pid_100,lka_test,51.6897,108.9644,27.7778,curve_0,LaneKeeping,-0.2636,-3.0885,27.7778,0.0,,
4.52,pid_100,lka_test,52.097,109.3423,27.7778,curve_0,LaneKeeping,-0.3064,4.4184,27.7778,0.0,,
4.54,pid_100,lka_test,52.5533,109.6592,27.7778,curve_0,LaneKeeping,-0.2711,-3.647,27.7778,0.0,,
4.56,pid_100,lka_test,52.9606,110.0371,27.7778,curve_0,LaneKeeping,-0.2629,6.0554,27.7778,0.0,,
4.58,pid_100,lka_test,53.3574,110.4259,27.7778,curve_0,LaneKeeping,-0.3366,7.6219,27.7778,0.0,,
4.6,pid_100,lka_test,53.8048,110.7552,27.7778,curve_0,LaneKeeping,-0.3323,-0.4436,27.7778,0.0,,
4.62,pid_100,lka_test,54.2491,111.0888,27.7778,curve_0,LaneKeeping,-0.3333,0.1009,27.7778,0.0,,
4.64,pid_100,lka_test,54.6974,111.4168,27.7778,curve_0,LaneKeeping,-0.3274,-0.602,27.7778,0.0,,
4.66,pid_100,lka_test,55.1405,111.752,27.7778,curve_0,LaneKeeping,-0.3305,0.3129,27.7778,0.0,,
4.68,pid_100,lka_test,55.5904,112.078,27.7778,curve_0,LaneKeeping,-0.322,-0.874,27.7778,0.0,,
4.7,pid_100,lka_test,56.0313,112.416,27.7778,curve_0,LaneKeeping,-0.274,2.3145,27.7778,0.0,,
4.72,pid_100,lka_test,56.4204,112.8125,27.7778,curve_0,LaneKeeping,-0.3741,10.3799,27.7778,0.0,,
4.74,pid_100,lka_test,56.8613,113.1505,27.7778,curve_0,LaneKeeping,-0.3965,2.3145,27.7778,0.0,,
4.76,pid_100,lka_test,57.337,113.4374,27.7778,curve_0,LaneKeeping,-0.3571,-4.0695,27.7778,0.0,,
4.78,pid_100,lka_test,57.7678,113.7882,27.7778,curve_0,LaneKeeping,-0.3958,3.996,27.7778,0.0,,
4.8,pid_100,lka_test,58.2436,114.0751,27.7778,curve_0,LaneKeeping,-0.3564,-4.0695,27.7778,0.0,,
4.82,pid_100,lka_test,58.6744,114.4259,27.7778,curve_0,LaneKeeping,-0.3951,3.996,27.7778,0.0,,
4.84,pid_100,lka_test,59.1501,114.7127,27.7778,curve_0,LaneKeeping,-0.3557,-4.0695,27.7778,0.0,,
4.86,pid_100,lka_test,59.5809,115.0635,27.7778,curve_0,LaneKeeping,-0.3518,5.633,27.7778,0.0,,
4.88,pid_100,lka_test,60.0091,115.4175,27.7778,curve_0,LaneKeeping,-0.4104,6.0561,27.7778,0.0,,
4.9,pid_100,lka_test,60.4827,115.7079,27.7778,curve_0,LaneKeeping,-0.3909,-2.0094,27.7778,0.0,,
4.92,pid_100,lka_test,60.9338,116.0322,27.7778,curve_0,LaneKeeping,-0.4122,2.1965,27.7778,0.0,,
4.94,pid_100,lka_test,61.4166,116.3071,27.7778,curve_0,LaneKeeping,-0.3747,-3.8712,27.7778,0.0,,
4.96,pid_100,lka_test,61.8561,116.6469,27.7778,curve_0,LaneKeeping,-0.4153,4.1943,27.7778,0.0,,
4.98,pid_100,lka_test,62.3389,116.9218,27.7778,curve_0,LaneKeeping,-0.3778,-3.8712,27.7778,0.0,,
5.0,pid_100,lka_test,62.7783,117.2617,27.7778,curve_0,LaneKeeping,-0.3721,5.8313,27.7778,0.0,,
5.02,pid_100,lka_test,63.2128,117.6078,27.7778,curve_0,LaneKeeping,-0.4365,6.6593,27.7778,0.0,,
5.04,pid_100,lka_test,63.6916,117.8896,27.7778,curve_0,LaneKeeping,-0.4229,-1.4061,27.7778,0.0,,
5.06,pid_100,lka_test,64.1568,118.1933,27.7778,curve_0,LaneKeeping,-0.435,1.2538,27.7778,0.0,,
5.08,pid_100,lka_test,64.6401,118.4674,27.7778,curve_0,LaneKeeping,-0.4124,-2.3329,27.7778,0.0,,
5.1,pid_100,lka_test,65.0975,118.7826,27.7778,curve_0,LaneKeeping,-0.4385,2.6903,27.7778,0.0,,
5.12,pid_100,lka_test,65.5928,119.0344,27.7778,curve_0,LaneKeeping,-0.3907,-4.9355,27.7778,0.0,,
5.14,pid_100,lka_test,66.0477,119.3532,27.7778,curve_0,LaneKeeping,-0.371,4.767,27.7778,0.0,,
5.16,pid_100,lka_test,66.4775,119.7053,27.7778,curve_0,LaneKeeping,-0.4586,9.0795,27.7778,0.0,,
5.18,pid_100,lka_test,66.9524,119.9936,27.7778,curve_0,LaneKeeping,-0.4685,1.0141,27.7778,0.0,,
5.2,pid_100,lka_test,67.4419,120.2563,27.7778,curve_0,LaneKeeping,-0.4488,-2.0321,27.7778,0.0,,
5.22,pid_100,lka_test,67.911,120.5539,27.7778,curve_0,LaneKeeping,-0.4695,2.1402,27.7778,0.0,,
5.24,pid_100,lka_test,68.4087,120.8007,27.7778,curve_0,LaneKeeping,-0.432,-3.8673,27.7778,0.0,,
5.26,pid_100,lka_test,68.8669,121.115,27.7778,curve_0,LaneKeeping,-0.4727,4.1982,27.7778,0.0,,
5.28,pid_100,lka_test,69.3646,121.3618,27.7778,curve_0,LaneKeeping,-0.3813,-2.2303,27.7778,0.0,,
5.3,pid_100,lka_test,69.8227,121.6761,27.7778,curve_0,LaneKeeping,-0.4378,5.8352,27.7778,0.0,,
5.32,pid_100,lka_test,70.3204,121.9229,27.7778,curve_0,LaneKeeping,-0.4162,-2.2303,27.7778,0.0,,
5.34,pid_100,lka_test,70.796,122.2101,27.7778,curve_0,LaneKeeping,-0.4405,2.5122,27.7778,0.0,,
5.36,pid_100,lka_test,71.3033,122.4366,27.7778,curve_0,LaneKeeping,-0.3964,-4.5527,27.7778,0.0,,
5.38,pid_100,lka_test,71.7738,122.732,27.7778,curve_0,LaneKeeping,-0.4305,3.5128,27.7778,0.0,,
5.4,pid_100,lka_test,72.2811,122.9585,27.7778,curve_0,LaneKeeping,-0.3864,-4.5527,27.7778,0.0,,
5.42,pid_100,lka_test,72.7516,123.2539,27.7778,curve_0,LaneKeeping,-0.4204,3.5128,27.7778,0.0,,
5.44,pid_100,lka_test,73.2589,123.4804,27.7778,curve_0,LaneKeeping,-0.3344,-2.9157,27.7778,0.0,,
5.46,pid_100,lka_test,73.7294,123.7758,27.7778,curve_0,LaneKeeping,-0.3843,5.1498,27.7778,0.0,,
5.48,pid_100,lka_test,74.2367,124.0023,27.7778,curve_0,LaneKeeping,-0.356,-2.9157,27.7778,0.0,,
5.5,pid_100,lka_test,74.7136,124.2872,27.7778,curve_0,LaneKeeping,-0.3936,3.8729,27.7778,0.0,,
5.52,pid_100,lka_test,75.2258,124.5023,27.7778,curve_0,LaneKeeping,-0.353,-4.1926,27.7778,0.0,,
5.54,pid_100,lka_test,75.7028,124.7872,27.7778,curve_0,LaneKeeping,-0.3905,3.8729,27.7778,0.0,,
5.56,pid_100,lka_test,76.215,125.0023,27.7778,curve_0,LaneKeeping,-0.3499,-4.1926,27.7778,0.0,,
5.58,pid_100,lka_test,76.692,125.2871,27.7778,curve_0,LaneKeeping,-0.3418,5.5099,27.7778,0.0,,
5.6,pid_100,lka_test,77.1617,125.5838,27.7778,curve_0,LaneKeeping,-0.4089,6.938,27.7778,0.0,,
5.62,pid_100,lka_test,77.6684,125.8116,27.7778,curve_0,LaneKeeping,-0.398,-1.1275,27.7778,0.0,,
5.64,pid_100,lka_test,78.1667,126.0573,27.7778,curve_0,LaneKeeping,-0.4068,0.9069,27.7778,0.0,,
5.66,pid_100,lka_test,78.676,126.2793,27.7778,curve_0,LaneKeeping,-0.3894,-1.7873,27.7778,0.0,,
5.68,pid_100,lka_test,79.1701,126.5332,27.7778,curve_0,LaneKeeping,-0.4074,1.8572,27.7778,0.0,,
5.7,pid_100,lka_test,79.6849,126.7421,27.7778,curve_0,LaneKeeping,-0.3759,-3.2526,27.7778,0.0,,
5.72,pid_100,lka_test,80.1665,127.019,27.7778,curve_0,LaneKeeping,-0.3708,6.1982,27.7778,0.0,,
5.74,pid_100,lka_test,80.6448,127.3016,27.7778,curve_0,LaneKeeping,-0.4374,6.8807,27.7778,0.0,,
5.76,pid_100,lka_test,81.158,127.5144,27.7778,curve_0,LaneKeeping,-0.4259,-1.1848,27.7778,0.0,,
5.78,pid_100,lka_test,81.6629,127.746,27.7778,curve_0,LaneKeeping,-0.435,0.9439,27.7778,0.0,,
5.8,pid_100,lka_test,82.1787,127.9525,27.7778,curve_0,LaneKeeping,-0.4168,-1.8817,27.7778,0.0,,
5.82,pid_100,lka_test,82.6795,128.1931,27.7778,curve_0,LaneKeeping,-0.4358,1.9576,27.7778,0.0,,
5.84,pid_100,lka_test,83.2008,128.3851,27.7778,curve_0,LaneKeeping,-0.4021,-3.4756,27.7778,0.0,,
5.86,pid_100,lka_test,83.69,128.6484,27.7778,curve_0,LaneKeeping,-0.3935,6.2269,27.7778,0.0,,
5.88,pid_100,lka_test,84.1723,128.9242,27.7778,curve_0,LaneKeeping,-0.4679,7.6962,27.7778,0.0,,
5.9,pid_100,lka_test,84.6885,129.1296,27.7778,curve_0,LaneKeeping,-0.4643,-0.3692,27.7778,0.0,,
5.92,pid_100,lka_test,85.204,129.3366,27.7778,curve_0,LaneKeeping,-0.4626,-0.182,27.7778,0.0,,
5.94,pid_100,lka_test,85.7204,129.5415,27.7778,curve_0,LaneKeeping,-0.4585,-0.4204,27.7778,0.0,,
5.96,pid_100,lka_test,86.2357,129.7492,27.7778,curve_0,LaneKeeping,-0.4574,-0.1078,27.7778,0.0,,
5.98,pid_100,lka_test,86.7524,129.9533,27.7778,curve_0,LaneKeeping,-0.4525,-0.5086,27.7778,0.0,,
6.0,pid_100,lka_test,87.2672,130.1621,27.7778,curve_0,LaneKeeping,-0.396,1.6514,27.7778,0.0,,
6.02,pid_100,lka_test,87.7476,130.4411,27.7778,curve_0,LaneKeeping,-0.4897,9.7168,27.7778,0.0,,
6.04,pid_100,lka_test,88.2624,130.6499,27.7778,curve_0,LaneKeeping,-0.5058,1.6514,27.7778,0.0,,
6.06,pid_100,lka_test,88.7927,130.8157,27.7778,curve_0,LaneKeeping,-0.476,-3.0695,27.7778,0.0,,
6.08,pid_100,lka_test,89.2987,131.0451,27.7778,curve_0,LaneKeeping,-0.5144,3.963,27.7778,0.0,,
6.1,pid_100,lka_test,89.8318,131.2012,27.7778,curve_0,LaneKeeping,-0.4747,-4.1025,27.7778,0.0,,
6.12,pid_100,lka_test,90.3378,131.4307,27.7778,curve_0,LaneKeeping,-0.513,3.963,27.7778,0.0,,
6.14,pid_100,lka_test,90.871,131.5868,27.7778,curve_0,LaneKeeping,-0.4733,-4.1025,27.7778,0.0,,
6.16,pid_100,lka_test,91.3769,131.8162,27.7778,curve_0,LaneKeeping,-0.4669,5.6,27.7778,0.0,,
6.18,pid_100,lka_test,91.8794,132.0531,27.7778,curve_0,LaneKeeping,-0.5293,6.451,27.7778,0.0,,
6.2,pid_100,lka_test,92.4102,132.2172,27.7778,curve_0,LaneKeeping,-0.5137,-1.6145,27.7778,0.0,,
6.22,pid_100,lka_test,92.9316,132.409,27.7778,curve_0,LaneKeeping,-0.5274,1.4135,27.7778,0.0,,
6.24,pid_100,lka_test,93.4655,132.5628,27.7778,curve_0,LaneKeeping,-0.501,-2.7219,27.7778,0.0,,
6.26,pid_100,lka_test,93.9805,132.7711,27.7778,curve_0,LaneKeeping,-0.5323,3.23,27.7778,0.0,,
6.28,pid_100,lka_test,94.5196,132.905,27.7778,curve_0,LaneKeeping,-0.4855,-4.8354,27.7778,0.0,,
6.3,pid_100,lka_test,95.0347,133.1133,27.7778,curve_0,LaneKeeping,-0.4682,4.8671,27.7778,0.0,,
6.32,pid_100,lka_test,95.536,133.3528,27.7778,curve_0,LaneKeeping,-0.5492,8.3842,27.7778,0.0,,
6.34,pid_100,lka_test,96.0659,133.5196,27.7778,curve_0,LaneKeeping,-0.5523,0.3188,27.7778,0.0,,
6.36,pid_100,lka_test,96.6,133.6723,27.7778,curve_0,LaneKeeping,-0.5406,-1.1996,27.7778,0.0,,
6.38,pid_100,lka_test,97.1286,133.8435,27.7778,curve_0,LaneKeeping,-0.5483,0.7967,27.7778,0.0,,
6.4,pid_100,lka_test,97.6644,133.9902,27.7778,curve_0,LaneKeeping,-0.5305,-1.8433,27.7778,0.0,,
6.42,pid_100,lka_test,98.1901,134.1699,27.7778,curve_0,LaneKeeping,-0.5472,1.7229,27.7778,0.0,,
6.44,pid_100,lka_test,98.7294,134.3033,27.7778,curve_0,LaneKeeping,-0.4632,-1.6207,27.7778,0.0,,
6.46,pid_100,lka_test,99.2446,134.5111,27.7778,curve_0,LaneKeeping,-0.5256,6.4448,27.7778,0.0,,
6.48,pid_100,lka_test,99.7839,134.6445,27.7778,curve_0,LaneKeeping,-0.5099,-1.6207,27.7778,0.0,,
6.5,pid_100,lka_test,100.3154,134.8064,27.7778,curve_0,LaneKeeping,-0.5237,1.4281,27.7778,0.0,,
6.52,pid_100,lka_test,100.8572,134.9293,27.7778,curve_0,LaneKeeping,-0.4972,-2.7391,27.7778,0.0,,
6.54,pid_100,lka_test,101.3831,135.1082,27.7778,curve_0,LaneKeeping,-0.5288,3.269,27.7778,0.0,,
6.56,pid_100,lka_test,101.929,135.2115,27.7778,curve_0,LaneKeeping,-0.4824,-4.7965,27.7778,0.0,,
6.58,pid_100,lka_test,102.455,135.3904,27.7778,curve_0,LaneKeeping,-0.4579,4.906,27.7778,0.0,,
6.6,pid_100,lka_test,102.9614,135.6187,27.7778,curve_0,LaneKeeping,-0.5581,10.3915,27.7778,0.0,,
6.62,pid_100,lka_test,103.4949,135.7738,27.7778,curve_0,LaneKeeping,-0.5806,2.3261,27.7778,0.0,,
6.64,pid_100,lka_test,104.0429,135.8649,27.7778,curve_0,LaneKeeping,-0.5377,-4.434,27.7778,0.0,,
6.66,pid_100,lka_test,104.5727,136.0321,27.7778,curve_0,LaneKeeping,-0.5729,3.6315,27.7778,0.0,,
6.68,pid_100,lka_test,105.1208,136.1233,27.7778,curve_0,LaneKeeping,-0.5299,-4.434,27.7778,0.0,,
6.7,pid_100,lka_test,105.6506,136.2904,27.7778,curve_0,LaneKeeping,-0.5651,3.6315,27.7778,0.0,,
6.72,pid_100,lka_test,106.1986,136.3816,27.7778,curve_0,LaneKeeping,-0.5221,-4.434,27.7778,0.0,,
6.74,pid_100,lka_test,106.7284,136.5487,27.7778,curve_0,LaneKeeping,-0.5129,5.2685,27.7778,0.0,,
